EmpID,FirstName,LastName,Department,JobRole,HireDate,TerminationDate,Salary,Gender,JobSatisfaction,Attrition
10001,Charlie,Brown,Sales,Developer,08/17/2022,,69637,F,2,No
10002,Alice,Johnson, saLes ,Developer,2020-09-07,,,Male,2,No
10003,Diana,Doe, HR,Salesperson,2019-09-09,,120035,Female,3,No
10004,Jane,Miller,R&D,Salesperson,2022-02-15,,,Female,1,No
10005,Charlie,Davis,R&D,Manager,2015-06-12,,110844,F,3,No
10006,Alice,Miller, saLes ,Developer,2019-06-16,,134160,F,4,No
10007,Alice,Johnson,HR,Salesperson,2017-10-14,,98876,Female,4,No
10008,Frank,Brown, saLes ,Manager,2020-01-30,,112692,Male,2,No
10009,Jane,Davis, HR,HR Rep,2020-12-02,,95767,Male,4,No
10010,Alice,Smith, saLes ,Salesperson,2022-11-08,,65477,M,2,No
10011,Jane,Doe,HR,Director,2022-04-21,,79789,Female,2,No
10012,Charlie,Johnson,R&D,Salesperson,2018-05-20,2021-05-23,65232,Female,1,Yes
10013,Frank,Wilson, HR,HR Rep,2017-05-28,,107084,Female,4,No
10014,John,Brown,R&D,Analyst,2021-07-11,2023-01-10,90074,F,4,Yes
10015,Charlie,Davis,R&D,Director,2017-08-28,,60228,M,2,No
10016,Jane,Miller,R&D,Manager,2018-12-12,,51229,M,4,No
10017,Frank,Miller, saLes ,Developer,2020-05-10,,76855,Male,4,No
10018,Charlie,Johnson, HR,Developer,2016-03-01,,130281,Female,3,No
10019,Jane,Miller,R&D,Director,2016-10-18,2020-11-17,91595,Female,4,Yes
10020,Alice,Smith,HR,Developer,2023-03-03,,56780,M,1,No
10021,Charlie,Doe, saLes ,Manager,2016-02-24,2018-04-02,130958,M,1,Yes
10022,Jane,Brown, HR,Salesperson,2015-02-03,2018-03-06,90161,Male,4,Yes
10023,Jane,Smith,Sales,HR Rep,2020-05-04,,63419,F,1,No
10024,Jane,Doe,R&D,HR Rep,2018-04-13,,59096,M,3,No
10025,Bob,Doe,Sales,Director,2022-05-12,,139792,Male,3,No
10026,John,Doe,R&D,Developer,2017-03-24,,86444,Male,4,No
10027,John,Johnson,Sales,Director,2020-05-02,,80775,Male,2,No
10028,Jane,Doe,HR,Manager,2018-03-28,,54884,Male,3,No
10029,John,Johnson,HR,HR Rep,2015-01-29,,78762,Female,4,No
10030,Frank,Johnson,R&D,Director,2022-06-02,,146307,Male,1,No
10031,John,Doe,R&D,HR Rep,2017-12-30,,91186,M,4,No
10032,Frank,Miller,R&D,Manager,2017-04-26,,66785,Female,1,No
10033,Bob,Wilson,Sales,Salesperson,2019-05-06,,113682,M,4,No
10034,Jane,Doe,HR,Director,2017-08-19,,93072,Male,4,No
10035,Diana,Wilson, saLes ,HR Rep,2019-06-07,,135419,Male,2,No
10036,Alice,Wilson,R&D,Manager,2018-12-29,,74152,Male,4,yes
10037,Eve,Brown,Sales,Director,2019-02-02,,126744,Female,1,No
10038,John,Miller,HR,Developer,2020-04-21,,69368,F,3,No
10039,Diana,Smith,R&D,Developer,2018-02-24,,90549,Male,4,No
10040,Eve,Davis,R&D,Analyst,2020-06-12,,129840,Female,1,No
10041,Frank,Johnson, saLes ,HR Rep,2016-05-22,,78787,Female,1,No
10042,Charlie,Wilson,R&D,Analyst,2018-05-01,,108033,Male,2,No
10043,John,Davis,HR,Manager,01/19/2019,,139736,F,2,No
10044,Frank,Wilson,Sales,Salesperson,2022-10-18,2025-12-09,119602,M,2,Yes
10045,Alice,Brown,HR,Salesperson,2022-06-06,,101331,M,3,yes
10046,Frank,Johnson, HR,Salesperson,2020-10-20,,51983,M,2,No
10047,John,Wilson,Sales,Director,01/04/2022,,119594,M,3,No
10048,Eve,Wilson,HR,Developer,2016-08-13,,139778,Male,3,No
10049,Eve,Johnson, HR,Director,2021-08-29,,,F,3,No
10050,Bob,Doe,HR,Salesperson,2018-02-08,,132202,M,4,No
10051,Diana,Brown, saLes ,Salesperson,2018-06-17,,46138,F,1,No
10052,Eve,Wilson, HR,Analyst,2015-01-30,,119636,M,4,No
10053,Charlie,Doe,HR,Salesperson,2016-08-11,,61492,M,2,No
10054,Frank,Brown, HR,Developer,2021-04-03,2024-02-10,51638,M,3,Yes
10055,Charlie,Miller,Sales,Salesperson,2020-10-24,2023-06-12,,F,3,Yes
10056,Eve,Smith,Sales,Director,2018-04-12,2021-04-25,112960,M,4,Yes
10057,Alice,Doe,Sales,Salesperson,2019-10-15,,95758,Female,3,No
10058,Eve,Wilson,R&D,HR Rep,2020-06-28,,89729,Male,2,No
10059,Alice,Brown,Sales,Manager,2017-07-27,,47498,M,4,No
10060,Diana,Smith, saLes ,Manager,2021-01-24,,41154,F,4,No
10061,Bob,Davis,R&D,Salesperson,2023-01-30,,56350,Female,2,No
10062,Bob,Miller,Sales,Manager,2017-09-14,,73260,M,1,No
10063,Eve,Doe, HR,Manager,2023-01-07,,111271,M,3,No
10064,Eve,Doe, HR,Salesperson,2017-11-09,,,Male,3,No
10065,Frank,Davis,Sales,Manager,2015-02-11,,102066,Female,4,No
10066,Alice,Smith,R&D,Manager,2017-03-10,2018-04-20,87129,F,2,Yes
10067,Alice,Smith, HR,Analyst,2020-01-26,2020-05-11,76335,F,2,Yes
10068,Charlie,Smith,R&D,Salesperson,2021-11-27,2024-10-10,106153,Female,4,Yes
10069,Alice,Johnson,HR,Director,04/04/2021,,82031,F,1,No
10070,Eve,Wilson, saLes ,Analyst,2020-05-09,,43848,M,2,No
10071,Charlie,Davis, saLes ,Manager,2016-05-06,,149303,M,1,No
10072,Alice,Miller,R&D,Salesperson,2019-06-15,,88821,F,3,No
10073,Diana,Johnson,R&D,Manager,2018-10-14,,68074,Female,2,No
10074,Diana,Davis,R&D,Manager,2018-03-02,,141092,Female,1,No
10075,Eve,Davis, HR,Analyst,05/13/2020,,128574,Female,2,No
10076,Jane,Wilson,R&D,Developer,2022-02-07,,102546,F,4,yes
10077,Jane,Johnson,Sales,Developer,2022-07-18,2023-07-17,64461,F,3,Yes
10078,Jane,Smith,R&D,Salesperson,06/24/2018,,56928,M,3,No
10079,Frank,Brown,R&D,Director,2021-01-26,2024-12-28,60650,Female,3,Yes
10080,Frank,Miller,Sales,Analyst,2015-04-01,,54437,Male,2,No
10081,Alice,Miller,R&D,Manager,2019-01-23,,51160,M,3,No
10082,Frank,Miller, HR,Developer,2016-04-29,2019-08-22,94347,Male,2,Yes
10083,John,Smith,R&D,Director,2021-09-29,2023-06-02,50875,Male,1,Yes
10084,Jane,Smith,HR,Developer,2018-06-07,,50046,Female,1,No
10085,John,Johnson, saLes ,Developer,2019-01-09,,,Male,1,No
10086,Diana,Smith,R&D,HR Rep,2019-04-04,,103540,F,2,yes
10087,Diana,Doe,R&D,HR Rep,2020-09-24,,82581,Male,1,No
10088,Alice,Brown,Sales,Director,2020-08-02,,110566,Female,3,No
10089,Bob,Johnson, saLes ,Director,2020-08-15,,118297,M,3,yes
10090,Alice,Johnson,HR,Director,2016-06-30,,81013,F,2,No
10091,Bob,Davis,Sales,Salesperson,2015-05-08,,,F,2,No
10092,Eve,Miller, HR,HR Rep,2021-06-15,2024-02-22,84494,Male,1,Yes
10093,Charlie,Miller, saLes ,Analyst,2015-02-09,,82502,Female,1,No
10094,Diana,Miller, saLes ,Salesperson,2023-01-17,2024-01-12,92003,M,2,Yes
10095,Frank,Brown,HR,Salesperson,2015-07-06,,80672,Female,4,No
10096,Charlie,Smith,Sales,Director,2021-11-20,,82542,M,3,No
10097,Jane,Johnson, saLes ,HR Rep,2019-04-09,,106010,Male,2,No
10098,John,Johnson,Sales,Manager,2017-06-06,2021-03-23,95963,Male,2,Yes
10099,John,Wilson,R&D,Director,2022-02-03,,61914,M,4,No
10100,Jane,Wilson, saLes ,Manager,2020-07-30,,62700,Female,2,No
10101,Alice,Davis,R&D,Director,2019-02-25,,82114,Female,1,No
10102,Diana,Davis, saLes ,HR Rep,2015-02-05,,149005,F,4,No
10103,Eve,Doe,HR,Director,2017-01-21,,112958,Female,3,No
10104,Bob,Brown,HR,Director,2017-09-11,2019-07-01,80694,Female,3,Yes
10105,Eve,Miller,R&D,Manager,2021-02-03,2021-10-15,53904,Female,1,Yes
10106,Jane,Davis,R&D,HR Rep,2021-02-03,,,F,3,No
10107,Diana,Miller,R&D,Salesperson,2020-09-04,,128363,M,4,No
10108,Jane,Johnson,R&D,Salesperson,2017-12-03,2018-10-12,71807,Male,4,Yes
10109,Jane,Smith,R&D,Salesperson,2020-11-29,,93068,F,2,No
10110,Jane,Davis,HR,Developer,2020-08-24,,130534,Female,3,No
10111,Bob,Davis,Sales,Manager,2020-04-23,,44829,Male,2,No
10112,Diana,Smith, saLes ,Manager,2022-02-08,,115570,M,1,No
10113,John,Smith, saLes ,Developer,2020-03-05,,61324,Female,1,No
10114,Bob,Johnson, saLes ,Manager,2019-10-18,,112338,F,3,No
10115,Alice,Davis,Sales,Developer,2015-06-10,,111527,Female,4,No
10116,Bob,Johnson,Sales,HR Rep,2017-12-22,,127899,Female,3,No
10117,John,Smith, HR,Developer,2018-03-31,,87477,Male,4,No
10118,John,Smith,R&D,Director,2015-12-10,,54999,Female,3,No
10119,Bob,Brown,R&D,Analyst,01/30/2015,,75325,M,1,No
10120,Diana,Davis, HR,Manager,2016-07-24,,103173,F,3,No
10121,Charlie,Doe,Sales,HR Rep,2020-03-28,,90673,M,4,No
10122,Jane,Doe, HR,Manager,2016-10-20,,145966,F,2,No
10123,Jane,Brown,HR,HR Rep,2016-03-02,,82449,M,4,No
10124,Alice,Davis,HR,Salesperson,2016-12-06,,87231,F,4,No
10125,Diana,Davis,R&D,Analyst,2021-02-16,,86290,M,3,No
10126,John,Smith, HR,Manager,2017-10-15,,116542,Female,3,No
10127,Charlie,Smith,R&D,Salesperson,2021-08-07,,42901,F,1,yes
10128,John,Davis, saLes ,Analyst,2023-01-31,,41504,Female,3,No
10129,Charlie,Miller, HR,Manager,2017-04-01,2020-10-23,105448,F,3,Yes
10130,Frank,Miller, HR,Analyst,2015-05-18,2018-02-07,97117,M,1,Yes
10131,Frank,Brown, HR,HR Rep,2018-01-19,,72497,Male,1,No
10132,John,Wilson,R&D,HR Rep,2022-09-04,,41129,Male,1,No
10133,Diana,Johnson,R&D,Developer,2017-02-07,,111859,F,3,No
10134,Alice,Doe,Sales,Salesperson,2019-11-05,,128608,Male,3,No
10135,Diana,Doe,R&D,Director,2017-07-20,,68597,F,1,No
10136,Charlie,Johnson, saLes ,Analyst,2018-05-30,,,Female,2,No
10137,John,Doe, HR,Salesperson,2016-07-19,,111017,M,3,No
10138,Eve,Miller,HR,Salesperson,02/14/2023,,84781,F,1,No
10139,Alice,Brown,R&D,Director,2020-06-21,,69693,Female,4,No
10140,Alice,Johnson, saLes ,Salesperson,2017-06-17,,143004,Female,2,No
10141,Bob,Johnson, saLes ,Director,2020-06-11,,92483,M,2,No
10142,Bob,Wilson,R&D,Analyst,2022-12-07,,135054,F,2,No
10143,Eve,Wilson, saLes ,Manager,04/23/2017,,120790,Female,2,yes
10144,Diana,Johnson,Sales,Developer,08/08/2015,,76296,Male,1,No
10145,Jane,Brown,R&D,Director,2019-12-17,2020-07-19,95820,Male,3,Yes
10146,Diana,Doe,HR,Analyst,2019-07-18,,149217,F,3,No
10147,Bob,Wilson,HR,Analyst,12/08/2021,,94056,Male,4,No
10148,Eve,Smith, saLes ,Salesperson,2017-04-30,,139808,F,2,No
10149,Frank,Davis,Sales,Salesperson,2020-08-18,,138929,Male,4,No
10150,Bob,Smith, HR,Salesperson,2021-04-24,2023-10-21,122222,F,4,Yes
10151,Alice,Miller,R&D,Developer,2019-07-12,,57122,Female,3,No
10152,Diana,Miller,R&D,Analyst,2017-07-10,,114239,Female,3,No
10153,John,Johnson,R&D,Salesperson,2015-04-23,,125034,M,4,No
10154,Diana,Brown,HR,Manager,2019-07-18,2020-10-17,45803,M,1,Yes
10155,Alice,Smith,HR,Director,2015-02-02,2018-11-29,85838,M,2,Yes
10156,Frank,Davis,R&D,Salesperson,2015-01-13,,91666,Female,1,No
10157,Charlie,Wilson,R&D,Manager,2021-05-27,,137186,M,3,No
10158,John,Brown,R&D,HR Rep,2019-02-28,,130446,Male,1,No
10159,Eve,Miller, HR,HR Rep,2017-06-18,,112022,Male,4,No
10160,Frank,Wilson,R&D,Developer,2020-07-13,,102191,F,2,No
10161,Diana,Smith,R&D,Manager,2018-08-30,,120730,Female,2,No
10162,John,Johnson, saLes ,Developer,2019-08-16,,86518,F,4,No
10163,Charlie,Smith,R&D,Developer,2018-09-13,2019-03-11,85346,M,1,Yes
10164,Bob,Wilson,HR,HR Rep,2019-02-09,,109931,M,3,No
10165,Bob,Miller,HR,Manager,2017-01-16,,55591,F,2,No
10166,Charlie,Wilson,HR,Manager,2016-09-20,,93973,F,2,No
10167,Eve,Miller,Sales,Salesperson,2021-11-19,,129438,M,1,No
10168,Jane,Johnson,HR,Manager,2015-09-04,,125175,M,1,No
10169,Jane,Smith, saLes ,Director,2015-04-23,,75995,Female,1,No
10170,John,Miller, saLes ,HR Rep,2017-07-11,,90715,Male,4,No
10171,John,Miller, saLes ,Director,2018-12-30,,71387,Male,2,No
10172,Jane,Johnson,HR,HR Rep,2016-09-07,,44172,F,4,No
10173,Jane,Davis, HR,Manager,09/23/2017,2021-01-17,134944,Female,3,Yes
10174,Bob,Wilson,R&D,Manager,2018-05-02,,88318,M,4,yes
10175,John,Johnson,R&D,HR Rep,2022-08-07,,80379,F,2,No
10176,Eve,Smith,R&D,HR Rep,2019-07-22,2021-07-02,106355,Male,1,Yes
10177,Jane,Johnson, HR,Developer,2016-05-18,,76860,Female,2,No
10178,Charlie,Doe,R&D,Manager,2018-10-09,,143859,M,3,No
10179,John,Johnson,R&D,Developer,2022-07-21,,,Male,3,No
10180,Frank,Davis,HR,Developer,2020-09-12,,58716,Female,3,No
10181,Bob,Brown,R&D,Manager,2022-06-22,,,M,1,No
10182,John,Miller, HR,Director,2020-07-10,,102897,Female,1,No
10183,Charlie,Davis,Sales,HR Rep,2016-12-17,,40035,M,4,No
10184,Frank,Wilson,HR,Manager,2020-09-27,,116664,F,1,No
10185,Jane,Davis,HR,HR Rep,2020-11-03,,135555,M,3,No
10186,Charlie,Johnson,R&D,HR Rep,2015-10-08,,148197,F,1,No
10187,Jane,Smith, HR,Director,2016-08-04,,83696,M,2,No
10188,Charlie,Davis, saLes ,Director,2020-08-08,,55588,Female,3,No
10189,Bob,Brown,R&D,Analyst,2022-12-25,,54800,Male,2,No
10190,John,Davis,Sales,Manager,2015-02-10,,84265,F,1,No
10191,Alice,Johnson,R&D,HR Rep,2022-03-02,,75182,Male,3,No
10192,Charlie,Wilson,Sales,Developer,2020-05-25,,93316,F,4,No
10193,Frank,Doe, HR,Director,2015-08-27,,100253,M,1,No
10194,Alice,Miller, HR,Analyst,2020-08-04,2022-08-08,109006,F,4,Yes
10195,Bob,Smith,HR,Manager,2019-05-28,,57377,Female,4,No
10196,Jane,Smith, HR,HR Rep,2021-07-06,,,Female,1,No
10197,Frank,Miller,HR,Developer,12/30/2020,,85715,Male,2,No
10198,Jane,Smith, HR,Analyst,2023-02-12,,50569,Male,3,No
10199,Frank,Wilson,R&D,Analyst,10/23/2018,,44521,Female,1,No
10200,Diana,Wilson,HR,HR Rep,2019-07-02,,49211,F,3,No
10201,Eve,Davis,R&D,Analyst,2023-01-03,,51826,F,1,No
10202,Diana,Brown,R&D,Manager,2017-03-15,,139683,F,3,No
10203,Diana,Doe,Sales,Manager,2018-08-23,,51046,M,3,No
10204,Alice,Doe, saLes ,Director,2020-09-11,2021-03-28,62560,M,2,Yes
10205,Bob,Davis, HR,Manager,2022-07-01,,110717,Female,3,yes
10206,Alice,Brown,Sales,Developer,2015-02-19,,149109,F,3,No
10207,Charlie,Miller, saLes ,HR Rep,2016-05-08,,88408,Male,1,No
10208,Frank,Johnson, HR,Salesperson,12/04/2019,,138851,F,1,No
10209,Bob,Brown, HR,Manager,2020-07-25,,78887,M,3,No
10210,John,Miller, HR,Developer,2015-06-04,,84391,Male,2,No
10211,John,Wilson,Sales,Salesperson,2020-06-21,,46434,Male,2,No
10212,Charlie,Davis, saLes ,Analyst,2017-08-16,,89828,F,3,No
10213,John,Brown, saLes ,Salesperson,2022-04-16,,55931,M,1,No
10214,Alice,Miller, saLes ,Director,2016-04-29,,,Female,3,No
10215,Eve,Wilson,Sales,Director,2020-10-04,,41971,Male,3,No
10216,Bob,Brown,Sales,Analyst,2016-02-04,,86052,Female,1,No
10217,Eve,Davis, HR,Director,2020-09-03,,83330,Female,4,No
10218,John,Brown, HR,Manager,2018-03-09,2020-01-02,75884,M,4,Yes
10219,Charlie,Miller,Sales,Director,2022-10-25,2024-05-06,132338,M,1,Yes
10220,Bob,Wilson,R&D,Director,2020-01-31,,71714,F,3,No
10221,Bob,Doe, saLes ,Salesperson,12/11/2015,,132475,Male,3,No
10222,Eve,Johnson,HR,Director,05/17/2019,,54454,M,4,No
10223,John,Johnson,R&D,Manager,2022-03-07,,56122,Male,1,No
10224,Alice,Johnson, HR,Developer,2020-09-01,,145222,Male,1,No
10225,Frank,Miller,Sales,Developer,2019-03-29,,40769,Female,3,No
10226,Diana,Smith, HR,Director,2017-04-30,,126457,Female,3,No
10227,Jane,Johnson,HR,Manager,2017-12-05,,,Male,1,No
10228,John,Wilson, saLes ,Salesperson,2015-06-28,,104299,Male,3,No
10229,Frank,Miller,R&D,Salesperson,2016-08-29,,125283,F,4,No
10230,Charlie,Doe,HR,Manager,2022-06-11,,61504,Female,4,No
10231,Jane,Brown,Sales,Salesperson,2015-09-03,,96154,Female,1,No
10232,John,Brown, saLes ,Analyst,10/08/2017,,147949,Female,4,No
10233,Jane,Doe,R&D,Salesperson,2017-04-22,,110985,M,2,No
10234,Diana,Davis,R&D,HR Rep,2016-03-15,2016-07-13,140717,Male,4,Yes
10235,John,Brown, HR,Salesperson,10/14/2018,,89543,M,1,No
10236,Frank,Johnson,Sales,Analyst,2016-07-15,,78569,F,4,No
10237,Alice,Smith,Sales,Analyst,08/04/2016,,134924,F,3,No
10238,John,Davis,HR,Analyst,2016-10-12,2017-11-14,136768,M,3,Yes
10239,Eve,Johnson,R&D,HR Rep,2020-03-08,,79949,M,2,No
10240,Jane,Davis,R&D,Developer,2020-10-14,,114123,Male,1,No
10241,Frank,Brown,HR,Manager,2022-03-12,,117971,M,1,No
10242,Bob,Johnson,HR,Salesperson,04/27/2018,,102286,Female,2,No
10243,Bob,Wilson, saLes ,Analyst,2019-06-04,,,Male,4,No
10244,Frank,Smith,Sales,Manager,2020-11-01,,96807,F,4,No
10245,Jane,Brown,R&D,Analyst,07/17/2022,2025-06-09,123148,F,3,Yes
10246,Frank,Davis,R&D,Analyst,2018-09-14,,88321,M,2,No
10247,Bob,Brown, saLes ,Developer,2015-09-19,2018-08-21,111008,F,3,Yes
10248,Diana,Johnson,Sales,Manager,2018-01-03,,135976,Male,4,No
10249,Alice,Smith,R&D,Developer,2022-11-25,,132317,Male,2,No
10250,Diana,Doe,HR,Director,2023-03-06,,79322,M,4,No
10251,Charlie,Brown,R&D,HR Rep,2019-01-02,2021-03-18,58578,F,3,Yes
10252,Eve,Davis,R&D,HR Rep,2015-08-25,,123703,M,4,No
10253,Charlie,Miller,HR,Manager,2017-06-13,,136109,F,4,No
10254,Jane,Smith,R&D,HR Rep,2020-10-24,,95460,F,3,No
10255,Charlie,Doe, saLes ,Manager,2016-07-02,,148296,M,2,No
10256,Jane,Johnson, HR,Developer,2016-07-19,,67943,Male,3,No
10257,John,Brown,R&D,Developer,08/21/2016,,53077,M,3,No
10258,Alice,Johnson,R&D,Manager,2022-04-17,,,F,3,No
10259,Charlie,Johnson, saLes ,HR Rep,2021-06-15,2025-07-08,99796,F,1,Yes
10260,Charlie,Brown,HR,Director,2021-08-06,,75691,Male,3,No
10261,Alice,Johnson,R&D,HR Rep,2022-02-15,,121627,M,1,No
10262,Eve,Johnson, saLes ,Director,2018-05-05,,42786,F,2,yes
10263,Charlie,Smith, saLes ,Director,2018-09-17,,110606,Male,3,No
10264,Bob,Smith, HR,Analyst,2021-12-07,,56803,Male,1,No
10265,Eve,Brown,Sales,Developer,12/18/2021,,68908,F,1,No
10266,Jane,Miller,R&D,Developer,2019-10-20,,123273,Female,2,No
10267,Jane,Miller,R&D,Salesperson,2020-11-20,,92832,M,1,No
10268,Charlie,Smith,R&D,HR Rep,2016-05-13,,122691,M,1,No
10269,Bob,Davis,HR,Salesperson,03/04/2019,,91166,Female,1,No
10270,John,Smith,R&D,Salesperson,2017-10-18,2020-03-14,87180,M,2,Yes
10271,Eve,Smith, HR,Manager,2019-10-28,,137649,Female,4,yes
10272,John,Johnson, saLes ,HR Rep,2022-06-29,,100659,M,2,No
10273,Diana,Brown,HR,Salesperson,2016-02-23,,137693,F,3,No
10274,Jane,Johnson,R&D,Analyst,2022-06-12,,81314,Male,3,No
10275,Jane,Davis, HR,Salesperson,2016-06-23,,87309,Male,2,No
10276,Bob,Johnson,R&D,HR Rep,2019-05-30,2021-08-11,117117,F,2,Yes
10277,Frank,Davis,R&D,Developer,2022-04-06,,149342,M,1,No
10278,Frank,Wilson,R&D,Manager,12/01/2022,,125794,Female,4,No
10279,Charlie,Smith,R&D,Salesperson,2016-03-30,,,Male,2,No
10280,John,Wilson,Sales,Salesperson,2022-10-16,,137951,Female,4,No
10281,Jane,Johnson,R&D,Analyst,2015-03-20,,73396,F,3,No
10282,Jane,Brown,R&D,Director,2015-11-25,,47687,Female,1,No
10283,Diana,Smith,R&D,Manager,2021-03-08,,140318,F,2,No
10284,John,Davis,R&D,Analyst,2018-03-17,,65990,Male,2,No
10285,John,Doe, saLes ,Analyst,2017-02-11,,126321,M,3,No
10286,Charlie,Brown,R&D,Director,2017-03-06,2020-07-10,136612,Female,3,Yes
10287,Frank,Smith,HR,Manager,2022-01-06,2024-08-25,,M,2,Yes
10288,Jane,Brown, HR,Manager,2019-06-11,,,Female,1,No
10289,Frank,Brown, saLes ,Manager,2021-10-03,,145318,M,3,No
10290,Jane,Davis,R&D,Salesperson,2019-10-07,,114395,F,3,No
10291,Bob,Wilson,R&D,Salesperson,2019-04-11,2022-06-09,67377,M,3,Yes
10292,Eve,Johnson,Sales,Developer,2020-10-20,,60038,M,4,No
10293,Bob,Davis,Sales,Manager,2021-09-04,,85953,Female,3,No
10294,Frank,Smith,HR,Developer,2021-12-15,2022-04-17,76331,Male,2,Yes
10295,Alice,Smith,HR,Director,2023-03-09,,73831,Male,3,No
10296,Bob,Wilson, saLes ,Analyst,2021-03-20,,121636,F,2,No
10297,Bob,Brown,R&D,HR Rep,2020-01-09,,107942,F,1,No
10298,Eve,Wilson,R&D,Developer,2021-06-03,2024-06-22,62318,M,2,Yes
10299,Alice,Smith,HR,HR Rep,2019-11-26,,92680,M,3,No
10300,Alice,Smith,R&D,Manager,2021-10-19,,93485,F,4,No
10301,Frank,Doe,R&D,Analyst,2021-02-22,,44604,M,3,No
10302,Frank,Miller,Sales,Manager,2018-02-12,,127326,Male,2,No
10303,Diana,Miller,R&D,Salesperson,2020-11-21,,102011,F,4,No
10304,Eve,Davis, HR,Salesperson,2022-10-11,,126089,Male,1,No
10305,Alice,Davis,R&D,Analyst,2016-10-21,,107222,Female,3,No
10306,Alice,Miller, HR,Director,07/28/2019,,130641,Male,2,No
10307,Eve,Brown,R&D,Analyst,2022-08-08,,75464,M,2,No
10308,Eve,Miller,R&D,Salesperson,2016-08-04,2018-03-09,104715,M,2,Yes
10309,Alice,Miller,R&D,Analyst,2017-06-11,,55600,M,4,No
10310,Alice,Davis, saLes ,Manager,2019-04-21,,65505,M,2,No
10311,Eve,Wilson,HR,Analyst,2016-07-11,,109792,Male,2,No
10312,Eve,Brown,Sales,Analyst,2016-02-04,2017-10-07,138951,M,1,Yes
10313,Jane,Doe,R&D,HR Rep,2019-04-02,,67373,F,3,No
10314,John,Smith, saLes ,HR Rep,2016-11-06,2017-12-29,95966,F,1,Yes
10315,Eve,Miller,R&D,Developer,2018-06-11,2020-06-14,115328,Female,4,Yes
10316,John,Johnson,Sales,Director,2021-05-21,,139762,M,1,No
10317,Charlie,Davis, saLes ,HR Rep,2020-12-02,2022-12-23,46022,M,1,Yes
10318,Eve,Wilson,Sales,Developer,2022-01-20,,,Female,2,No
10319,Jane,Johnson,HR,Salesperson,2023-03-03,,58416,Female,1,No
10320,Diana,Smith, HR,Salesperson,2021-09-02,,130325,Female,4,No
10321,Bob,Brown,R&D,HR Rep,2016-04-02,,88903,Male,2,No
10322,Charlie,Smith,R&D,Director,2023-01-31,,51715,M,3,No
10323,Jane,Brown, saLes ,Analyst,2019-09-30,,108905,M,1,No
10324,Frank,Doe,R&D,Analyst,2015-05-27,,138204,M,4,No
10325,Charlie,Smith,R&D,HR Rep,2016-03-11,,147061,Male,3,No
10326,Eve,Davis, saLes ,Salesperson,2016-11-27,,127590,Female,4,No
10327,Alice,Wilson,HR,Director,2022-03-03,,107116,M,4,No
10328,Alice,Brown,HR,Analyst,2016-01-16,2018-08-24,,Male,4,Yes
10329,John,Miller, HR,Manager,06/20/2016,,63669,M,2,No
10330,Jane,Brown,R&D,Developer,2021-03-04,,61600,M,4,No
10331,Eve,Smith, HR,Analyst,2017-10-12,,94177,F,3,No
10332,Diana,Miller,R&D,Developer,08/22/2022,,67126,F,1,No
10333,Eve,Wilson,Sales,Director,2021-07-26,,,Female,2,No
10334,Alice,Miller,HR,Salesperson,09/18/2018,,141962,Female,2,No
10335,Bob,Smith, HR,Director,2022-07-07,,143650,Male,3,No
10336,Bob,Johnson,Sales,Developer,2017-03-19,2020-12-02,,M,1,Yes
10337,Diana,Davis,Sales,HR Rep,2018-11-07,,93336,M,1,No
10338,John,Miller, HR,Manager,2017-01-10,2021-02-07,,Female,4,Yes
10339,Eve,Johnson,R&D,Developer,2022-08-14,,81882,Female,2,No
10340,Jane,Johnson, HR,Manager,06/04/2022,,61526,Female,4,No
10341,Jane,Doe,R&D,Director,2020-03-10,,74365,F,4,No
10342,Jane,Doe, HR,Manager,2018-07-08,,71047,F,1,No
10343,Jane,Doe,Sales,Director,2016-07-22,,144234,Male,1,No
10344,John,Johnson,Sales,HR Rep,2017-05-21,,115444,F,4,No
10345,Alice,Miller, HR,HR Rep,11/21/2016,,97012,M,3,No
10346,Jane,Brown,HR,Analyst,2023-02-01,,107864,Male,1,No
10347,Jane,Doe, saLes ,Director,2019-02-25,2022-02-02,136649,Male,2,yes
10348,Frank,Brown, HR,HR Rep,2020-02-06,,48050,F,2,No
10349,Charlie,Smith, HR,HR Rep,2021-01-09,,135344,F,2,No
10350,Charlie,Doe,Sales,Developer,11/19/2021,,63683,Male,2,No
10351,John,Johnson,HR,HR Rep,2019-04-18,,44184,F,3,No
10352,Eve,Davis,HR,Developer,2016-11-25,,112481,Female,1,No
10353,Frank,Miller,HR,Analyst,2016-06-12,,91392,M,4,No
10354,Bob,Davis,R&D,Developer,2022-04-29,,143323,Male,2,No
10355,Diana,Wilson, saLes ,Analyst,2015-11-12,,42051,M,4,No
10356,Charlie,Doe, HR,HR Rep,2022-01-01,,78753,M,3,No
10357,Eve,Brown,Sales,Manager,2019-05-31,,61688,Male,3,No
10358,Frank,Davis, saLes ,Director,2020-01-25,,119895,F,3,No
10359,Frank,Miller,R&D,Developer,2021-10-13,,107048,M,3,No
10360,Frank,Miller, HR,Manager,2020-10-17,,73088,F,4,No
10361,Eve,Smith, HR,Manager,2016-03-24,2017-04-01,54308,M,2,Yes
10362,Diana,Smith,R&D,Developer,2015-11-30,,84210,F,1,No
10363,Alice,Miller, saLes ,Manager,2022-11-13,,87722,F,2,No
10364,Charlie,Johnson,Sales,Manager,2019-09-21,2020-08-19,55974,Female,2,Yes
10365,Bob,Miller,Sales,Director,2020-11-07,,64759,F,2,No
10366,Jane,Wilson,R&D,HR Rep,06/30/2019,,97273,Female,3,No
10367,Eve,Davis,HR,Manager,2019-09-26,2021-08-07,80036,M,3,Yes
10368,John,Davis,R&D,Analyst,2020-09-18,,73484,Male,1,No
10369,Frank,Smith, saLes ,Manager,2016-08-22,2017-04-01,134167,M,4,Yes
10370,John,Wilson, HR,HR Rep,2023-01-08,,42942,Male,4,No
10371,Jane,Smith,HR,Analyst,2017-01-04,,44688,M,2,No
10372,Charlie,Brown,R&D,Salesperson,2018-10-24,,,M,4,No
10373,Jane,Wilson,R&D,Developer,2020-09-10,,56044,M,3,No
10374,Bob,Miller,Sales,Manager,2018-05-19,,104905,M,2,No
10375,Eve,Wilson,HR,Developer,2021-05-09,,92755,Female,1,No
10376,Alice,Smith,R&D,Director,2016-11-06,,,F,1,No
10377,Eve,Smith,R&D,Director,2022-07-16,,93402,Female,2,No
10378,Diana,Brown,R&D,Manager,2019-03-16,,126231,F,3,No
10379,Frank,Smith,HR,Director,2017-10-13,,46583,Male,2,No
10380,Diana,Johnson,HR,Salesperson,2015-02-28,2015-12-28,74953,Male,2,Yes
10381,Eve,Doe,R&D,HR Rep,2017-03-09,,59683,M,2,yes
10382,Eve,Davis, saLes ,HR Rep,2015-10-14,,130395,Male,3,No
10383,Frank,Johnson,R&D,Manager,12/31/2022,,140481,M,2,No
10384,Bob,Brown,Sales,Salesperson,2018-09-06,,51645,F,2,No
10385,Charlie,Johnson, saLes ,Developer,2018-06-13,,79254,Male,4,No
10386,Frank,Brown, saLes ,Developer,2015-10-01,,,Male,2,No
10387,Diana,Johnson,R&D,Director,11/13/2017,,50589,F,3,No
10388,Bob,Davis,R&D,Salesperson,2020-02-17,,145950,Female,3,No
10389,Charlie,Doe,HR,HR Rep,06/13/2021,,66653,M,3,No
10390,John,Brown, saLes ,Salesperson,2017-12-15,,88127,Female,4,No
10391,Charlie,Johnson,R&D,Developer,2021-05-07,,113327,M,2,No
10392,Diana,Brown,R&D,HR Rep,12/03/2018,,130709,Male,3,No
10393,Bob,Brown,Sales,Analyst,2018-02-16,,67722,M,2,No
10394,Charlie,Smith,Sales,Analyst,2016-04-20,,126679,Male,4,No
10395,Diana,Brown,Sales,Director,2020-05-03,,83012,F,4,No
10396,Charlie,Brown,Sales,Salesperson,2021-10-07,,139678,Female,2,No
10397,Diana,Wilson,HR,Developer,2019-06-12,,87170,F,3,No
10398,Jane,Brown, saLes ,Manager,2020-11-24,,109320,M,4,No
10399,Diana,Brown,R&D,Developer,2017-06-26,,46138,M,2,No
10400,John,Smith, HR,Analyst,2017-08-10,,78506,Male,2,No
10401,Alice,Doe,R&D,Salesperson,12/10/2021,,99590,F,3,No
10402,Charlie,Johnson, HR,Salesperson,2016-12-27,,,Female,4,No
10403,Eve,Doe, saLes ,HR Rep,2021-04-21,2025-02-13,101768,Male,2,Yes
10404,Jane,Johnson, saLes ,HR Rep,2018-04-12,,131600,Female,3,No
10405,John,Wilson, saLes ,Director,2016-10-26,,95322,Male,3,No
10406,Alice,Davis, saLes ,Director,2018-10-14,,45250,F,1,No
10407,Bob,Brown, HR,HR Rep,2018-12-08,,55379,M,1,No
10408,Jane,Wilson,Sales,Salesperson,2018-06-28,,66806,Male,2,No
10409,Alice,Johnson, saLes ,Salesperson,2018-04-07,,70952,Male,2,No
10410,Diana,Wilson, saLes ,Salesperson,2015-04-16,,65352,M,4,No
10411,Frank,Smith,R&D,Manager,2020-11-10,2022-11-23,125212,M,2,Yes
10412,Diana,Johnson, saLes ,Developer,2018-07-19,,143328,M,2,No
10413,Charlie,Miller,HR,Salesperson,2018-12-23,,76250,Female,1,yes
10414,Frank,Miller, HR,Analyst,10/17/2018,,117378,F,4,No
10415,Charlie,Miller,R&D,Director,11/22/2016,,99093,Female,1,No
10416,Diana,Smith, saLes ,HR Rep,2015-07-23,,,Male,2,No
10417,John,Smith,R&D,Salesperson,2019-08-29,,126989,Female,1,No
10418,Charlie,Brown,R&D,Manager,2019-02-21,,124678,F,3,No
10419,Jane,Wilson,HR,Manager,2023-02-08,,139247,F,4,No
10420,Eve,Wilson, HR,Developer,2016-02-07,,97960,F,1,No
10421,Diana,Smith,Sales,Salesperson,2015-02-11,2017-04-15,124887,M,2,Yes
10422,Bob,Davis, HR,Manager,2020-04-13,,45130,Male,4,No
10423,Eve,Miller,Sales,Director,01/05/2021,,97027,M,4,No
10424,Eve,Johnson,R&D,Salesperson,2018-10-12,,138362,F,2,No
10425,Jane,Wilson,Sales,Director,2022-02-01,,128379,Female,4,No
10426,John,Smith,R&D,Salesperson,2015-06-19,,112276,Female,2,No
10427,Alice,Doe,R&D,Manager,2022-02-10,,94769,Female,4,No
10428,Bob,Johnson,R&D,Developer,2015-07-24,,42411,M,2,No
10429,Jane,Doe,Sales,Director,2022-10-07,,68149,M,3,No
10430,John,Miller, saLes ,HR Rep,2021-10-07,,143020,M,1,yes
10431,Alice,Smith,HR,HR Rep,2019-05-31,,,M,4,No
10432,Alice,Johnson,R&D,Manager,2015-05-01,2016-01-31,129679,Male,4,Yes
10433,Frank,Brown,R&D,Manager,2016-07-29,,87017,M,2,No
10434,Alice,Johnson, saLes ,Analyst,2021-07-04,,92489,Male,1,No
10435,Charlie,Davis, saLes ,Developer,2022-11-19,,80360,Male,3,No
10436,Alice,Brown,Sales,Salesperson,2021-02-27,,139385,F,4,No
10437,Alice,Davis, saLes ,Salesperson,2019-08-29,2022-01-23,53176,Male,4,Yes
10438,Diana,Doe,R&D,Analyst,2020-03-03,2022-11-10,75626,M,2,Yes
10439,Eve,Brown,Sales,Analyst,2015-07-07,,61128,F,4,No
10440,Frank,Johnson,Sales,Manager,2016-02-06,,71699,Female,3,No
10441,Bob,Johnson, HR,HR Rep,2022-06-14,,96256,F,2,No
10442,Bob,Miller,R&D,Analyst,2021-02-20,,130740,Male,3,No
10443,Frank,Brown,HR,HR Rep,2018-11-21,,64702,M,1,No
10444,Jane,Smith,R&D,Analyst,06/21/2018,,140305,F,3,No
10445,John,Brown, HR,HR Rep,2020-03-21,2023-03-30,149636,M,2,Yes
10446,Diana,Doe,Sales,Salesperson,2021-01-10,,132981,F,1,No
10447,Jane,Wilson,Sales,Analyst,2021-07-31,,133227,Male,1,No
10448,John,Miller,R&D,Manager,2017-11-25,,128963,Female,1,No
10449,Alice,Miller,R&D,HR Rep,2017-11-01,,134034,F,3,No
10450,Bob,Doe, saLes ,Developer,2023-02-16,,101440,Male,2,yes
10451,John,Davis,R&D,Director,2021-08-07,,123023,Male,1,No
10452,Charlie,Miller, HR,Director,2022-04-15,,136935,Female,3,No
10453,Alice,Wilson,Sales,Developer,2019-03-06,,60159,Male,3,No
10454,Charlie,Brown,R&D,Manager,08/22/2016,,116827,Female,3,No
10455,Diana,Doe, saLes ,Manager,2018-09-26,2021-04-08,104085,Female,1,Yes
10456,Bob,Davis, saLes ,Analyst,2016-10-29,,142970,M,4,No
10457,Alice,Brown, saLes ,Developer,2017-08-23,,61772,Female,4,No
10458,Eve,Doe,R&D,Analyst,2022-07-17,,66801,Male,4,yes
10459,Frank,Miller,HR,Developer,2021-12-24,,63193,Male,4,No
10460,Jane,Doe, saLes ,Director,2021-09-04,,124355,M,3,No
10461,Jane,Wilson,Sales,Analyst,2022-07-01,,137991,F,1,No
10462,Eve,Miller,Sales,Analyst,2017-03-18,,41877,M,2,No
10463,Diana,Davis,HR,Analyst,12/06/2022,,59806,Female,1,No
10464,John,Brown, HR,Director,02/06/2020,,47421,Male,1,No
10465,Diana,Brown,Sales,HR Rep,2018-12-07,,88158,Female,3,No
10466,Charlie,Wilson,HR,Developer,2022-03-08,,69030,Female,2,No
10467,John,Davis,Sales,Manager,2022-06-29,,111550,F,4,No
10468,John,Brown, saLes ,Salesperson,2022-04-17,,112934,M,2,No
10469,Charlie,Brown,R&D,HR Rep,2022-05-03,2025-05-04,59108,Male,3,Yes
10470,Jane,Brown,Sales,Analyst,2015-09-23,,106706,F,4,No
10471,John,Doe, HR,Manager,2017-02-11,,74250,Female,2,No
10472,John,Miller,HR,Salesperson,11/29/2020,,,F,3,No
10473,Diana,Brown,Sales,Manager,2016-11-24,,61708,M,4,No
10474,John,Miller,R&D,HR Rep,04/13/2020,,77736,Female,2,No
10475,Jane,Johnson,R&D,HR Rep,2022-01-08,,58757,Male,3,No
10476,Alice,Doe,R&D,Salesperson,2021-12-08,,69163,Female,2,No
10477,John,Johnson,HR,HR Rep,01/04/2023,2026-12-14,134533,F,1,Yes
10478,Bob,Smith,R&D,Salesperson,2016-11-05,,65006,Male,1,No
10479,Eve,Doe,R&D,HR Rep,06/05/2022,,57233,M,4,No
10480,Eve,Smith, HR,HR Rep,2017-03-08,,143629,M,4,No
10481,Diana,Doe,R&D,Developer,2022-10-27,2026-06-30,141104,Male,3,Yes
10482,Alice,Brown, HR,Developer,2016-11-07,,143833,Female,1,No
10483,Bob,Davis,R&D,Manager,2018-03-01,,65942,F,2,No
10484,Bob,Miller,Sales,Developer,2016-08-28,,110622,F,2,No
10485,Bob,Wilson,Sales,HR Rep,2018-08-19,,148408,Male,3,No
10486,Charlie,Miller,R&D,HR Rep,2017-08-24,,61150,M,4,No
10487,Eve,Davis,HR,HR Rep,2015-05-14,,131399,F,3,No
10488,Jane,Brown,HR,Salesperson,12/15/2018,,138810,M,3,No
10489,Alice,Wilson, saLes ,Manager,01/15/2023,,143374,M,4,No
10490,Diana,Davis,HR,Director,05/25/2017,,110315,F,3,No
10491,Eve,Doe,R&D,Developer,06/30/2022,,87230,M,2,No
10492,Alice,Wilson,HR,Analyst,2020-07-23,2024-06-04,122379,Male,1,Yes
10493,Frank,Davis,HR,Manager,2017-09-05,,145152,Female,3,No
10494,John,Johnson, saLes ,Director,2016-04-14,,68578,F,4,No
10495,Alice,Doe,HR,Salesperson,2016-12-29,,86018,F,3,No
10496,Jane,Miller,R&D,Analyst,2020-11-25,,113793,Female,4,No
10497,Jane,Miller,R&D,HR Rep,2017-12-18,2020-12-31,139249,M,1,Yes
10498,Bob,Johnson,Sales,Analyst,2019-12-28,,107745,Female,1,No
10499,Frank,Davis,R&D,HR Rep,2017-07-18,,87436,Male,1,No
10500,John,Davis,R&D,Director,2015-11-26,,,Female,1,No
10501,Eve,Doe, saLes ,Salesperson,2015-03-09,,129283,M,3,No
10502,Jane,Davis,R&D,HR Rep,2016-06-13,,118782,M,2,No
10503,Frank,Johnson,R&D,Director,2017-03-08,,41798,M,4,No
10504,Eve,Brown, saLes ,Manager,02/10/2021,,60990,F,3,No
10505,Alice,Johnson,HR,Manager,2018-09-18,,130625,Male,3,No
10506,Charlie,Brown,R&D,Salesperson,2020-12-10,,76928,M,4,No
10507,Jane,Brown,R&D,Director,2017-11-22,,116410,Male,3,No
10508,Charlie,Davis,R&D,Director,2022-03-06,,95891,Female,3,No
10509,Frank,Brown,R&D,HR Rep,2018-09-05,,141760,Male,4,No
10510,Charlie,Doe,R&D,Manager,2015-07-14,,81301,Female,1,No
10511,John,Davis,HR,Manager,03/07/2022,,147507,F,1,No
10512,Charlie,Wilson,R&D,HR Rep,2016-02-11,,59420,Female,2,yes
10513,Alice,Wilson,HR,Analyst,2022-10-15,,93476,M,3,No
10514,Bob,Wilson,R&D,Salesperson,2020-04-03,,43368,Male,3,No
10515,John,Miller, saLes ,HR Rep,2018-04-05,,140464,Male,4,No
10516,Bob,Wilson,R&D,Salesperson,2016-09-17,,51870,Female,2,No
10517,Bob,Johnson,Sales,HR Rep,2020-08-12,,117645,Male,2,No
10518,Eve,Miller, HR,Salesperson,01/24/2015,,60516,Male,1,No
10519,Eve,Wilson,R&D,Manager,2016-07-05,,83191,Female,1,No
10520,Eve,Johnson,Sales,Salesperson,2019-04-30,,61835,M,3,No
10521,Jane,Brown, HR,Manager,2019-11-17,,79314,M,4,No
10522,Bob,Davis,R&D,Director,2020-05-21,,56543,M,4,No
10523,John,Davis,HR,Director,2020-02-02,,94020,Female,4,No
10524,Bob,Smith,HR,Manager,2021-12-06,,107879,F,1,No
10525,Frank,Brown,R&D,Analyst,2023-01-31,2023-07-02,44005,M,1,yes
10526,Charlie,Doe, HR,Analyst,2021-09-01,,44791,Female,3,No
10527,Charlie,Wilson, HR,Director,2018-12-29,,86238,F,4,No
10528,John,Wilson,R&D,HR Rep,2015-06-28,2016-06-19,46856,F,2,Yes
10529,Alice,Doe,R&D,Analyst,2016-05-28,2017-02-18,100486,Male,4,Yes
10530,Frank,Miller, HR,Salesperson,2016-04-28,,110402,M,4,No
10531,Frank,Johnson,R&D,Salesperson,2019-06-15,,101811,Female,2,No
10532,John,Doe,HR,Manager,2015-08-19,,70444,M,1,No
10533,Jane,Miller,HR,Salesperson,2021-12-27,,72108,Male,1,No
10534,Diana,Davis,HR,Salesperson,2017-08-30,,82517,Female,3,No
10535,Alice,Doe, saLes ,Manager,2015-09-02,,122105,Female,2,No
10536,Jane,Smith,R&D,Manager,01/06/2020,2021-08-28,85019,M,4,Yes
10537,Bob,Davis,HR,Developer,08/20/2016,,49309,F,1,No
10538,Eve,Brown,R&D,Analyst,2017-01-06,,47912,Male,2,No
10539,Bob,Davis,Sales,Manager,2021-12-09,,81714,F,1,No
10540,Charlie,Wilson,R&D,HR Rep,2021-10-15,,82537,M,4,No
10541,Jane,Doe, HR,Manager,2015-04-23,,114027,M,3,No
10542,John,Davis,R&D,Salesperson,2018-10-19,2022-03-22,58687,Male,2,Yes
10543,Jane,Davis,HR,Manager,03/21/2022,,126635,M,3,No
10544,John,Johnson,Sales,Analyst,2016-02-28,,132995,Male,1,No
10545,Charlie,Davis,Sales,Salesperson,2018-01-21,,103391,Female,2,No
10546,Bob,Wilson,R&D,Salesperson,2020-12-05,2021-07-19,70024,F,4,Yes
10547,John,Johnson,R&D,Salesperson,2019-05-31,,111328,Male,4,No
10548,Bob,Brown,HR,Director,2023-02-28,,147008,Female,1,No
10549,Charlie,Johnson, HR,HR Rep,2019-06-21,,102798,Female,2,No
10550,Eve,Miller,HR,Salesperson,2017-02-06,,101318,F,2,No
10551,Bob,Wilson,R&D,Manager,2016-10-29,,133094,Female,1,No
10552,Eve,Miller,R&D,HR Rep,2021-07-20,,73826,Male,1,No
10553,Charlie,Smith,R&D,Analyst,03/15/2020,2021-03-13,135980,F,2,Yes
10554,Alice,Doe,HR,Salesperson,2020-07-12,,140241,Male,4,No
10555,Alice,Smith, saLes ,Salesperson,2022-01-01,,96542,M,1,No
10556,Charlie,Brown,HR,Manager,2020-04-17,,122648,Female,4,No
10557,Frank,Doe,R&D,Analyst,2017-02-20,2018-12-26,144450,Female,4,Yes
10558,John,Brown, saLes ,Manager,2022-10-21,2025-03-29,130027,M,3,Yes
10559,Jane,Wilson,R&D,Developer,2019-01-15,,141278,M,2,No
10560,Bob,Davis,R&D,Director,2020-02-16,,,Female,2,No
10561,Charlie,Doe, saLes ,Manager,2020-02-22,,58281,Male,3,No
10562,John,Wilson,HR,Salesperson,2015-07-02,,45919,Female,1,No
10563,John,Wilson,HR,Salesperson,2022-04-27,2025-04-24,138050,M,2,Yes
10564,Alice,Johnson,HR,Developer,2022-06-28,,134043,M,2,No
10565,Charlie,Doe,HR,Director,2015-06-17,,129896,Male,1,No
10566,Charlie,Smith, HR,HR Rep,2016-11-03,,,F,1,No
10567,John,Miller, saLes ,Analyst,2015-08-31,,72033,M,1,No
10568,Diana,Wilson,HR,Developer,2017-09-16,,73196,Female,3,No
10569,Eve,Wilson,Sales,Developer,2017-12-11,,66917,F,4,No
10570,Jane,Miller, saLes ,Manager,01/08/2016,,52707,M,1,No
10571,Frank,Miller,R&D,HR Rep,12/09/2017,,137715,Male,3,No
10572,Jane,Smith,R&D,Salesperson,2023-01-04,,110880,M,1,No
10573,Eve,Miller,R&D,Manager,2019-12-16,,107560,F,2,No
10574,Bob,Smith,Sales,Manager,2016-11-15,,98188,Male,4,No
10575,Frank,Doe, saLes ,Analyst,2015-06-19,2015-10-29,47750,Female,2,Yes
10576,Charlie,Davis,HR,Analyst,12/19/2020,,127098,Male,2,No
10577,Eve,Wilson, saLes ,Analyst,2022-09-29,2024-12-14,87171,F,1,Yes
10578,Jane,Miller, saLes ,Developer,2021-01-30,,75975,Female,4,No
10579,Diana,Doe,Sales,Director,2016-06-26,,,M,1,No
10580,Charlie,Wilson,R&D,Manager,2015-09-01,,119166,Female,4,yes
10581,Alice,Brown, saLes ,Director,2018-02-03,,125540,Female,1,No
10582,Eve,Wilson, saLes ,Developer,2019-04-03,,131521,Female,3,No
10583,Charlie,Wilson,R&D,Developer,2017-08-22,2020-05-16,133177,Male,2,Yes
10584,Jane,Miller,Sales,HR Rep,2021-10-25,,93163,F,2,No
10585,Alice,Davis, saLes ,Developer,02/12/2021,,87298,Female,2,No
10586,Charlie,Johnson,R&D,Salesperson,2017-06-11,,132806,M,2,yes
10587,Frank,Davis,R&D,Director,2019-05-06,,117442,Female,3,No
10588,Jane,Smith,Sales,Salesperson,2022-09-22,,99709,M,1,No
10589,Diana,Davis,Sales,Salesperson,2017-04-17,,61506,M,2,No
10590,Diana,Wilson,R&D,Analyst,2018-06-29,,144243,Male,3,No
10591,Eve,Smith, saLes ,HR Rep,2017-09-22,,77642,F,2,No
10592,Charlie,Brown, HR,Salesperson,2020-02-14,,89823,Female,4,No
10593,Jane,Miller,R&D,Analyst,12/08/2015,,129602,F,4,No
10594,Diana,Wilson,HR,Director,2017-09-10,,143984,F,4,No
10595,John,Smith, HR,Developer,09/30/2017,,137718,M,3,No
10596,Charlie,Johnson,HR,Salesperson,2016-12-18,,57478,M,4,No
10597,John,Wilson,R&D,HR Rep,2021-04-13,,112864,Female,2,No
10598,Eve,Davis,HR,Developer,2022-04-26,,98771,Female,2,No
10599,Charlie,Brown,R&D,Salesperson,2021-03-23,,,M,1,No
10600,John,Smith,Sales,Analyst,2017-11-12,,130232,M,4,No
10601,Diana,Davis,R&D,Manager,2020-06-28,,48045,F,1,No
10602,Eve,Davis,Sales,Analyst,2018-05-26,,102242,Male,1,No
10603,Bob,Smith,R&D,Analyst,2016-07-25,,52519,Female,4,No
10604,Diana,Wilson, HR,Manager,2022-03-12,,95198,Male,3,yes
10605,Eve,Davis,R&D,Analyst,2023-02-08,,82158,M,3,No
10606,Eve,Miller,HR,Analyst,2023-03-03,,43088,M,3,No
10607,Charlie,Miller,R&D,Director,2016-03-10,,62293,Female,3,No
10608,Frank,Doe, saLes ,Analyst,2017-05-17,,131156,Female,1,No
10609,John,Wilson,R&D,Director,2021-07-15,2024-10-25,100999,Female,4,Yes
10610,Charlie,Brown,R&D,Director,2015-01-14,,61260,Female,2,No
10611,Diana,Davis, HR,Analyst,2019-10-29,,130552,Female,3,No
10612,Charlie,Miller, HR,Director,2018-02-03,,122484,F,4,No
10613,Alice,Johnson, HR,Manager,2019-01-18,,88020,M,3,No
10614,Alice,Brown,HR,Developer,10/09/2020,,62604,Female,2,No
10615,Jane,Davis,Sales,Manager,2018-08-18,,52594,M,1,No
10616,Frank,Johnson, HR,Analyst,2016-04-10,2019-01-06,41417,M,2,Yes
10617,Diana,Wilson, saLes ,HR Rep,2022-04-14,,66228,Male,4,No
10618,Alice,Wilson, saLes ,HR Rep,2018-05-09,,60363,Male,1,No
10619,John,Doe,Sales,Manager,2023-02-26,,96958,Female,4,No
10620,John,Davis, saLes ,Analyst,07/04/2019,,68878,Male,1,No
10621,Diana,Johnson, HR,Director,2018-03-14,,,Male,4,No
10622,Jane,Wilson, saLes ,HR Rep,11/07/2019,,146169,M,4,No
10623,Charlie,Doe,HR,Manager,2015-05-25,,93397,M,2,No
10624,Diana,Johnson, HR,Analyst,2020-03-25,,95541,M,1,No
10625,Diana,Wilson, HR,Manager,2016-05-23,,108337,Male,2,No
10626,Diana,Wilson,R&D,Analyst,2017-03-03,,123741,Male,1,No
10627,Frank,Johnson, HR,Salesperson,2022-04-29,,57840,Female,2,No
10628,Charlie,Smith, HR,Analyst,03/30/2018,2021-05-03,66633,F,3,Yes
10629,Diana,Brown,Sales,HR Rep,2021-11-14,2025-04-01,105769,F,3,Yes
10630,Frank,Johnson,HR,Analyst,2015-11-07,2019-06-12,93943,F,3,Yes
10631,Alice,Johnson,R&D,Developer,2021-08-07,,105810,F,4,No
10632,John,Davis, saLes ,Director,2020-01-01,,48163,F,4,No
10633,Diana,Johnson,R&D,Developer,05/28/2016,,132052,M,2,No
10634,Jane,Johnson,R&D,Developer,2020-07-07,,118924,M,4,No
10635,John,Doe, HR,Director,2022-07-18,,42375,F,3,No
10636,Alice,Wilson,R&D,HR Rep,2018-06-11,,108180,Female,3,No
10637,Eve,Wilson,Sales,Salesperson,2018-12-05,,75296,Male,1,No
10638,Frank,Brown,HR,Manager,2018-05-26,,84126,M,4,No
10639,Charlie,Davis,HR,Manager,2015-10-19,,86644,Male,1,No
10640,John,Johnson, HR,Manager,2022-09-23,,49797,Female,4,No
10641,Jane,Smith,R&D,Director,2016-09-08,,72110,F,1,No
10642,Frank,Johnson,HR,Manager,2018-11-04,,43594,F,1,No
10643,Charlie,Doe,Sales,HR Rep,2020-11-04,,142400,M,4,No
10644,Charlie,Davis,R&D,Developer,2020-07-24,,139320,M,1,No
10645,Diana,Smith,Sales,HR Rep,08/04/2021,,80788,Male,2,No
10646,Jane,Wilson, saLes ,Manager,2018-06-04,,84966,M,2,No
10647,Diana,Brown,R&D,Analyst,06/30/2015,2016-01-06,,Female,2,Yes
10648,John,Davis,HR,Manager,2016-08-22,2019-09-06,,F,1,Yes
10649,Jane,Miller,R&D,HR Rep,06/23/2021,,54985,Female,3,No
10650,Alice,Miller, saLes ,Analyst,2016-09-26,,59261,M,3,No
10651,Bob,Davis,R&D,Analyst,2015-04-21,,149225,Male,1,No
10652,Alice,Johnson,R&D,Director,2016-07-29,,48836,F,3,No
10653,Bob,Miller,Sales,Director,10/26/2020,,43012,F,2,No
10654,Bob,Doe,R&D,Manager,2020-11-09,,102462,F,1,No
10655,Charlie,Wilson,HR,Manager,11/25/2018,,98435,Female,4,No
10656,Eve,Davis,R&D,Manager,01/18/2021,,90553,F,3,No
10657,Alice,Wilson,R&D,Developer,2016-07-08,,142431,Male,2,No
10658,Charlie,Davis,R&D,Salesperson,2021-10-27,,127996,Male,1,No
10659,Bob,Miller,R&D,Manager,2019-10-10,,77710,Male,3,No
10660,Alice,Doe,HR,Manager,2022-05-25,,118277,Male,3,No
10661,Jane,Davis,R&D,Developer,2022-02-23,,114069,Male,4,No
10662,John,Johnson,Sales,Analyst,2020-08-27,,124518,F,1,No
10663,Alice,Davis,R&D,Salesperson,2015-11-25,,77610,Male,4,No
10664,Diana,Miller,HR,HR Rep,2018-12-20,2022-12-06,,F,4,Yes
10665,John,Smith, saLes ,HR Rep,2017-11-26,,87681,F,3,No
10666,Bob,Miller,R&D,HR Rep,2018-09-27,,57587,M,1,No
10667,Diana,Wilson, HR,Salesperson,2020-10-08,,83749,M,1,No
10668,Charlie,Johnson,R&D,Manager,2022-02-13,,66920,Male,2,No
10669,Diana,Davis,R&D,Director,2016-12-13,2017-03-22,78707,Female,4,Yes
10670,John,Davis,HR,HR Rep,2021-05-11,,52409,F,2,No
10671,Bob,Doe,Sales,Director,2019-12-09,,94865,Male,1,No
10672,Alice,Johnson, saLes ,HR Rep,2017-07-16,,72890,F,1,No
10673,Alice,Doe,Sales,Salesperson,2018-06-16,2022-02-28,70749,F,1,Yes
10674,Jane,Miller, saLes ,Manager,2019-08-07,,96277,Female,2,No
10675,Eve,Wilson,R&D,Director,2015-11-16,,101720,Male,1,No
10676,Alice,Miller, saLes ,Manager,2018-06-16,,90121,M,3,No
10677,Diana,Doe, HR,Manager,2021-07-19,2025-07-08,47974,F,2,yes
10678,Charlie,Doe, saLes ,Manager,2021-08-16,,105331,Male,3,No
10679,John,Wilson,R&D,Developer,2018-05-19,,59474,Male,4,No
10680,Diana,Doe,HR,Manager,2021-11-05,2022-06-01,137283,Male,2,Yes
10681,Alice,Johnson, HR,Director,2018-03-02,,95958,M,1,No
10682,Diana,Brown, HR,HR Rep,2017-12-13,,131146,F,4,No
10683,Bob,Davis,R&D,Analyst,10/09/2021,,96463,M,3,No
10684,Alice,Johnson, saLes ,Salesperson,2017-12-15,,64634,Female,3,No
10685,Bob,Doe,HR,Developer,2023-02-12,,140625,M,3,No
10686,Jane,Smith, saLes ,HR Rep,2016-03-28,2017-09-07,75225,F,2,Yes
10687,Diana,Smith,R&D,Director,2015-03-12,2017-08-09,129865,Female,1,Yes
10688,John,Smith,R&D,HR Rep,2018-07-31,2020-12-29,98311,Male,3,Yes
10689,Frank,Davis,HR,Salesperson,12/27/2022,,132062,Female,1,yes
10690,Jane,Wilson,Sales,Manager,2020-09-28,,50835,Female,1,No
10691,John,Wilson,R&D,Salesperson,2015-12-05,,63381,F,4,No
10692,Charlie,Doe,R&D,HR Rep,2017-05-27,,,Male,1,No
10693,Eve,Johnson,R&D,Manager,2021-03-12,,144142,Female,3,No
10694,John,Johnson,Sales,Director,2016-06-06,,149289,F,2,No
10695,Alice,Johnson, saLes ,Analyst,2017-09-05,,130807,Male,4,No
10696,Frank,Wilson, saLes ,Analyst,2020-03-18,,47372,M,3,No
10697,Charlie,Doe,HR,Salesperson,2020-02-22,,135806,F,3,No
10698,Alice,Miller, saLes ,HR Rep,2021-05-22,,72302,Male,4,No
10699,Alice,Johnson, saLes ,Manager,2022-11-05,,131131,F,4,yes
10700,Bob,Johnson,HR,Manager,2021-02-12,,64627,F,1,No
10701,Charlie,Davis, saLes ,Analyst,2015-02-01,,140525,F,1,No
10702,Alice,Doe,R&D,Manager,2019-08-23,,119869,F,2,No
10703,Frank,Brown, HR,Developer,2022-04-05,,51614,Male,3,No
10704,Alice,Wilson,Sales,HR Rep,11/22/2021,,134435,Female,3,No
10705,Bob,Brown,R&D,Salesperson,2015-02-21,,88319,Male,2,No
10706,John,Smith, HR,Developer,2020-08-30,,76398,F,4,No
10707,Diana,Miller,Sales,Manager,2016-08-26,,94876,F,4,No
10708,Alice,Smith, HR,Director,2018-11-03,,102177,F,3,No
10709,Eve,Brown, HR,HR Rep,2022-04-09,,,Female,4,No
10710,Alice,Miller,R&D,HR Rep,2021-12-07,,64346,Male,4,No
10711,Bob,Johnson, HR,Manager,11/02/2015,,78919,M,1,No
10712,Charlie,Wilson,R&D,Director,2018-06-23,,140585,Male,3,No
10713,Alice,Doe,HR,Developer,2018-04-06,,133910,F,2,No
10714,John,Wilson,R&D,Developer,2019-11-03,,121814,Female,1,No
10715,Charlie,Miller, saLes ,Analyst,2021-11-13,,97822,M,3,No
10716,John,Smith,Sales,Developer,2018-03-22,,131292,M,4,No
10717,Diana,Brown, HR,Salesperson,2019-05-14,2022-09-13,149806,Female,1,Yes
10718,Diana,Miller, HR,Salesperson,2016-06-28,,85402,Female,2,No
10719,John,Wilson,R&D,Director,2023-02-04,,106688,F,1,No
10720,Frank,Brown,R&D,Salesperson,2017-07-19,,89471,Male,4,No
10721,Eve,Miller,Sales,Manager,2016-10-13,,51609,M,2,No
10722,Diana,Brown,Sales,Salesperson,2022-08-27,,59486,F,3,yes
10723,Diana,Davis, HR,Analyst,2015-06-26,,40560,Female,1,No
10724,Bob,Miller,R&D,Developer,07/01/2015,,136414,Male,4,No
10725,Alice,Johnson,HR,HR Rep,05/20/2018,2020-06-02,46221,Male,1,Yes
10726,Alice,Miller,R&D,Analyst,06/16/2018,2018-10-08,57533,Female,4,Yes
10727,Frank,Miller, saLes ,Salesperson,2017-09-26,2020-01-18,40532,F,4,Yes
10728,Eve,Johnson,R&D,Director,2016-02-09,2016-12-28,77062,Female,3,Yes
10729,Charlie,Miller,R&D,Developer,2019-06-20,,86488,Female,4,No
10730,Jane,Brown,R&D,HR Rep,2019-07-05,,117134,Male,3,No
10731,John,Davis,R&D,Salesperson,2018-05-27,2020-07-18,67174,Female,4,Yes
10732,Eve,Miller,Sales,Director,2022-05-14,,121309,Female,4,No
10733,Alice,Brown,HR,Manager,2016-06-09,,88176,Male,3,No
10734,Alice,Smith, HR,Director,2022-12-14,,,Female,2,No
10735,John,Davis, HR,Salesperson,2018-12-12,,129394,F,1,No
10736,Alice,Johnson,R&D,HR Rep,2020-05-21,,122375,Female,3,No
10737,Eve,Wilson,HR,Director,2020-06-10,,138793,Male,1,No
10738,Bob,Davis,R&D,HR Rep,2020-07-07,2022-10-09,55365,M,1,Yes
10739,Alice,Davis, saLes ,Manager,2016-08-31,,122970,M,1,No
10740,Diana,Johnson, HR,Manager,2017-07-15,,114218,Female,3,No
10741,Eve,Smith,Sales,Salesperson,2017-12-25,,74505,F,4,No
10742,Frank,Brown,HR,HR Rep,2022-12-05,,68993,Female,4,No
10743,Frank,Davis, saLes ,Analyst,01/16/2016,2017-02-16,120596,M,3,Yes
10744,John,Johnson,HR,Director,2019-06-23,2023-02-21,134718,M,2,Yes
10745,Eve,Wilson,HR,Salesperson,2016-10-08,,92577,Female,4,No
10746,Diana,Miller,R&D,Salesperson,2020-12-27,,135516,Male,4,No
10747,John,Brown, saLes ,Manager,2020-04-16,,65955,Female,4,No
10748,Diana,Johnson,R&D,HR Rep,2016-02-22,,96674,M,4,No
10749,Diana,Wilson, saLes ,Developer,03/12/2019,2021-11-19,100078,M,3,Yes
10750,John,Wilson,R&D,HR Rep,2022-01-03,2025-04-22,59180,Male,1,Yes
10751,Jane,Brown,R&D,HR Rep,2018-03-25,,85215,F,3,No
10752,John,Davis,HR,Analyst,2015-09-06,,99962,M,3,No
10753,Bob,Brown,HR,Director,2021-02-11,,63168,Female,2,No
10754,Diana,Johnson,R&D,Developer,2019-09-18,,100820,Male,1,No
10755,Diana,Brown,R&D,Analyst,2020-10-24,,145509,Male,2,No
10756,Frank,Davis,Sales,Developer,2015-08-25,,144664,M,3,No
10757,Jane,Brown, HR,Developer,2015-07-29,,148832,F,1,No
10758,Bob,Johnson,R&D,Developer,2015-07-31,2016-10-05,110827,Male,3,Yes
10759,Alice,Smith,R&D,Developer,2021-10-08,,74498,F,3,No
10760,Bob,Miller, HR,Manager,2019-06-07,,139935,Male,1,No
10761,Frank,Miller, saLes ,Director,2017-01-18,,85971,M,3,No
10762,Frank,Miller,HR,Salesperson,2016-04-20,2019-05-25,146339,Male,4,Yes
10763,John,Miller,Sales,Manager,2022-12-21,,54105,F,1,No
10764,Frank,Doe, HR,Manager,01/17/2017,2018-10-11,114226,Female,2,Yes
10765,Alice,Johnson, saLes ,Director,2021-05-16,,127977,Male,3,No
10766,John,Brown,R&D,Director,2017-04-26,,93129,F,3,No
10767,John,Miller,HR,Manager,2017-10-31,,131892,M,3,No
10768,John,Smith,R&D,Analyst,2020-05-10,,141981,Male,1,No
10769,John,Doe,Sales,Salesperson,2016-03-25,,62143,F,4,No
10770,Alice,Smith,R&D,Developer,2018-12-01,,76424,M,4,No
10771,Jane,Smith,R&D,Director,2016-06-05,,49967,Female,1,No
10772,Eve,Doe, saLes ,Analyst,2021-06-11,2022-03-11,90055,F,1,Yes
10773,Charlie,Wilson, HR,Analyst,2017-10-21,,86001,M,3,No
10774,Eve,Miller, saLes ,Manager,2023-01-31,,112104,M,2,No
10775,John,Brown,HR,HR Rep,2022-09-21,,118513,Male,4,No
10776,Jane,Davis, HR,HR Rep,2021-03-08,,146220,F,1,No
10777,Diana,Davis, saLes ,Analyst,2022-12-23,2024-09-24,43186,Male,1,yes
10778,Alice,Doe,HR,Developer,2022-04-19,,122558,F,4,No
10779,Alice,Smith, HR,Director,2018-03-03,2020-05-24,44586,M,1,Yes
10780,Frank,Doe,HR,Director,2020-11-29,,56269,M,4,No
10781,Bob,Wilson,R&D,Salesperson,2020-01-23,,69070,F,1,No
10782,John,Miller,Sales,HR Rep,2020-06-20,,80131,F,4,No
10783,Jane,Wilson,R&D,HR Rep,2018-07-31,,43900,M,1,No
10784,Frank,Miller, HR,HR Rep,2016-04-29,,99626,F,4,No
10785,John,Brown, HR,Analyst,05/28/2015,2016-12-27,52198,Female,4,Yes
10786,Frank,Wilson, saLes ,Developer,2019-06-13,,127472,M,1,No
10787,Bob,Miller,R&D,Developer,2016-05-13,,80796,M,1,No
10788,Jane,Smith,Sales,Salesperson,07/16/2018,,149608,Male,4,No
10789,Diana,Wilson, saLes ,Salesperson,2020-02-16,,74359,Female,4,No
10790,Alice,Wilson,R&D,HR Rep,2016-10-29,,111786,M,1,No
10791,Eve,Miller,HR,Director,2016-04-05,2018-04-16,102905,Male,4,Yes
10792,Jane,Miller, saLes ,Salesperson,2017-04-01,,60611,Female,2,No
10793,Frank,Wilson,HR,HR Rep,2022-07-26,,116557,M,3,No
10794,Jane,Brown,HR,Analyst,2018-04-22,2019-08-27,83633,M,4,yes
10795,Diana,Johnson,R&D,HR Rep,2015-05-02,2018-02-17,41857,Male,1,Yes
10796,Jane,Brown,R&D,Director,2020-03-07,,82536,M,4,No
10797,Charlie,Johnson,R&D,Director,2019-08-19,,147393,Male,2,No
10798,John,Smith,R&D,Developer,2020-08-08,,140825,F,1,No
10799,Jane,Davis,HR,Director,2018-01-27,2020-07-23,82242,M,3,Yes
10800,Jane,Doe,Sales,Manager,2016-01-30,,123562,Female,3,No
10801,John,Davis,HR,Salesperson,2015-12-22,,68310,Male,2,No
10802,Diana,Wilson,R&D,Salesperson,2018-07-11,2021-10-18,103215,F,3,Yes
10803,Charlie,Smith,HR,Manager,2022-07-25,,145668,M,3,No
10804,Eve,Doe,R&D,Developer,2021-07-03,,91337,M,2,No
10805,Charlie,Doe, saLes ,HR Rep,2022-08-01,,,Male,3,No
10806,Eve,Smith,Sales,HR Rep,2018-05-27,,105155,Female,1,No
10807,Jane,Doe, saLes ,Salesperson,2016-12-16,2018-12-25,142842,Female,2,Yes
10808,Alice,Miller, HR,Salesperson,2020-12-25,,85570,M,2,No
10809,Diana,Johnson,Sales,Manager,2023-02-11,,130302,Male,4,No
10810,Bob,Brown,R&D,HR Rep,2019-09-28,,112303,Female,1,No
10811,Bob,Wilson, HR,Manager,2021-03-22,,103730,F,3,No
10812,Charlie,Doe,HR,Developer,2021-12-05,2022-07-04,78477,Female,1,Yes
10813,Diana,Johnson, HR,Salesperson,2016-10-15,,99714,F,1,No
10814,Frank,Doe,R&D,HR Rep,2021-07-01,,114760,Male,1,No
10815,Charlie,Doe,HR,Analyst,2021-06-05,,141142,Female,1,No
10816,Diana,Doe,R&D,HR Rep,2019-07-10,,78881,M,2,No
10817,Jane,Smith,R&D,Analyst,2018-12-22,,86171,F,1,No
10818,John,Davis, HR,Developer,01/03/2020,,84526,Female,1,yes
10819,Bob,Brown,R&D,HR Rep,2017-08-28,,100625,F,2,No
10820,Jane,Miller, HR,Developer,2022-11-22,,110498,F,3,No
10821,Bob,Wilson,Sales,Director,2019-12-09,,125115,Male,4,No
10822,Jane,Miller, saLes ,HR Rep,2021-07-27,,114815,F,1,No
10823,Charlie,Smith,R&D,Analyst,2015-02-24,,51498,F,2,No
10824,Bob,Wilson,R&D,Manager,2019-11-01,,113639,Male,1,yes
10825,John,Smith,Sales,Analyst,2021-04-15,,129366,M,2,yes
10826,Frank,Davis,R&D,Director,2021-10-05,,146509,F,2,No
10827,Alice,Wilson, saLes ,HR Rep,2016-08-12,,95610,Female,2,No
10828,John,Johnson,HR,Manager,2022-06-26,,104096,F,1,No
10829,Eve,Johnson,R&D,HR Rep,2016-11-27,,66283,M,1,No
10830,Alice,Davis,HR,Analyst,2017-01-25,2020-08-26,54648,M,2,Yes
10831,Charlie,Wilson, HR,HR Rep,2021-10-07,,64280,Female,1,No
10832,John,Brown,R&D,Manager,2017-07-09,,45661,Male,2,No
10833,Charlie,Doe, saLes ,Developer,2019-01-24,,87255,F,1,No
10834,Eve,Johnson,R&D,Director,2021-03-16,,134469,Male,3,No
10835,Alice,Smith, HR,Manager,2021-10-15,,46033,Male,1,No
10836,Diana,Miller,Sales,Salesperson,2021-02-19,,101954,Male,2,No
10837,Eve,Miller,R&D,Director,2022-02-22,,97223,Female,4,No
10838,Bob,Miller,HR,Analyst,2016-04-28,2017-08-16,72101,M,1,Yes
10839,Eve,Davis,R&D,Analyst,2021-06-03,,74027,F,1,No
10840,Eve,Johnson,Sales,Salesperson,2022-05-21,2024-02-07,93385,Female,1,Yes
10841,Jane,Smith, saLes ,Developer,03/26/2015,,124848,M,4,No
10842,Bob,Wilson, saLes ,Director,2016-12-19,,66424,F,4,No
10843,Charlie,Miller, saLes ,Analyst,2016-11-04,,91896,Female,3,No
10844,Bob,Davis, saLes ,Analyst,2020-06-22,,123836,M,4,No
10845,Alice,Wilson,HR,HR Rep,2018-04-02,,136427,F,3,No
10846,Jane,Smith,R&D,Salesperson,2021-03-22,,114486,F,3,No
10847,Diana,Smith, saLes ,Director,2015-08-09,,70128,Male,1,No
10848,Frank,Wilson,HR,HR Rep,2018-09-13,,69829,Female,1,No
10849,John,Smith,R&D,Salesperson,2022-11-01,,63475,F,1,No
10850,Alice,Johnson,HR,Director,2017-03-15,,107297,Female,3,No
10851,Alice,Wilson,HR,Director,2021-09-20,2024-12-12,47699,Male,4,Yes
10852,Frank,Doe, saLes ,Salesperson,2020-09-08,,137236,Male,1,No
10853,Alice,Wilson,R&D,Director,2018-12-10,,115534,F,4,No
10854,Charlie,Miller,HR,HR Rep,2019-11-15,,137578,Female,2,No
10855,Alice,Miller, saLes ,Analyst,2018-09-18,,82409,F,4,No
10856,John,Wilson, HR,Developer,2021-05-02,,92109,Male,4,No
10857,Bob,Smith,R&D,HR Rep,2015-01-25,,90383,Male,3,No
10858,John,Doe,R&D,Developer,2019-05-07,,91392,Female,3,No
10859,Frank,Wilson, saLes ,Director,2019-08-25,2023-08-19,,Female,4,Yes
10860,Frank,Johnson,R&D,Analyst,2018-03-15,,105096,F,4,No
10861,Diana,Doe, HR,Manager,2017-05-23,,106701,Female,1,No
10862,Diana,Davis,R&D,Director,2017-07-05,,84814,F,3,No
10863,Eve,Smith, HR,HR Rep,2020-07-20,2023-02-09,44579,M,2,Yes
10864,Bob,Johnson, saLes ,HR Rep,2015-09-14,,60439,M,1,No
10865,Jane,Johnson,R&D,Analyst,2021-03-14,,143760,Female,2,No
10866,Bob,Miller, HR,Analyst,2015-08-26,,55045,M,3,No
10867,Alice,Brown,HR,Director,2017-03-05,,49754,Female,2,No
10868,Frank,Johnson,R&D,Manager,2015-02-22,,116415,Male,2,No
10869,Alice,Miller, saLes ,HR Rep,2018-01-23,,54073,Female,1,No
10870,Charlie,Brown,HR,Salesperson,2019-07-27,,51578,M,3,No
10871,Eve,Johnson,Sales,Salesperson,2018-06-07,,102050,Female,3,No
10872,Charlie,Smith, HR,Salesperson,2020-12-06,,41163,Female,3,No
10873,Jane,Miller,HR,Director,2016-03-03,,126345,Male,4,No
10874,John,Wilson, HR,Developer,2015-05-18,,108686,Male,1,No
10875,Jane,Doe,Sales,Developer,2018-11-26,,128308,Female,2,No
10876,John,Doe,HR,Analyst,2016-10-18,2019-01-25,94443,Male,3,yes
10877,Charlie,Davis, saLes ,Salesperson,12/20/2020,,101886,M,4,No
10878,Jane,Miller,HR,Developer,2018-12-20,,57005,Female,4,No
10879,Bob,Wilson,HR,Salesperson,2020-08-09,,77672,F,4,No
10880,Alice,Wilson,R&D,Director,2019-05-14,,135169,Male,4,No
10881,Frank,Wilson, saLes ,Director,2018-04-19,,42897,F,1,No
10882,Jane,Davis, HR,HR Rep,2022-02-03,,58150,M,4,No
10883,Frank,Davis,HR,Salesperson,03/18/2020,,77373,Male,4,No
10884,Diana,Doe,R&D,Salesperson,2015-01-16,,84636,M,4,No
10885,Frank,Johnson, HR,Analyst,2020-05-20,2024-05-30,47645,F,2,Yes
10886,Jane,Johnson,HR,Salesperson,2022-04-30,,97955,M,2,No
10887,Alice,Doe, saLes ,HR Rep,2021-05-24,,131358,F,3,No
10888,Bob,Miller, HR,Director,2017-02-13,,45134,Male,2,No
10889,John,Johnson,R&D,Developer,2018-07-05,,102662,Female,2,No
10890,Jane,Wilson, HR,Developer,2020-02-05,,101563,F,1,No
10891,Charlie,Brown,R&D,Director,2017-12-30,,,Female,3,No
10892,Diana,Smith,HR,Analyst,2019-04-04,2022-03-30,69042,Female,1,Yes
10893,Alice,Brown,R&D,Developer,2017-01-08,,93224,F,4,No
10894,Alice,Smith,HR,Director,2017-02-02,,50242,Male,4,No
10895,Bob,Doe,HR,Manager,2021-05-03,,75704,M,1,No
10896,Jane,Smith, HR,Director,2018-04-16,,73200,M,1,No
10897,Bob,Davis,R&D,Manager,2021-01-28,,143187,F,4,No
10898,Jane,Smith, saLes ,Developer,01/16/2019,,57005,Male,3,No
10899,Jane,Miller,R&D,Manager,12/23/2021,2024-10-07,81591,Female,4,yes
10900,Bob,Miller, saLes ,Manager,2017-08-23,,145340,Female,3,No
10901,Frank,Doe,R&D,Analyst,2015-02-11,,55079,M,1,No
10902,Charlie,Doe,R&D,Director,2017-11-25,2021-02-08,107522,F,2,Yes
10903,Bob,Miller,R&D,Manager,2016-08-27,,41688,M,1,No
10904,Bob,Johnson,Sales,Manager,2020-06-11,,119969,F,1,No
10905,Diana,Johnson, saLes ,Director,2018-09-23,,50936,Male,2,No
10906,Eve,Wilson,R&D,HR Rep,2020-08-20,,42059,Male,2,No
10907,Frank,Johnson, saLes ,Analyst,2022-02-14,,113936,Male,2,No
10908,Bob,Smith,Sales,Developer,2020-02-13,,116871,M,1,yes
10909,John,Miller,HR,Analyst,2017-06-11,,76739,Female,4,No
10910,Bob,Johnson,R&D,Developer,2020-02-28,,83791,F,2,No
10911,Frank,Miller, HR,Analyst,2017-05-14,,135797,F,2,No
10912,Jane,Davis,HR,Analyst,2015-06-24,,47408,M,4,No
10913,Bob,Doe, HR,HR Rep,2020-04-06,,103933,Male,2,No
10914,Bob,Smith,HR,Director,02/26/2022,,106003,Female,1,No
10915,Frank,Smith, HR,Salesperson,05/14/2021,,74761,F,1,No
10916,John,Johnson,Sales,Salesperson,2021-11-30,,119399,Male,1,No
10917,Diana,Brown,R&D,Salesperson,2019-05-30,,146203,Female,4,yes
10918,Diana,Wilson, saLes ,Manager,2021-06-12,,113045,Female,4,No
10919,Bob,Doe,R&D,Developer,11/13/2022,,64840,F,4,No
10920,Charlie,Doe,R&D,Manager,2017-02-02,2020-10-08,94687,Female,1,Yes
10921,Eve,Johnson, saLes ,Analyst,2018-10-06,,113734,Female,2,No
10922,Frank,Davis, HR,Director,2015-07-08,,147088,F,1,No
10923,Bob,Brown,HR,Analyst,2017-04-14,,72038,M,1,No
10924,Alice,Brown,R&D,Salesperson,2015-10-07,,49602,Male,2,No
10925,Bob,Johnson,R&D,Developer,2017-03-13,,57522,M,4,No
10926,Jane,Brown,R&D,Salesperson,2020-10-29,2023-04-03,45152,F,2,Yes
10927,Eve,Smith,Sales,Manager,2016-01-23,,87164,Male,2,No
10928,Jane,Miller,HR,Developer,2019-10-18,,119576,F,3,No
10929,Frank,Doe, HR,Manager,2021-07-15,,77057,M,3,No
10930,Frank,Doe,Sales,HR Rep,2020-05-23,2023-07-05,113864,Female,2,Yes
10931,Bob,Miller,HR,Analyst,2019-07-09,2023-04-04,64569,M,3,Yes
10932,Bob,Doe,HR,Salesperson,2016-11-15,,,Male,3,No
10933,Alice,Johnson, HR,Director,2020-03-05,,134370,F,3,yes
10934,Alice,Davis,R&D,Analyst,2015-12-16,,66089,M,1,No
10935,Jane,Miller, HR,Salesperson,2016-09-11,2018-07-01,60583,Male,4,Yes
10936,Diana,Davis,R&D,Analyst,2020-09-02,,41355,F,3,No
10937,Diana,Davis,Sales,Analyst,2016-01-21,,56928,M,1,No
10938,Frank,Johnson,HR,Developer,2017-01-09,,80936,Female,4,No
10939,Frank,Davis,HR,Salesperson,2020-02-29,,104926,F,3,No
10940,Eve,Miller,Sales,Director,2015-07-15,,127097,M,3,No
10941,Charlie,Smith,R&D,Manager,2021-09-22,,68354,F,2,No
10942,Eve,Smith,R&D,Director,2020-10-15,,95673,F,2,No
10943,Alice,Johnson, saLes ,Manager,2020-07-29,,126547,F,1,No
10944,Alice,Miller,R&D,Manager,2016-07-10,,120183,M,1,No
10945,Charlie,Wilson,R&D,Manager,2020-04-20,,134360,M,4,No
10946,Diana,Brown, HR,Manager,12/15/2022,,121231,M,3,No
10947,Eve,Johnson,Sales,Manager,2015-12-20,,66117,Male,2,yes
10948,Charlie,Wilson, HR,Developer,2019-03-21,,83016,Male,2,yes
10949,Eve,Davis,HR,HR Rep,2017-04-29,2018-08-20,53308,Female,2,Yes
10950,Charlie,Johnson,HR,Salesperson,2015-11-07,,63183,M,4,No
10951,Charlie,Miller,R&D,Director,12/22/2022,,52827,Male,3,No
10952,Bob,Miller,R&D,Analyst,2019-10-09,,132835,Male,3,No
10953,Frank,Wilson,HR,Director,2016-09-20,,,M,4,No
10954,Frank,Johnson, HR,Director,2017-03-08,,80035,M,1,No
10955,John,Brown, HR,Director,02/28/2015,,66896,F,4,No
10956,Eve,Davis,HR,Developer,2019-07-16,,78516,Male,2,No
10957,Eve,Brown, HR,Developer,2018-02-21,,85972,F,4,No
10958,Frank,Smith,R&D,Analyst,2016-07-20,,130322,M,1,No
10959,John,Brown,Sales,Salesperson,2016-09-06,2017-05-09,111097,M,3,Yes
10960,Frank,Doe, saLes ,Salesperson,2019-12-13,,112491,M,1,No
10961,Diana,Miller,Sales,Salesperson,2017-02-03,,99088,Female,2,No
10962,Charlie,Wilson,Sales,Analyst,2022-09-24,2025-12-31,64871,F,3,Yes
10963,Charlie,Davis,Sales,Director,2022-07-15,,133537,M,4,No
10964,Diana,Davis, saLes ,Director,2021-02-14,,113062,Male,3,No
10965,Eve,Miller, HR,Developer,2015-05-31,,85012,Male,3,No
10966,Jane,Johnson,R&D,Analyst,2015-03-13,,88772,Male,1,No
10967,Alice,Wilson,HR,Analyst,2020-02-18,,142420,Male,1,No
10968,Frank,Smith,R&D,Director,2020-12-17,,123407,Male,4,No
10969,Bob,Johnson, saLes ,Director,2017-05-31,,118635,F,4,No
10970,Frank,Doe, HR,Analyst,2021-08-09,,46677,M,2,No
10971,Diana,Doe,R&D,Analyst,2020-06-03,,81979,Male,4,No
10972,Alice,Brown, HR,Developer,2019-05-15,,128018,F,1,No
10973,Eve,Smith,Sales,Director,2015-03-04,,146143,F,1,No
10974,Frank,Wilson,R&D,Analyst,2018-04-01,,65169,F,1,No
10975,Jane,Davis, HR,Analyst,2016-09-14,,143495,Female,3,No
10976,Alice,Davis,R&D,Developer,2020-10-19,,134869,F,2,yes
10977,Charlie,Davis,R&D,Director,2020-03-31,,110000,M,3,No
10978,John,Doe, saLes ,Director,2015-07-01,,141896,M,1,No
10979,Bob,Miller, saLes ,Salesperson,2021-11-03,,92483,Male,4,No
10980,Jane,Smith,R&D,Salesperson,2017-09-09,,41785,Female,1,No
10981,Alice,Smith,Sales,Analyst,2016-10-26,,71925,Male,2,No
10982,John,Smith,HR,Analyst,2017-03-24,,,Male,3,No
10983,Alice,Davis,R&D,Developer,2022-05-26,,122149,Male,1,No
10984,Bob,Brown,R&D,Director,2020-03-15,,115102,Male,2,No
10985,Charlie,Davis,R&D,Manager,2020-07-05,,135954,M,1,No
10986,Bob,Johnson,Sales,HR Rep,2016-02-18,,104441,Female,4,No
10987,Jane,Smith,Sales,HR Rep,2018-06-03,,45253,Female,3,No
10988,Charlie,Doe,HR,HR Rep,2015-05-23,,95602,M,2,No
10989,Diana,Brown,R&D,Director,2017-08-03,,78709,M,4,No
10990,Diana,Brown,R&D,Developer,2022-03-09,,119275,Male,2,No
10991,Jane,Brown,HR,Analyst,2021-01-20,,140294,Female,1,No
10992,Eve,Doe,R&D,Director,2022-12-23,,81874,Female,4,No
10993,Jane,Brown,R&D,Salesperson,2016-03-21,2019-04-19,,Male,1,Yes
10994,Frank,Miller, HR,Developer,2019-07-02,,130537,Male,1,No
10995,Alice,Brown,HR,HR Rep,2019-12-17,,136334,Female,1,No
10996,Eve,Brown,Sales,Analyst,2018-12-04,,108701,F,2,No
10997,Frank,Miller,Sales,Manager,2022-04-10,,108067,M,4,yes
10998,Diana,Johnson, HR,Developer,2020-08-13,,87399,M,2,No
10999,Eve,Wilson,R&D,Director,2017-11-28,,99888,F,4,No
11000,Diana,Smith,Sales,Salesperson,2015-09-07,,58752,Female,3,No
11001,Diana,Brown, HR,Analyst,2016-06-22,,123097,Male,2,No
11002,Frank,Wilson, HR,Developer,2022-06-19,,107461,M,2,No
11003,Bob,Smith,R&D,Salesperson,2021-10-06,,77184,Female,1,No
11004,Charlie,Miller,Sales,Analyst,2017-05-05,,114448,F,3,No
11005,Jane,Smith,HR,Director,2017-09-13,,126056,Male,4,No
11006,Charlie,Doe,R&D,Manager,2020-12-08,,96698,Female,3,No
11007,Bob,Davis, HR,Director,2015-01-14,,62283,Male,2,No
11008,Eve,Doe,R&D,Salesperson,2015-05-08,,128775,Female,4,No
11009,Frank,Doe, HR,Developer,2020-05-02,,147297,Male,2,No
11010,Eve,Smith,Sales,HR Rep,2023-02-11,,143445,F,1,No
11011,Diana,Miller,HR,Director,2019-08-08,,108125,Male,4,yes
11012,Jane,Brown, HR,Analyst,2016-09-14,,123620,M,3,No
11013,Diana,Miller,R&D,Director,2019-01-10,,127968,Male,2,No
11014,Charlie,Wilson, saLes ,HR Rep,2020-04-16,2022-06-30,133458,M,2,yes
11015,Bob,Johnson,Sales,Analyst,2015-12-05,,65016,F,1,No
11016,Jane,Brown,Sales,Developer,2022-10-23,,44719,Female,3,No
11017,Jane,Davis, HR,HR Rep,2017-02-13,,145994,Male,3,No
11018,Frank,Wilson,Sales,HR Rep,2020-10-23,,62701,Male,2,No
11019,Diana,Johnson,R&D,Manager,2019-06-25,,89912,Male,2,No
11020,Jane,Davis,Sales,Analyst,2018-04-10,,147572,M,2,No
11021,John,Davis, HR,Analyst,2021-04-29,,42842,M,1,No
11022,Jane,Brown,Sales,Developer,2022-12-19,,56284,Female,2,No
11023,Jane,Miller,Sales,Analyst,03/14/2016,,147061,M,1,No
11024,Charlie,Smith, HR,Salesperson,2020-06-28,,105322,Male,1,No
11025,Frank,Johnson,Sales,Salesperson,2017-07-23,,82847,M,1,No
11026,Frank,Johnson,Sales,Developer,2022-10-03,,138229,F,3,No
11027,Alice,Johnson,R&D,Manager,2020-08-20,,125566,M,2,No
11028,Frank,Smith, saLes ,Salesperson,2016-03-26,,119816,Female,3,No
11029,Charlie,Miller,R&D,HR Rep,2018-11-07,,61363,F,2,No
11030,Charlie,Miller,R&D,Analyst,2015-05-30,,101446,M,2,No
11031,Alice,Wilson,HR,HR Rep,2018-03-02,,103009,Male,2,No
11032,John,Wilson, HR,Analyst,2015-11-04,,42854,Female,1,No
11033,John,Smith,HR,Developer,2022-02-24,,96200,M,2,No
11034,Diana,Miller,HR,Manager,2021-04-09,,138694,Female,2,No
11035,Diana,Miller,R&D,HR Rep,2022-05-04,,,F,3,yes
11036,Jane,Smith,R&D,Developer,2015-09-24,,109244,F,4,No
11037,Charlie,Miller,R&D,Director,2016-06-27,,68030,Male,3,No
11038,Eve,Johnson, HR,Manager,07/30/2022,,103240,F,4,No
11039,Jane,Smith,Sales,Salesperson,10/09/2020,,72036,Female,1,No
11040,Charlie,Doe,R&D,HR Rep,2019-05-28,,101570,Female,3,No
11041,Diana,Doe,R&D,Director,2016-08-26,,131642,Male,3,No
11042,Jane,Miller,R&D,Analyst,2019-03-28,,137889,Female,3,No
11043,Eve,Doe, saLes ,Salesperson,2018-06-23,,76435,Male,1,No
11044,John,Johnson, saLes ,Developer,2016-11-17,,147129,F,2,No
11045,Eve,Smith,R&D,Salesperson,2021-01-20,,43928,F,1,No
11046,Alice,Miller,R&D,Salesperson,2020-07-01,,69451,M,2,No
11047,Alice,Miller, saLes ,Developer,2015-06-03,,77849,M,3,No
11048,John,Doe, saLes ,Analyst,2019-11-24,,71327,Female,4,yes
11049,Eve,Davis,R&D,Developer,2017-05-31,,125689,Male,2,No
11050,Bob,Smith,Sales,Developer,2018-06-15,,48561,Male,2,No
11051,Diana,Doe,HR,Analyst,2019-06-06,,113738,Male,2,No
11052,Diana,Smith, HR,Director,2021-02-13,,85636,F,1,No
11053,Jane,Doe,HR,Developer,2019-10-15,,89978,M,2,No
11054,Bob,Brown,R&D,Manager,2021-07-03,,127995,F,3,No
11055,John,Smith,HR,HR Rep,2017-06-05,,119998,F,1,No
11056,Alice,Johnson, HR,Analyst,2017-06-07,2019-11-11,128746,M,2,Yes
11057,John,Wilson,Sales,Manager,2019-03-09,2021-04-25,94240,Male,4,Yes
11058,Charlie,Brown, HR,Developer,2018-10-12,,66947,M,4,No
11059,John,Wilson,Sales,Analyst,2023-01-06,,40693,M,3,No
11060,Jane,Wilson,R&D,Director,2018-05-27,,51083,Female,1,No
11061,Bob,Johnson,HR,Developer,2019-11-23,,113935,Male,1,No
11062,Jane,Smith, saLes ,Manager,2020-10-18,,42250,F,1,No
11063,Charlie,Johnson,Sales,HR Rep,2019-06-25,,91931,Male,4,No
11064,Charlie,Doe,R&D,Director,2022-06-27,2025-10-03,56375,M,1,Yes
11065,Jane,Brown,HR,Director,2017-12-11,,125356,M,4,No
11066,Charlie,Brown,R&D,HR Rep,2016-03-28,,139736,M,3,No
11067,Diana,Smith, saLes ,Developer,2019-06-12,,133514,Male,4,yes
11068,John,Davis,R&D,Director,2018-10-24,,133219,Male,4,No
11069,Charlie,Smith,R&D,Developer,2020-04-04,2021-07-17,43934,Female,2,Yes
11070,Diana,Doe, HR,Developer,2019-06-11,,101972,Female,1,No
11071,Diana,Smith, saLes ,HR Rep,2016-07-26,,78591,Female,4,No
11072,Alice,Johnson, HR,Manager,2017-07-15,,69128,Female,2,No
11073,Frank,Doe, saLes ,HR Rep,2018-10-21,,53979,M,3,No
11074,Charlie,Wilson,HR,HR Rep,2022-09-12,,60142,Male,4,yes
11075,Diana,Johnson,R&D,Analyst,2015-08-16,,116594,M,4,No
11076,Eve,Brown, saLes ,HR Rep,2022-03-08,,96405,F,3,No
11077,Eve,Doe,R&D,Salesperson,2019-11-30,,88353,Male,1,No
11078,Frank,Johnson,R&D,Salesperson,10/11/2019,,93444,M,4,No
11079,Charlie,Davis,Sales,HR Rep,2020-04-21,,48590,F,3,No
11080,Bob,Johnson,R&D,Developer,2017-03-07,,66513,M,4,No
11081,Eve,Miller,HR,Developer,2018-01-19,,40244,F,1,No
11082,Bob,Davis,R&D,Manager,2015-04-21,,99988,Male,1,No
11083,Diana,Wilson, HR,HR Rep,2015-11-09,,120542,M,4,No
11084,Diana,Smith, HR,HR Rep,2020-06-15,,70640,M,4,yes
11085,Charlie,Davis,Sales,HR Rep,2019-08-15,,130385,F,3,No
11086,John,Brown,R&D,Analyst,2022-07-29,,148302,Female,2,No
11087,Diana,Miller, saLes ,Analyst,10/11/2018,,91831,F,2,No
11088,Diana,Davis,R&D,Director,2019-03-22,,86739,M,3,yes
11089,Charlie,Wilson,R&D,Developer,2022-07-16,,144260,Female,1,No
11090,Alice,Johnson,R&D,Developer,2015-10-07,,53776,Male,4,No
11091,Eve,Wilson,R&D,Developer,2020-08-28,,144080,Female,4,No
11092,Jane,Davis,Sales,Manager,2021-03-16,2023-11-04,79447,M,2,Yes
11093,John,Doe,HR,Developer,2016-03-24,,129610,M,2,No
11094,Alice,Davis,R&D,Developer,2018-02-23,2020-06-26,145958,Female,4,Yes
11095,Charlie,Wilson,Sales,Manager,2022-01-29,,113898,Male,3,No
11096,Charlie,Brown, saLes ,Developer,2020-12-21,,128569,F,3,No
11097,Bob,Doe,Sales,HR Rep,2020-11-14,,138848,F,1,No
11098,Charlie,Smith,R&D,HR Rep,2018-06-18,,134934,Male,4,No
11099,Jane,Smith,Sales,Developer,2017-10-02,,69600,Female,3,No
11100,Charlie,Brown, HR,Salesperson,2015-04-25,,146110,Male,3,No
11101,Charlie,Brown, saLes ,Salesperson,2019-04-02,,74521,Female,3,No
11102,Eve,Wilson,HR,Manager,2022-12-26,,113217,Male,2,No
11103,Frank,Doe,R&D,Salesperson,2018-10-21,,126778,Male,3,No
11104,Diana,Miller, HR,HR Rep,2021-07-20,,40796,M,3,No
11105,Charlie,Miller, HR,Director,2018-07-17,2020-10-25,,F,1,yes
11106,Alice,Brown, saLes ,Director,2017-03-29,,97272,Male,2,No
11107,John,Johnson, saLes ,Salesperson,03/15/2019,2020-03-05,118052,Female,4,Yes
11108,Charlie,Davis,HR,Manager,2020-03-12,,107183,M,3,No
11109,Frank,Miller,HR,Developer,10/31/2019,,48482,F,2,No
11110,Eve,Davis,R&D,Salesperson,2017-03-20,,148383,M,3,No
11111,John,Smith,R&D,Director,11/12/2022,,57393,Male,3,No
11112,Charlie,Doe,Sales,Director,2021-01-07,,72733,F,2,yes
11113,Alice,Miller, HR,HR Rep,2015-10-05,,68784,Male,1,No
11114,Alice,Brown, saLes ,Director,2016-04-07,,94059,M,1,No
11115,Frank,Johnson,HR,Analyst,2016-03-13,,132337,F,3,No
11116,Alice,Johnson, HR,HR Rep,2022-09-07,,87870,Female,3,No
11117,Diana,Wilson,Sales,HR Rep,2022-10-22,,60557,M,4,No
11118,Eve,Miller,Sales,Developer,2019-11-27,,149651,F,3,No
11119,Charlie,Brown,R&D,HR Rep,2021-05-14,,52305,M,3,No
11120,Diana,Smith, saLes ,Salesperson,2021-09-05,,106233,F,4,No
11121,Alice,Brown,Sales,Manager,2018-12-21,,44640,Male,1,No
11122,Bob,Doe,HR,Salesperson,04/11/2020,,,Male,3,No
11123,Bob,Brown,R&D,Analyst,2018-03-17,,134491,M,2,No
11124,John,Doe,R&D,Salesperson,2021-10-04,,64386,F,1,No
11125,Jane,Smith,R&D,Analyst,2015-10-11,,78923,Male,3,No
11126,Alice,Wilson, HR,Analyst,2019-01-28,,116819,Female,3,No
11127,Bob,Johnson,R&D,HR Rep,2022-11-11,2023-12-11,123513,M,3,Yes
11128,Jane,Doe,R&D,Analyst,2019-03-07,,45054,Female,4,No
11129,Jane,Brown,R&D,Director,2018-12-14,2022-05-31,142982,M,3,Yes
11130,Charlie,Doe, saLes ,HR Rep,2017-01-15,2019-02-25,58322,Male,2,Yes
11131,Bob,Johnson, HR,Analyst,2018-09-25,,145921,Male,3,No
11132,Eve,Doe, saLes ,Manager,2019-11-22,,48561,Female,4,No
11133,Eve,Smith,R&D,Developer,2021-06-09,,140100,Male,3,No
11134,Charlie,Johnson, HR,Director,01/06/2023,,79300,F,2,No
11135,Jane,Smith, HR,Manager,2019-11-15,,119528,Male,3,No
11136,Diana,Brown,R&D,Analyst,2018-02-08,,120059,M,3,yes
11137,Jane,Brown,R&D,Developer,2015-03-29,,137993,M,1,No
11138,John,Brown, saLes ,Director,2021-08-13,,145658,F,1,No
11139,John,Miller,R&D,Developer,2022-02-15,,139742,Female,4,No
11140,Frank,Johnson,Sales,Salesperson,2019-04-07,,106361,M,2,No
11141,John,Johnson, saLes ,Salesperson,2018-09-07,,119642,M,1,No
11142,Diana,Miller, saLes ,Director,2016-02-10,2020-02-27,76429,F,2,Yes
11143,John,Smith,Sales,Analyst,2017-12-12,,55058,M,1,No
11144,Diana,Johnson, HR,Salesperson,2017-04-05,2021-02-01,69588,Female,1,Yes
11145,Diana,Wilson, HR,Developer,2015-11-30,,44908,M,3,No
11146,John,Miller,R&D,Analyst,2019-04-18,2023-05-13,119657,Female,3,Yes
11147,Jane,Miller,HR,Manager,2015-11-30,,48031,M,1,No
11148,John,Doe,R&D,HR Rep,2017-03-02,,41290,Female,3,No
11149,Eve,Miller,R&D,Analyst,2022-08-03,,42340,Female,2,No
11150,Frank,Wilson, HR,Analyst,09/12/2021,,46974,Female,2,No
11151,Alice,Miller,R&D,Manager,2022-09-19,2024-02-18,66872,Male,4,Yes
11152,Eve,Davis,R&D,Analyst,2021-07-22,,76364,Female,2,yes
11153,Charlie,Miller,HR,Manager,2018-06-11,2021-02-26,72377,M,4,Yes
11154,Eve,Doe, saLes ,Salesperson,2015-05-28,,136358,Male,2,No
11155,Bob,Miller,HR,Manager,08/19/2022,,86886,M,2,No
11156,Frank,Brown,R&D,Developer,12/30/2022,,149632,M,2,No
11157,Eve,Johnson, HR,HR Rep,2016-04-17,,147186,M,2,No
11158,Eve,Johnson,Sales,Salesperson,2016-10-19,,135117,M,3,No
11159,John,Brown, saLes ,Salesperson,2019-02-08,,91606,F,1,No
11160,Charlie,Johnson,R&D,Manager,2016-10-12,,69083,M,2,No
11161,Eve,Smith,HR,Developer,2015-04-23,,68632,M,4,No
11162,Bob,Johnson,R&D,Analyst,2019-10-14,,124408,Female,1,No
11163,Charlie,Doe, saLes ,Salesperson,11/26/2021,,85844,F,3,No
11164,John,Doe, HR,Director,2016-10-22,2019-08-06,62425,F,2,Yes
11165,Charlie,Wilson, saLes ,Director,2023-03-08,,145927,F,2,No
11166,Eve,Doe,R&D,Manager,2020-02-02,,,F,1,No
11167,Alice,Miller, HR,Director,2019-10-21,,113018,F,2,No
11168,Diana,Wilson,R&D,Analyst,2019-12-29,,137974,M,4,No
11169,Bob,Smith, saLes ,Manager,2015-09-25,,119828,M,3,yes
11170,John,Smith,Sales,Salesperson,2018-07-31,,121246,Male,2,No
11171,Eve,Davis,Sales,Analyst,2015-07-06,,94345,M,2,No
11172,John,Brown, HR,Analyst,2015-08-16,,63698,M,2,No
11173,Diana,Doe, saLes ,Director,2021-03-18,,97514,M,1,yes
11174,Diana,Johnson,HR,Developer,2015-04-07,,97611,Female,3,No
11175,Eve,Smith,R&D,HR Rep,2019-05-16,,72261,Male,3,No
11176,Frank,Johnson,R&D,Developer,2018-04-10,,121749,F,4,No
11177,Eve,Johnson, saLes ,HR Rep,2017-10-24,,84440,F,1,No
11178,Eve,Johnson,R&D,Analyst,2015-07-17,,117858,F,2,yes
11179,Jane,Wilson,Sales,Director,2022-02-02,,57032,Female,4,No
11180,Diana,Miller, saLes ,HR Rep,2015-12-24,,76817,F,2,No
11181,John,Brown,HR,Salesperson,01/05/2022,,119614,Male,3,yes
11182,Alice,Wilson, HR,Analyst,2018-04-21,,64054,Female,4,No
11183,Jane,Smith,R&D,Developer,2019-09-19,,64160,Male,4,No
11184,Diana,Wilson,R&D,Salesperson,2015-04-22,,47145,M,2,No
11185,Bob,Johnson, saLes ,Manager,2015-09-13,,49539,Male,2,No
11186,Bob,Johnson,R&D,HR Rep,03/15/2021,2024-03-15,43914,F,3,Yes
11187,Frank,Miller,HR,Developer,2020-07-09,,140581,F,3,No
11188,Diana,Johnson,HR,Analyst,2019-07-18,2020-09-01,54921,F,2,Yes
11189,Jane,Doe,Sales,HR Rep,2015-12-12,,77250,F,2,No
11190,Eve,Wilson,HR,HR Rep,2016-05-22,,59862,Male,3,No
11191,Alice,Doe, HR,Developer,2019-02-19,,92285,F,3,No
11192,Charlie,Wilson,HR,Salesperson,04/22/2015,,,F,4,No
11193,John,Miller,R&D,Director,2015-03-10,,50455,M,2,No
11194,Bob,Brown,Sales,Developer,2018-12-23,,131923,M,1,No
11195,Eve,Wilson,R&D,HR Rep,2021-02-09,,,Male,1,No
11196,Eve,Wilson,R&D,Manager,2020-02-09,,101773,M,1,No
11197,Alice,Miller, saLes ,Developer,2018-11-16,,89566,F,1,No
11198,Eve,Wilson, HR,Director,2020-05-30,,105880,F,2,No
11199,John,Davis,R&D,HR Rep,2022-12-19,,96810,Female,2,No
11200,John,Miller,R&D,Director,2018-01-30,,113951,F,1,No
11201,Diana,Johnson, saLes ,Manager,2018-01-19,,95126,M,1,No
11202,Diana,Wilson,Sales,Developer,2015-10-24,,,F,4,No
11203,Eve,Johnson,R&D,Salesperson,2016-01-07,2016-08-10,44157,Female,1,Yes
11204,Charlie,Brown,R&D,Salesperson,2019-11-28,,148658,Male,4,No
11205,Alice,Davis,R&D,Director,2019-04-03,,80922,Male,1,No
11206,Charlie,Wilson,HR,Developer,2022-03-30,,121856,Male,1,No
11207,Eve,Brown,R&D,Analyst,2015-09-23,,105384,M,1,No
11208,John,Doe,HR,HR Rep,2018-02-06,,107780,F,1,No
11209,Diana,Wilson, saLes ,HR Rep,2022-12-21,,48376,M,1,No
11210,John,Miller, HR,Director,2019-07-21,,,F,1,No
11211,Alice,Wilson, HR,Developer,2017-05-14,2020-11-27,126821,F,4,yes
11212,Bob,Johnson,R&D,Developer,2015-07-24,,,Male,1,No
11213,Bob,Johnson,Sales,Analyst,2020-07-30,,94584,Female,4,No
11214,Bob,Smith, saLes ,Salesperson,2022-01-26,,45084,F,3,No
11215,Alice,Johnson, saLes ,Director,2017-06-16,,123895,Male,2,No
11216,Alice,Miller,Sales,Salesperson,2022-09-22,,48831,Male,4,No
11217,Alice,Brown,R&D,Director,2020-05-29,,74548,M,1,No
11218,Frank,Miller,HR,Director,2022-08-25,,94411,Male,1,yes
11219,John,Johnson,R&D,Manager,2021-05-06,,103208,M,3,No
11220,Charlie,Brown,R&D,Salesperson,2021-11-14,,127100,F,3,No
11221,Charlie,Johnson,R&D,Manager,2015-12-18,,134215,Female,4,No
11222,Charlie,Davis,Sales,Developer,2020-07-07,,73653,Female,2,No
11223,Eve,Miller,Sales,HR Rep,2016-09-24,,83858,M,2,No
11224,Eve,Wilson,HR,Salesperson,2017-11-04,,84799,M,4,No
11225,Diana,Doe,HR,Analyst,2021-03-25,,142166,Male,2,No
11226,Eve,Miller,HR,Director,2015-10-19,,110679,F,2,No
11227,Eve,Wilson, HR,Director,2017-10-26,,47165,Female,1,No
11228,Frank,Miller,Sales,Director,2021-10-21,,115429,M,4,No
11229,John,Brown,HR,Director,2020-09-13,2023-04-09,131748,Male,1,Yes
11230,John,Johnson, HR,HR Rep,2020-11-12,,,F,1,No
11231,Charlie,Davis,HR,HR Rep,2016-03-05,,113882,M,4,No
11232,Jane,Johnson,Sales,HR Rep,2016-05-16,,132927,Female,2,No
11233,Alice,Smith,R&D,Developer,2019-12-13,,56809,F,2,No
11234,Charlie,Wilson,Sales,Analyst,2016-04-21,,43765,M,3,No
11235,Diana,Johnson,R&D,Director,04/16/2020,2021-12-20,42144,Male,3,Yes
11236,Eve,Johnson, HR,Salesperson,2021-08-02,2023-08-06,93651,Female,4,Yes
11237,Charlie,Miller,Sales,Developer,2015-10-03,,57250,F,4,No
11238,Bob,Doe, saLes ,Director,2018-04-07,,88071,Male,3,No
11239,Charlie,Doe,R&D,HR Rep,2021-09-19,,145921,F,3,No
11240,Charlie,Miller,R&D,Developer,07/29/2021,,131579,Male,4,No
11241,Alice,Wilson, saLes ,HR Rep,2019-12-09,2023-05-10,83558,F,3,Yes
11242,Diana,Doe, saLes ,Developer,2020-06-10,,47798,Male,2,No
11243,Alice,Doe,R&D,Salesperson,2018-08-10,,131091,F,4,No
11244,Charlie,Wilson,R&D,Director,2022-08-25,,129633,F,3,No
11245,Diana,Brown,Sales,Analyst,2020-09-21,,111446,Male,3,No
11246,Jane,Wilson,R&D,Developer,2017-07-14,2020-09-28,61822,M,1,Yes
11247,Frank,Miller, HR,HR Rep,01/07/2020,,92453,Female,2,No
11248,Eve,Johnson,R&D,HR Rep,2018-02-09,,66715,Male,4,No
11249,Jane,Doe,HR,HR Rep,2020-12-09,2021-06-24,68264,Male,4,Yes
11250,Frank,Davis,Sales,Director,2021-03-23,,54738,M,4,No
11251,Charlie,Smith, HR,HR Rep,2021-08-11,,122634,M,2,yes
11252,Eve,Johnson,R&D,Developer,2017-09-01,,137413,M,2,No
11253,Frank,Johnson, HR,Analyst,2016-12-07,,136145,F,3,No
11254,Diana,Wilson,Sales,Developer,2017-01-12,2017-09-09,50373,F,2,Yes
11255,Eve,Smith, saLes ,Developer,2021-10-16,,91152,Female,2,No
11256,Eve,Wilson,HR,Manager,2020-08-29,,76177,Male,4,No
11257,Bob,Brown,R&D,Analyst,2017-04-15,,61871,Male,1,No
11258,John,Wilson,R&D,Director,2015-11-16,,72771,Male,4,No
11259,Jane,Doe,R&D,HR Rep,2017-04-14,,102258,M,4,No
11260,Diana,Smith,R&D,Manager,2020-03-08,,47010,F,1,No
11261,John,Brown, saLes ,Analyst,2022-12-23,,111342,Male,1,No
11262,Eve,Doe, saLes ,Manager,2015-10-05,,125064,M,1,yes
11263,Charlie,Johnson,Sales,HR Rep,2020-06-19,,79134,Male,3,No
11264,John,Doe,R&D,Salesperson,2015-12-15,,134926,Male,1,No
11265,Bob,Smith,Sales,Manager,2021-06-27,,142132,Male,4,No
11266,Bob,Doe,R&D,Developer,2019-12-15,,103666,Female,1,No
11267,Charlie,Wilson,Sales,Developer,11/13/2019,,52718,F,2,No
11268,Alice,Doe, saLes ,Developer,2019-02-04,,131315,Female,1,No
11269,Jane,Doe,R&D,Developer,07/27/2015,,110122,Female,3,No
11270,Eve,Davis, HR,Manager,2015-11-28,,70612,Female,4,No
11271,Frank,Johnson,R&D,HR Rep,2016-11-13,,,Female,1,No
11272,Alice,Wilson,R&D,Analyst,2019-09-24,,63881,Male,2,No
11273,Frank,Miller,Sales,Manager,2019-06-21,,,M,2,No
11274,Bob,Brown, saLes ,Analyst,2020-01-25,2023-06-11,71199,M,2,Yes
11275,Alice,Wilson, saLes ,Salesperson,2022-07-05,,99809,Female,3,No
11276,Frank,Brown, saLes ,Developer,2019-04-30,2022-02-04,86777,M,3,Yes
11277,Eve,Johnson,Sales,HR Rep,08/09/2020,,130801,Male,1,No
11278,John,Wilson,Sales,Director,06/12/2022,,132354,Male,3,No
11279,Bob,Wilson,R&D,Manager,05/21/2017,,114376,F,2,No
11280,Alice,Smith,R&D,Director,2016-07-04,,120935,M,3,No
11281,Diana,Davis,R&D,Developer,2015-12-05,,118539,F,2,No
11282,John,Wilson,R&D,Analyst,2015-10-17,,128907,Male,3,No
11283,Charlie,Miller,R&D,Developer,2019-05-16,,98679,F,2,No
11284,Bob,Smith,HR,Developer,2015-10-19,,76917,Female,4,No
11285,Frank,Brown,Sales,HR Rep,08/07/2021,,92867,M,3,No
11286,Charlie,Doe,R&D,Manager,2021-11-30,,,Male,4,No
11287,Bob,Smith,R&D,Developer,2019-08-06,,91146,Female,2,No
11288,Charlie,Brown,Sales,HR Rep,2015-09-03,,106962,Female,4,No
11289,John,Brown,Sales,HR Rep,2019-11-09,,147818,F,2,No
11290,Eve,Davis,HR,Salesperson,2016-07-16,,54475,Male,3,No
11291,Frank,Doe,HR,Director,2016-07-14,,139709,Male,1,No
11292,Bob,Brown, saLes ,Manager,2020-05-23,,122281,F,1,No
11293,John,Miller,Sales,Developer,2017-03-07,,104799,Male,4,No
11294,Bob,Brown,HR,Salesperson,2017-07-31,,53465,Male,1,No
11295,Charlie,Smith,R&D,Manager,2017-12-17,,142778,F,3,No
11296,Eve,Davis,Sales,HR Rep,2022-06-21,,,Male,3,No
11297,Alice,Johnson, saLes ,Manager,2019-03-17,,,Female,3,No
11298,Alice,Doe,R&D,Director,2020-05-31,2023-06-10,99030,Male,2,Yes
11299,Charlie,Doe,R&D,Salesperson,2020-02-15,,142921,Female,3,No
11300,Alice,Smith,HR,HR Rep,03/03/2023,,125866,Male,4,No
11301,John,Miller,Sales,Analyst,2019-10-01,,116269,F,3,No
11302,Jane,Wilson,R&D,Salesperson,2018-04-29,,80272,Male,4,No
11303,John,Miller, saLes ,Analyst,2017-03-27,,77203,Female,2,No
11304,Eve,Doe,R&D,Manager,2017-10-16,,46555,M,3,No
11305,Bob,Miller, HR,HR Rep,10/14/2018,,89522,M,2,yes
11306,Jane,Miller,R&D,Director,2022-10-07,,89744,Male,3,No
11307,Charlie,Brown, saLes ,Salesperson,2016-03-23,,88189,M,4,No
11308,Bob,Doe, saLes ,Director,2017-03-09,,43843,Female,4,No
11309,Eve,Wilson,R&D,Director,2019-11-03,2020-06-25,109792,F,1,Yes
11310,Jane,Miller, saLes ,Analyst,2021-12-11,,120878,Male,4,No
11311,Alice,Brown,HR,Analyst,2020-05-29,,146361,Female,3,No
11312,Jane,Johnson, saLes ,Analyst,2016-03-10,2017-06-11,90380,Female,1,Yes
11313,Eve,Miller,Sales,Director,09/13/2019,,60463,Male,1,No
11314,Jane,Davis,Sales,Developer,2015-11-06,,53604,Female,4,No
11315,Charlie,Brown,R&D,Manager,2016-08-22,,78048,M,3,No
11316,Eve,Davis, saLes ,Salesperson,2022-06-24,,99775,Male,1,No
11317,Alice,Miller,Sales,Director,04/23/2019,,55693,F,2,No
11318,Frank,Johnson, HR,HR Rep,10/22/2019,,145362,Female,3,No
11319,Charlie,Miller, HR,Director,2020-09-22,,132773,Male,4,No
11320,Alice,Doe,R&D,Director,2021-11-16,,53615,Male,3,No
11321,Charlie,Brown, saLes ,Salesperson,2019-03-07,,102718,M,2,No
11322,Alice,Brown,HR,Developer,2019-09-23,,122228,Female,2,No
11323,Diana,Johnson,HR,Director,2020-10-30,,116715,M,2,No
11324,Jane,Smith,R&D,HR Rep,2015-01-28,,67574,M,3,No
11325,Diana,Wilson, saLes ,Analyst,02/14/2018,,43816,M,4,No
11326,Jane,Wilson,R&D,Salesperson,2017-11-25,,113161,M,4,No
11327,Charlie,Brown, HR,Developer,2017-11-25,,84575,M,1,No
11328,Jane,Smith,Sales,Manager,2021-02-25,2023-11-02,146050,M,4,Yes
11329,Eve,Johnson,Sales,Analyst,2015-07-07,,104322,Female,1,No
11330,John,Davis, saLes ,Developer,2020-04-09,,96055,M,3,No
11331,Diana,Miller,Sales,Developer,2021-07-19,,146291,Male,4,No
11332,Jane,Wilson,R&D,Manager,2016-07-23,2018-09-01,108280,Female,2,Yes
11333,Charlie,Davis, saLes ,Manager,2020-09-20,,70946,Male,3,No
11334,Charlie,Wilson,HR,Analyst,2021-06-01,2023-12-09,146770,Female,1,Yes
11335,Alice,Brown, saLes ,Analyst,2021-12-18,,110019,F,2,No
11336,Diana,Wilson, saLes ,Analyst,2020-10-27,,106733,Female,3,No
11337,Eve,Johnson,Sales,Developer,2015-10-01,,75461,M,4,No
11338,Eve,Doe,R&D,Manager,01/03/2017,,103218,Female,4,No
11339,Charlie,Johnson,Sales,Analyst,2018-04-25,2020-12-14,97627,Female,2,Yes
11340,Frank,Johnson,Sales,Manager,2015-11-11,,113999,Male,1,No
11341,Jane,Brown,Sales,HR Rep,2020-02-11,,79372,M,1,No
11342,John,Davis,R&D,Manager,2020-05-13,,148091,Female,2,No
11343,Frank,Smith, HR,HR Rep,10/09/2020,,136042,F,2,No
11344,Charlie,Davis,R&D,HR Rep,2017-03-04,,121452,Female,1,No
11345,Frank,Davis, saLes ,Director,2019-11-23,,91995,F,4,No
11346,Bob,Davis, saLes ,Developer,2018-12-09,,94370,F,3,No
11347,Diana,Miller,HR,Salesperson,07/13/2015,,41414,Male,4,No
11348,Alice,Wilson,R&D,Salesperson,2020-11-28,,112090,Male,2,No
11349,John,Doe,R&D,Salesperson,2016-08-20,,,F,1,No
11350,John,Miller, saLes ,Manager,2015-02-15,,116033,M,4,No
11351,Eve,Davis,R&D,HR Rep,2021-08-18,,131218,F,3,No
11352,Diana,Brown,R&D,Salesperson,2018-10-26,,112785,Female,2,No
11353,Jane,Miller,Sales,Developer,2020-05-22,,77008,M,4,No
11354,Jane,Doe,HR,Analyst,2018-01-15,,77790,F,2,No
11355,Bob,Miller, saLes ,Manager,2016-05-27,,96905,Female,3,yes
11356,Eve,Miller,R&D,Developer,2019-07-13,2020-10-23,142131,F,1,Yes
11357,Diana,Davis,HR,Director,2017-11-16,,59661,Male,4,No
11358,Eve,Johnson,R&D,HR Rep,2019-08-21,,44343,M,1,No
11359,Bob,Davis,R&D,Director,2018-12-23,,97602,F,3,No
11360,Frank,Doe,Sales,HR Rep,2022-09-02,,112239,Male,4,No
11361,Frank,Miller, HR,Manager,2016-11-12,,109681,F,3,No
11362,Frank,Brown,HR,Developer,2023-03-12,,79456,Female,4,No
11363,Frank,Brown,HR,HR Rep,2015-03-11,,60488,M,1,No
11364,Charlie,Doe,HR,HR Rep,2021-01-14,,80495,Male,4,No
11365,Jane,Davis,HR,Director,2016-03-06,,145425,Male,1,No
11366,Jane,Smith,R&D,Developer,2017-02-08,,95129,Female,4,No
11367,Eve,Brown, HR,Analyst,2018-10-08,,51088,Female,3,No
11368,Diana,Miller, HR,Salesperson,2015-05-21,2017-10-31,135916,F,4,Yes
11369,John,Johnson,Sales,Salesperson,2022-09-23,2024-12-31,40325,M,4,Yes
11370,Diana,Miller,R&D,Salesperson,2022-04-07,,73074,F,3,No
11371,Bob,Davis,Sales,HR Rep,2015-02-24,,134984,Male,4,No
11372,Eve,Smith, HR,HR Rep,2018-03-16,,101902,F,1,No
11373,Bob,Brown,R&D,Developer,2020-03-25,,125475,Female,1,No
11374,Diana,Doe,Sales,Developer,2018-10-13,2022-01-20,145984,M,4,Yes
11375,Diana,Smith, HR,Director,2019-07-30,,101909,Male,3,No
11376,Diana,Brown, HR,HR Rep,2022-09-22,2025-06-15,47224,Male,2,Yes
11377,Eve,Davis,HR,Salesperson,2018-05-08,,79691,Female,4,No
11378,Diana,Johnson,R&D,Director,2019-07-07,,149462,F,2,No
11379,Diana,Miller, HR,Analyst,2017-11-22,,133685,F,2,No
11380,Frank,Wilson,R&D,Director,2021-04-14,,70122,F,3,No
11381,Charlie,Smith,R&D,Manager,2023-03-02,,141325,F,4,No
11382,Bob,Johnson, saLes ,Manager,10/30/2015,,,Male,4,No
11383,Diana,Wilson,R&D,Developer,2019-04-01,,112790,Male,3,No
11384,John,Brown, saLes ,Salesperson,2018-08-05,,78806,M,3,No
11385,Diana,Miller, saLes ,HR Rep,2020-02-22,,85607,Male,2,No
11386,Jane,Brown, HR,Salesperson,2016-01-07,,87183,M,4,No
11387,Eve,Johnson,HR,HR Rep,2015-11-25,,97442,Female,3,No
11388,John,Smith,HR,Director,2016-01-25,,53315,M,2,No
11389,Alice,Wilson,R&D,Salesperson,2022-01-31,2025-10-09,88283,Female,4,yes
11390,Frank,Doe, saLes ,Manager,2022-08-05,,92730,Male,3,No
11391,Bob,Brown, saLes ,Developer,2022-11-28,,78695,F,2,No
11392,Bob,Miller, HR,HR Rep,2016-06-16,,73470,M,4,No
11393,Frank,Smith, HR,Developer,2017-10-19,,69785,M,4,No
11394,Jane,Davis,Sales,HR Rep,2019-08-05,,128119,F,3,No
11395,Charlie,Smith,R&D,Salesperson,2020-01-28,,84865,M,1,No
11396,Alice,Miller,R&D,Director,2022-12-21,,55520,F,2,No
11397,Alice,Doe,HR,HR Rep,2015-12-19,,64518,F,3,No
11398,John,Smith,R&D,HR Rep,2019-07-17,,63564,F,2,yes
11399,Charlie,Wilson,R&D,Salesperson,2020-04-05,2021-05-29,109552,Female,2,Yes
11400,Diana,Davis,HR,Analyst,2015-07-25,,59668,Male,4,No
11401,Eve,Smith,R&D,Salesperson,2022-07-12,,120553,F,1,No
11402,Charlie,Miller, HR,Manager,2021-06-21,,,Male,1,No
11403,Frank,Smith,R&D,Manager,01/28/2016,2018-06-19,146903,M,3,Yes
11404,John,Davis,HR,Developer,2019-12-27,,122224,Female,2,No
11405,Diana,Wilson,R&D,HR Rep,2022-03-27,,,F,4,No
11406,Eve,Johnson,HR,Analyst,2016-11-15,,89167,F,1,No
11407,Diana,Brown, HR,Director,2017-04-18,,146660,M,4,No
11408,Jane,Johnson,Sales,Manager,2018-02-09,,116600,M,3,No
11409,Bob,Smith,R&D,Salesperson,2016-01-17,,51722,Female,1,No
11410,Jane,Smith,R&D,Developer,2022-03-25,,100314,F,1,No
11411,Bob,Johnson,R&D,Salesperson,2021-11-06,,110511,Male,3,No
11412,Alice,Johnson, HR,HR Rep,2021-12-27,,,F,4,No
11413,Bob,Doe, saLes ,Developer,2015-06-07,2016-02-05,116598,Female,1,Yes
11414,Alice,Smith,R&D,HR Rep,2018-11-28,,109404,Female,2,No
11415,Diana,Wilson, saLes ,Analyst,2018-08-16,2022-01-06,76805,Female,1,Yes
11416,Charlie,Doe,Sales,Salesperson,2022-01-03,,53096,M,3,No
11417,John,Wilson, HR,Salesperson,2017-02-06,,137653,Male,3,No
11418,Diana,Brown,R&D,Developer,2017-02-19,,62530,M,3,No
11419,Jane,Wilson, HR,Director,2018-08-04,,128862,Male,2,No
11420,Frank,Wilson,R&D,Developer,2023-01-07,2026-05-22,123971,M,1,Yes
11421,John,Doe,R&D,Developer,2016-10-24,,80731,Female,1,yes
11422,Bob,Doe,R&D,Developer,2016-05-20,,,Female,3,yes
11423,John,Davis, saLes ,Director,2016-03-01,,147788,F,1,No
11424,Jane,Smith,HR,Developer,2019-05-12,,57059,F,1,No
11425,Eve,Miller,R&D,Director,2020-12-19,,47683,F,2,No
11426,Eve,Davis,HR,Analyst,04/04/2022,,140406,Male,1,No
11427,Diana,Miller,HR,Developer,2021-05-22,,60018,F,1,yes
11428,Eve,Doe,HR,Salesperson,2022-11-06,,,M,2,No
11429,Diana,Smith,R&D,Developer,2019-09-23,2020-09-09,67878,F,1,Yes
11430,Charlie,Wilson,HR,Developer,2019-07-27,,61265,M,1,No
11431,Eve,Doe,R&D,Developer,2017-04-03,,74386,Male,3,No
11432,Diana,Wilson,R&D,Analyst,2023-01-27,,74464,Female,1,No
11433,Diana,Davis,R&D,Analyst,2017-12-29,,108491,M,1,yes
11434,Eve,Johnson, saLes ,HR Rep,2015-02-27,,122694,Male,3,No
11435,Frank,Brown,Sales,Manager,2022-06-16,,46621,F,3,No
11436,Frank,Davis,R&D,Salesperson,2022-10-12,,78727,Female,3,No
11437,Diana,Smith, HR,Salesperson,2016-03-26,,44037,Female,3,No
11438,Charlie,Smith,HR,Developer,2019-09-13,2022-09-26,59672,Female,3,Yes
11439,Frank,Davis, HR,Director,2023-01-04,,127103,M,4,No
11440,Charlie,Brown,Sales,Manager,2023-03-06,2024-05-01,100079,Female,4,Yes
11441,Bob,Davis,HR,Director,2017-05-30,,112004,Female,2,No
11442,Alice,Doe, HR,Manager,2019-04-24,,112627,Male,3,No
11443,Bob,Doe, saLes ,Analyst,2018-06-22,,90515,M,2,No
11444,Jane,Smith,HR,HR Rep,2016-01-01,,141562,M,1,No
11445,Bob,Wilson,HR,Analyst,10/13/2019,,83262,M,3,No
11446,John,Wilson,R&D,Manager,2021-12-11,,143342,Female,4,No
11447,Jane,Wilson, HR,Manager,09/03/2019,,96470,F,1,No
11448,Frank,Davis, HR,Salesperson,2018-09-05,,117158,Male,3,No
11449,Jane,Smith, saLes ,HR Rep,2020-03-14,,77456,M,1,No
11450,Bob,Johnson,R&D,Analyst,2022-08-05,,143897,F,1,No
11451,John,Davis, HR,Developer,2015-08-19,2019-03-30,83486,M,4,Yes
11452,John,Wilson,R&D,HR Rep,2018-11-06,2021-06-12,85171,Female,4,Yes
11453,Diana,Brown, HR,HR Rep,2020-11-26,,40514,F,2,No
11454,John,Miller,R&D,Manager,2023-03-09,,76016,Female,4,No
11455,Jane,Johnson,R&D,Salesperson,2016-11-14,,132718,Female,3,yes
11456,Jane,Davis,R&D,Director,2015-10-05,,57996,F,2,No
11457,Diana,Brown, HR,HR Rep,2015-04-18,,,Male,3,No
11458,Jane,Johnson,R&D,Director,05/29/2015,,69408,Female,4,No
11459,John,Davis,Sales,Analyst,05/05/2020,2023-09-16,135843,Female,1,Yes
11460,Eve,Smith,HR,Director,2015-06-23,,85674,M,3,No
11461,Bob,Miller, HR,Salesperson,2019-05-16,,107344,Female,2,No
11462,Charlie,Miller,R&D,Manager,2019-07-08,,91935,F,2,No
11463,Charlie,Smith,HR,Analyst,2015-01-12,,113172,Male,4,No
11464,Bob,Smith,R&D,Salesperson,2016-04-03,,92329,F,2,No
11465,Diana,Davis,R&D,Developer,2018-10-27,,146561,M,1,No
11466,Jane,Brown,HR,Salesperson,2015-04-02,,91485,Female,3,No
11467,Eve,Davis, saLes ,HR Rep,2023-03-08,,73862,Female,3,No
11468,Bob,Smith,HR,Salesperson,12/15/2019,,80617,F,2,No
11469,Jane,Doe, HR,Developer,2015-03-15,,,Female,2,No
11470,Alice,Miller,R&D,Manager,2021-07-31,,43108,Female,1,No
11471,Frank,Davis,Sales,Salesperson,2017-06-19,,52548,F,3,No
11472,Bob,Johnson, saLes ,Analyst,2016-03-13,,115349,Female,2,No
11473,Jane,Davis,R&D,Manager,2018-04-30,,90053,Male,1,No
11474,Jane,Brown,Sales,HR Rep,2015-02-13,2017-07-24,59280,M,4,Yes
11475,Frank,Johnson,Sales,Manager,2017-02-18,,99238,F,1,No
11476,Eve,Doe, HR,HR Rep,2015-12-29,,139119,Male,4,No
11477,Frank,Davis,HR,Manager,2015-11-27,,,Female,1,No
11478,Bob,Johnson,R&D,Manager,2015-09-02,,97183,F,4,No
11479,Charlie,Doe, HR,Developer,2020-11-17,,131910,F,1,No
11480,John,Doe, HR,Manager,2016-04-13,,55357,Female,2,No
11481,Diana,Davis,R&D,Analyst,2022-12-13,,137443,Male,2,yes
11482,Frank,Miller,R&D,Salesperson,2022-04-05,,78963,Male,1,No
11483,Charlie,Doe,R&D,HR Rep,2021-05-26,2023-12-23,109412,M,1,Yes
11484,Jane,Davis, saLes ,HR Rep,2021-07-02,2024-01-03,96303,Male,4,Yes
11485,John,Miller,Sales,Analyst,2020-11-25,,113776,M,1,No
11486,Bob,Doe, HR,HR Rep,2016-08-11,,141790,Male,3,No
11487,John,Doe,HR,Salesperson,2015-12-30,,111170,F,3,No
11488,Diana,Brown, saLes ,Director,2022-02-19,,131865,M,3,No
11489,Diana,Smith,R&D,Manager,2016-06-30,,108323,Female,2,No
11490,Jane,Smith, HR,Manager,2021-04-10,,45486,M,1,No
11491,Bob,Doe,R&D,Manager,2018-05-01,2021-11-29,126455,Female,3,Yes
11492,John,Davis,R&D,HR Rep,2016-04-21,,116951,Female,2,No
11493,Alice,Doe,R&D,Salesperson,2015-02-25,,121611,F,1,No
11494,Eve,Miller,HR,Manager,2016-07-23,,134223,F,3,No
11495,Frank,Smith,R&D,Developer,2019-02-02,,89323,Female,1,No
11496,Charlie,Wilson, saLes ,Analyst,2017-05-08,,113322,Male,4,No
11497,Alice,Brown,R&D,Developer,2015-01-03,,70591,M,3,No
11498,Charlie,Brown, saLes ,HR Rep,2019-04-29,,118946,Female,3,yes
11499,Alice,Miller,Sales,Salesperson,01/22/2020,,84874,M,4,No
11500,Jane,Wilson, HR,Director,2019-11-19,,58365,M,4,No

