DataID,Date,ChannelGroup,DeviceCategory,TotalUsers,NewUsers,Sessions,Purchases,Revenue
60001,01/16/2024,Organic Search,Desktop,1890,1001,2626,131,13886
60002,2024-12-11, direct ,tablet,1659,1011,2243,179,17184
60003,2024-01-11, direct ,smart tv,1780,890,2343,187,11781
60004,2024-02-14,Email,desktop,2381,1309,2617,52,6448
60005,2024-05-08,Social,tablet,2644,1797,2813,56,8120
60006,2024-04-21,Referral,smart tv,561,274,645,12,1092
60007,2024-10-30,Paid Search,tablet,292,216,375,18,1836
60008,2024-10-19,Direct,tablet,1749,1206,2302,184,8648
60009,2024-07-26,Email,smart tv,268,211,316,6,714
60010,2024-08-15,Referral,Desktop,1622,956,2080,41,1435
60011,2024-02-15,Organic Search,desktop,2284,1324,2753,137,5891
60012,12/13/2024, direct ,mobile,164,104,198,15,1545
60013,2024-05-07,Referral,tablet,812,349,864,17,646
60014,2024-10-01,Referral,desktop,1671,701,2038,40,2480
60015,2024-02-25, direct ,desktop,653,515,769,61,3721
60016,2024-10-01,Referral,desktop,592,331,846,16,1776
60017,2024-06-21,Email,tablet,517,263,663,13,1521
60018,2024-06-13,email,Desktop,895,447,1079,21,2100
60019,2024-12-22,Paid Search,smart tv,1826,1387,1985,99,11088
60020,2024-02-02,Social,smart tv,208,114,229,4,228
60021,2024-04-23,Referral,mobile,1751,1348,2162,43,5160
60022,2024-10-11,Email,desktop,2536,1065,2916,58,7192
60023,2024-05-31,email,desktop,1000,690,1390,27,918
60024,2024-02-27, direct ,tablet,972,427,1105,88,11968
60025,2024-12-14,Direct,desktop,1977,1561,2568,205,14350
60026,2024-10-12,Email,tablet,1306,692,1485,29,2813
60027,2024-09-22,email,desktop,1533,613,1704,34,4964
60028,2024-07-31,email,smart tv,817,498,1076,21,2541
60029,2024-02-06,Paid Search,tablet,1824,1130,2172,108,5400
60030,2024-05-29,email,mobile,1009,494,1402,28,3724
60031,04/13/2024,Social,tablet,1945,1303,2289,45,4905
60032,2024-03-06,Email,smart tv,1294,789,1638,32,2176
60033,2024-03-27,Direct,desktop,1767,830,2490,199,20497
60034,2024-01-09,Organic Search,desktop,1876,1313,2606,130,14430
60035,2024-11-21,Direct,smart tv,1261,554,1386,110,5280
60036,2024-07-25,Email,tablet,1995,1556,2434,48,3552
60037,06/09/2024,Email,Desktop,531,281,648,12,624
60038,2024-08-07,Social,mobile,284,198,365,7,413
60039,2024-12-08,email,desktop,1459,729,1999,39,3861
60040,2024-02-15,email,desktop,1824,1057,2005,40,920
60041,2024-07-06,Paid Search,mobile,1299,649,1494,74,1924
60042,2024-09-27,Referral,smart tv,1881,846,2294,45,2295
60043,2024-03-28,email,tablet,762,579,1003,20,1740
60044,2024-11-23, direct ,smart tv,999,649,1408,112,10976
60045,2024-11-21,Direct,Desktop,1537,999,1898,151,5738
60046,2024-09-19,Referral,tablet,1892,1475,2126,42,5124
60047,2024-10-21,Paid Search,mobile,1187,890,1696,84,11508
60048,2024-11-05,Social,mobile,356,227,509,10,210
60049,2024-08-10,Organic Search,tablet,1398,573,1607,80,4320
60050,2024-02-10,Social,tablet,347,256,476,9,1170
60051,2024-07-25, direct ,smart tv,779,514,1053,84,4872
60052,2024-02-28, direct ,desktop,1316,802,1881,150,18900
60053,2024-12-18, direct ,smart tv,1660,1261,1767,141,3948
60054,2024-02-27,Referral,mobile,848,661,932,18,1656
60055,2024-01-06,email,tablet,1154,911,1581,31,2542
60056,2024-08-05,Direct,tablet,1842,1418,1981,158,5530
60057,2024-04-14,Direct,mobile,1261,643,1597,127,11811
60058,2024-01-24,Social,tablet,1927,1329,2570,51,3621
60059,2024-01-07,Organic Search,desktop,905,597,1258,62,2666
60060,2024-12-08,Email,Desktop,176,119,220,4,352
60061,2024-11-12,Referral,desktop,147,83,173,3,327
60062,2024-03-13,email,smart tv,917,513,1008,20,2580
60063,2024-09-17,email,tablet,1837,1083,2450,49,5684
60064,2024-06-27,Email,desktop,1439,1021,1694,33,1023
60065,2024-08-30,Social,mobile,445,338,557,11,1430
60066,2024-01-03,Social,tablet,1139,683,1295,25,950
60067,2024-02-11,Paid Search,desktop,2664,1092,2835,141,19458
60068,2024-01-25,Referral,desktop,2004,1242,2278,45,4905
60069,2024-04-21,Organic Search,desktop,1156,751,1360,68,1428
60070,2024-02-04, direct ,mobile,1943,1282,2068,165,11055
60071,2024-05-18, direct ,Desktop,377,177,434,34,2346
60072,2024-03-13, direct ,Desktop,1278,766,1579,126,4410
60073,05/06/2024,Paid Search,mobile,1511,921,1889,94,6204
60074,2024-01-26,Email,desktop,125,93,163,3,192
60075,2024-06-04,Paid Search,Desktop,1383,1009,1821,91,12194
60076,2024-06-18,Social,Desktop,1927,1310,2471,49,3822
60077,2024-03-01,email,Desktop,1306,731,1866,37,3774
60078,2024-07-30,Direct,desktop,1964,1355,2728,218,13734
60079,2024-07-25,Social,mobile,846,532,1020,20,1600
60080,2024-08-11,Direct,mobile,1478,798,1760,140,8540
60081,2024-11-11,Direct,smart tv,1482,874,1925,154,
60082,2024-08-12,Referral,Desktop,408,208,492,9,873
60083,2024-06-04,Paid Search,mobile,1304,534,1787,89,9523
60084,2024-09-17,email,desktop,1154,750,-1480,29,3944
60085,2024-01-11,Email,smart tv,177,118,234,4,196
60086,2024-04-18,Referral,mobile,523,402,569,11,1331
60087,2024-04-04,Organic Search,smart tv,107,57,145,7,700
60088,2024-11-15,email,smart tv,207,124,256,5,525
60089,2024-06-09,Email,mobile,123,84,133,2,232
60090,2024-06-01, direct ,desktop,1716,1235,2288,183,20130
60091,2024-11-16, direct ,tablet,565,412,615,49,1372
60092,2024-05-24,Social,smart tv,197,108,244,4,480
60093,2024-06-17,Referral,Desktop,814,504,1163,23,2760
60094,2024-08-16,Direct,mobile,1116,881,1431,114,16644
60095,2024-02-07,Social,mobile,410,205,563,11,407
60096,10/20/2024,email,tablet,931,521,1226,24,3480
60097,2024-05-06,Organic Search,mobile,304,145,362,18,1026
60098,2024-06-14,Social,smart tv,2598,1117,2920,58,4234
60099,2024-10-02,Referral,tablet,195,144,233,4,352
60100,12/07/2024,email,desktop,1625,942,2322,46,2024
60101,2024-12-03,email,tablet,2039,1203,2582,51,3468
60102,02/27/2024,Paid Search,Desktop,1208,676,1299,64,6592
60103,2024-09-18,Paid Search,desktop,1835,1119,2294,114,9918
60104,2024-04-28,Paid Search,desktop,858,523,965,48,2304
60105,2024-02-03,email,mobile,235,164,253,5,110
60106,2024-08-14,email,smart tv,1979,1266,2639,52,6656
60107,2024-11-02,Social,smart tv,667,460,878,17,714
60108,2024-05-23,email,smart tv,989,682,1319,26,572
60109,2024-09-04,email,desktop,827,339,1009,20,2000
60110,2024-03-05,Social,mobile,1819,1400,2492,49,3136
60111,2024-03-05,Email,desktop,1108,831,1385,27,1377
60112,2024-06-30, direct ,Desktop,1752,735,2276,182,16016
60113,2024-03-23,email,tablet,1218,791,1400,28,2968
60114,2024-04-13,email,desktop,1438,618,1998,39,5265
60115,2024-08-08,Email,tablet,1479,1094,1761,35,3920
60116,2024-01-19,Direct,mobile,1251,813,1762,140,20020
60117,2024-10-12,Email,Desktop,817,531,1135,22,2288
60118,2024-03-28,email,tablet,472,325,583,11,726
60119,2024-10-31,Organic Search,mobile,730,394,803,40,4160
60120,2024-06-19,Paid Search,Desktop,314,169,398,19,1539
60121,2024-12-06,Social,Desktop,798,462,877,17,1683
60122,2024-04-26,Direct,smart tv,2516,1081,2765,221,7735
60123,10/04/2024,Direct,tablet,452,334,629,50,2050
60124,2024-01-29,Organic Search,tablet,2385,1335,2807,140,
60125,2024-05-30,Social,tablet,693,297,937,18,1854
60126,2024-04-16, direct ,smart tv,1979,910,2129,170,24310
60127,2024-01-06,Paid Search,mobile,180,81,254,12,1116
60128,2024-06-10,Direct,mobile,235,138,336,26,2366
60129,2024-01-06,Paid Search,desktop,1386,803,-1541,77,5467
60130,2024-06-16,Social,Desktop,838,477,1148,22,924
60131,2024-01-23,email,tablet,1987,914,2454,49,4018
60132,2024-06-10,Referral,smart tv,444,177,494,9,441
60133,2024-08-06, direct ,smart tv,2362,1157,2513,201,8844
60134,2024-08-01,Direct,desktop,2247,1168,2775,222,23976
60135,2024-08-30,Referral,desktop,1553,1118,1726,34,4522
60136,2024-02-10,Paid Search,mobile,1496,1032,1919,95,3610
60137,2024-03-25,Social,smart tv,262,157,360,7,679
60138,2024-06-29,email,Desktop,1456,1150,1714,34,3808
60139,2024-03-04,Email,mobile,2020,1595,2557,51,6987
60140,2024-09-27,email,tablet,2086,1189,2398,47,1222
60141,2024-05-02,Direct,desktop,238,116,-268,21,1785
60142,05/03/2024,email,smart tv,1829,1115,2010,40,1520
60143,2024-02-18,Organic Search,desktop,2148,1202,2755,137,
60144,2024-03-04,Referral,smart tv,1884,960,2005,40,2600
60145,2024-02-19,Paid Search,tablet,741,355,852,42,1596
60146,2024-02-24,Organic Search,mobile,857,359,974,48,6576
60147,2024-05-07,Email,smart tv,2017,1048,2522,50,2250
60148,2024-07-31, direct ,smart tv,1536,814,1787,142,16330
60149,2024-02-05, direct ,desktop,1996,1377,2194,175,13125
60150,2024-11-27,Organic Search,tablet,1777,710,2195,109,8720
60151,05/23/2024,Direct,desktop,1026,605,1104,88,6688
60152,2024-05-23,email,Desktop,1387,1040,1954,39,2652
60153,2024-09-01,Referral,desktop,1789,715,2386,47,2209
60154,2024-08-16,Organic Search,desktop,1743,871,2455,122,13908
60155,2024-05-23,Referral,smart tv,1362,749,1622,32,1440
60156,2024-07-23,Email,smart tv,526,268,642,12,1524
60157,2024-12-06,Email,tablet,160,75,196,3,414
60158,2024-10-23,Social,mobile,1371,630,1736,34,4862
60159,2024-10-21,Paid Search,mobile,1645,970,1750,87,7395
60160,2024-10-13,Email,smart tv,1831,1391,-2509,50,2000
60161,2024-05-27,Direct,mobile,2005,822,2538,203,6699
60162,2024-05-02,Organic Search,desktop,762,304,1059,52,
60163,2024-01-14,Direct,Desktop,1880,1278,2380,190,3800
60164,06/13/2024,Organic Search,smart tv,1862,1322,2419,120,15960
60165,2024-12-13,Email,desktop,2371,1185,2928,58,3944
60166,2024-02-09,Organic Search,smart tv,2574,1492,2926,146,6278
60167,09/03/2024,Referral,smart tv,901,414,-1156,23,1932
60168,2024-04-21,Email,Desktop,341,167,397,7,1008
60169,2024-02-14,Referral,smart tv,874,638,1067,21,1722
60170,2024-11-06,Paid Search,desktop,1436,990,1545,77,9625
60171,2024-04-16,Direct,mobile,1238,742,1318,105,6510
60172,2024-06-27,Paid Search,mobile,822,427,1055,52,7124
60173,2024-06-24, direct ,mobile,500,375,575,46,2806
60174,2024-12-08,Paid Search,mobile,193,94,248,12,936
60175,2024-01-02, direct ,mobile,1396,725,1791,143,3003
60176,2024-08-14,Social,Desktop,486,379,572,11,1496
60177,2024-02-02,Direct,tablet,826,404,1164,93,2697
60178,2024-02-01,Social,Desktop,2399,1727,2553,51,3876
60179,2024-05-18,Social,desktop,1228,933,1706,34,2448
60180,2024-05-28,Paid Search,tablet,824,494,916,45,
60181,2024-02-06, direct ,Desktop,296,145,333,26,
60182,2024-10-22,Paid Search,mobile,837,544,1116,55,7095
60183,2024-02-24,Direct,smart tv,1532,919,1742,139,20572
60184,2024-06-11,Email,desktop,1589,667,2177,43,5031
60185,2024-11-11,Email,Desktop,1771,743,1925,38,1026
60186,2024-03-05,Social,smart tv,894,429,1177,23,529
60187,2024-04-03,email,Desktop,1853,796,2288,45,1935
60188,2024-02-25, direct ,desktop,1113,634,1237,98,3724
60189,2024-09-01, direct ,tablet,2290,1625,2574,205,21935
60190,12/02/2024,Social,smart tv,1389,750,1635,32,2400
60191,2024-10-20,Email,desktop,2109,1602,2740,54,4374
60192,2024-10-28,email,tablet,1846,1107,2052,41,2788
60193,2024-08-24,Email,desktop,664,365,923,18,396
60194,06/17/2024,Direct,Desktop,2332,1818,2621,209,23617
60195,2024-11-08,Paid Search,desktop,1725,793,1917,95,13585
60196,2024-02-07,Paid Search,desktop,1308,745,1656,82,5494
60197,2024-11-26,email,tablet,290,121,323,6,846
60198,2024-11-01,Referral,tablet,370,162,475,9,495
60199,2024-12-17,email,Desktop,1679,1141,2073,41,5617
60200,2024-05-06,email,Desktop,1897,1062,2019,40,4560
60201,2024-10-13,Paid Search,desktop,2058,1049,2673,133,15561
60202,2024-04-11,email,mobile,2042,1572,2522,50,1500
60203,2024-02-09,Social,mobile,1259,906,1679,33,4191
60204,2024-12-02,Organic Search,smart tv,1773,815,2015,100,12100
60205,2024-03-01,email,mobile,511,347,691,13,
60206,2024-01-10, direct ,tablet,1819,1236,2140,171,4446
60207,2024-07-02, direct ,Desktop,856,342,931,74,3330
60208,2024-04-22,Organic Search,tablet,1022,500,1400,70,
60209,2024-07-06, direct ,smart tv,428,261,504,40,4240
60210,2024-01-14,Organic Search,mobile,2250,990,2587,129,3741
60211,2024-03-07,Direct,Desktop,2399,1127,2637,210,12180
60212,2024-05-23,Direct,mobile,382,255,490,39,1521
60213,2024-05-07,Organic Search,smart tv,193,152,261,13,1664
60214,2024-01-16,Email,smart tv,576,259,613,12,1560
60215,2024-05-31,Social,tablet,1642,689,1932,38,5130
60216,2024-01-06,Email,mobile,2613,1358,2872,57,4104
60217,2024-11-17,Social,mobile,1191,488,1588,31,1984
60218,2024-03-22,Paid Search,tablet,634,431,881,44,5412
60219,2024-02-12,Referral,desktop,1614,1145,2242,44,1628
60220,2024-09-03,email,desktop,854,555,1204,24,1488
60221,2024-08-06, direct ,desktop,676,439,914,73,10512
60222,2024-02-17,Email,tablet,1553,1040,1745,34,2618
60223,2024-06-08,Social,smart tv,1208,893,1474,29,1189
60224,2024-06-16,email,tablet,1978,1028,2505,50,5250
60225,2024-06-09,Organic Search,Desktop,503,261,681,34,2856
60226,2024-05-22, direct ,tablet,2540,1143,2920,233,5592
60227,2024-04-22,email,smart tv,1107,708,1258,25,3200
60228,06/19/2024,Social,Desktop,2516,1710,2961,59,6667
60229,2024-03-09,Social,tablet,1866,1194,2456,49,3577
60230,2024-04-04,Direct,desktop,767,582,817,65,4680
60231,2024-07-15, direct ,tablet,396,257,502,40,4800
60232,2024-12-24,Email,mobile,1699,1274,1827,36,2880
60233,2024-02-14,Organic Search,tablet,2051,1558,2772,138,10626
60234,2024-09-05,Organic Search,desktop,2036,1221,2341,117,5031
60235,2024-08-15,email,mobile,465,330,511,10,1350
60236,2024-01-24,Email,mobile,843,413,1082,21,1386
60237,2024-06-21,Direct,tablet,1797,844,2090,167,11356
60238,2024-05-30,Organic Search,tablet,1198,610,1577,78,11622
60239,05/24/2024,email,tablet,2169,1605,2892,57,7638
60240,2024-06-21,Referral,mobile,2323,1672,2904,58,4524
60241,2024-08-31,Email,smart tv,2127,1084,2727,54,7614
60242,2024-01-12,email,tablet,1371,699,1693,33,3168
60243,2024-10-15,Social,desktop,980,392,1290,25,3100
60244,2024-06-15,Email,Desktop,1207,760,1285,25,1450
60245,2024-12-02,Direct,smart tv,978,449,1305,104,6032
60246,2024-02-22,email,desktop,1658,1193,2099,41,3034
60247,2024-04-30,Email,smart tv,1369,985,1851,37,1221
60248,2024-11-17,Direct,Desktop,1519,759,1670,133,18487
60249,2024-01-28,email,desktop,2128,1596,2838,56,3640
60250,2024-03-03,Direct,Desktop,743,453,929,74,4144
60251,2024-05-31,Paid Search,mobile,1417,651,1915,95,2565
60252,2024-02-07, direct ,desktop,1511,906,1778,142,9230
60253,2024-04-15,email,Desktop,1116,848,1269,25,1125
60254,2024-04-22, direct ,mobile,1640,918,2343,187,22066
60255,2024-01-22, direct ,mobile,2178,1154,2829,226,5424
60256,2024-12-03,Email,smart tv,2653,1220,2823,56,3640
60257,2024-04-01,Email,tablet,1189,499,1630,32,2560
60258,2024-03-10,email,desktop,832,540,1028,20,
60259,2024-05-24,email,Desktop,466,279,648,12,396
60260,2024-10-31,email,tablet,1184,651,1645,32,2176
60261,2024-03-19, direct ,smart tv,1110,555,1501,120,9360
60262,2024-04-24,Paid Search,smart tv,1241,521,1571,78,6942
60263,2024-08-12,Direct,tablet,1618,1164,2248,179,13246
60264,2024-01-28,Referral,desktop,2264,973,-2728,54,2322
60265,2024-11-04,Referral,Desktop,1161,801,1549,30,
60266,2024-01-03,Organic Search,tablet,527,379,694,34,2108
60267,2024-05-14,email,desktop,918,697,1293,25,950
60268,2024-04-11,Direct,mobile,1464,732,1764,141,4512
60269,2024-05-19,Email,mobile,572,257,763,15,855
60270,2024-09-14,Organic Search,desktop,1365,600,1950,97,8730
60271,2024-04-15,Email,desktop,1903,1332,2644,52,7072
60272,2024-12-28,Email,tablet,2621,1467,2945,58,5800
60273,2024-11-27,Organic Search,desktop,721,483,880,44,924
60274,2024-06-12,Social,tablet,720,338,810,16,1120
60275,2024-06-22,Email,mobile,1904,1047,2026,40,4760
60276,2024-07-30,Social,mobile,1455,829,1693,33,1782
60277,2024-06-06,Paid Search,mobile,518,238,682,34,4590
60278,08/03/2024,Organic Search,Desktop,1849,869,2151,107,13482
60279,2024-02-16,email,smart tv,2762,1187,2970,59,2891
60280,2024-05-08,Referral,desktop,1824,1404,2073,41,1763
60281,2024-10-28,Social,Desktop,741,392,893,17,2091
60282,2024-06-25, direct ,tablet,650,474,793,63,5859
60283,2024-03-06,email,smart tv,2177,1219,2532,50,1350
60284,2024-09-24,Referral,desktop,1220,658,1436,28,588
60285,2024-08-15,Social,desktop,347,156,395,7,280
60286,2024-11-26,email,Desktop,637,388,693,13,1859
60287,2024-02-22,Referral,smart tv,432,332,528,10,
60288,2024-02-27,Direct,Desktop,1723,913,1894,151,20385
60289,2024-07-18,Organic Search,Desktop,240,105,305,15,1830
60290,2024-02-01,email,Desktop,753,489,966,19,2660
60291,2024-10-20,Organic Search,mobile,99,49,138,6,162
60292,2024-07-22,Email,Desktop,222,93,242,4,436
60293,2024-05-19, direct ,tablet,1416,1062,1610,128,6656
60294,2024-03-24,email,Desktop,691,297,961,19,2736
60295,02/09/2024,Social,tablet,92,71,116,2,294
60296,2024-04-13,Paid Search,desktop,672,443,782,39,4290
60297,03/17/2024,Social,desktop,285,190,391,7,637
60298,2024-10-18,Referral,smart tv,1607,1028,2061,41,2009
60299,2024-10-17,Email,desktop,2248,966,2959,59,7611
60300,2024-06-12,Organic Search,smart tv,1688,1012,2345,117,10062
60301,2024-09-29,Paid Search,Desktop,1363,667,1842,92,10396
60302,2024-01-15,Paid Search,smart tv,1113,690,1446,72,
60303,2024-01-19,email,desktop,1219,914,1544,30,720
60304,2024-10-24, direct ,tablet,865,544,1095,87,8091
60305,2024-01-14,Email,smart tv,1276,574,1824,36,3492
60306,2024-07-09,Email,smart tv,2274,1364,2472,49,2695
60307,2024-04-16,email,Desktop,311,205,335,6,648
60308,09/21/2024, direct ,mobile,2095,1194,2409,192,6912
60309,2024-04-02, direct ,mobile,223,142,260,20,720
60310,2024-11-10,Organic Search,mobile,1470,867,1616,80,6960
60311,2024-05-09,Paid Search,desktop,1830,951,2232,111,6216
60312,2024-06-18, direct ,Desktop,1994,1096,2849,227,19749
60313,2024-04-19,email,Desktop,587,422,734,14,1190
60314,2024-03-16,Email,smart tv,403,318,453,9,936
60315,2024-05-12,Paid Search,smart tv,2353,1364,2906,145,8700
60316,2024-06-12,Referral,mobile,1057,644,1175,23,1771
60317,2024-09-17,Social,Desktop,2318,1784,2793,55,1540
60318,2024-01-06,email,mobile,229,112,247,4,236
60319,2024-12-09,Direct,desktop,1192,584,1569,125,5375
60320,2024-03-30,Referral,mobile,2066,1425,2490,49,3577
60321,2024-07-09,Social,mobile,1358,583,1562,31,2263
60322,2024-07-29,Social,desktop,900,603,1200,24,1824
60323,2024-04-20,Referral,tablet,2229,913,2752,55,5060
60324,2024-03-20,Social,tablet,628,489,757,15,2025
60325,2024-02-28,email,Desktop,1548,619,2212,44,3916
60326,2024-11-14,Direct,desktop,419,289,477,38,1102
60327,2024-09-04,email,smart tv,586,380,666,13,403
60328,2024-04-06, direct ,tablet,1332,959,1625,130,14040
60329,2024-06-18,Social,Desktop,1745,1238,1897,37,3589
60330,2024-10-16,Social,smart tv,391,289,460,9,450
60331,2024-05-13,Social,desktop,775,472,1092,21,1701
60332,2024-12-12,Paid Search,tablet,1304,991,1763,88,2904
60333,12/16/2024, direct ,tablet,199,97,252,20,800
60334,2024-08-15,email,smart tv,1394,1059,1680,33,2937
60335,2024-05-21,Direct,smart tv,1422,867,1616,129,5418
60336,2024-09-24,Organic Search,tablet,126,57,162,8,
60337,2024-11-03,Direct,tablet,130,59,165,13,1235
60338,2024-04-08,Social,tablet,2317,1760,2695,53,1537
60339,2024-11-04,Direct,tablet,503,286,553,44,3036
60340,2024-05-20,Email,tablet,1504,767,2149,42,3654
60341,2024-07-27,Paid Search,desktop,1613,741,2042,102,9588
60342,2024-05-27,Organic Search,smart tv,380,190,427,21,1806
60343,2024-12-07, direct ,smart tv,1589,1191,1962,156,3900
60344,2024-05-06,Email,Desktop,2077,1433,2258,45,1395
60345,2024-09-16, direct ,mobile,1888,1264,2453,196,23324
60346,2024-10-03,Direct,tablet,629,276,707,56,5992
60347,2024-06-25,Referral,smart tv,141,94,202,4,240
60348,2024-01-17,Referral,smart tv,981,392,1383,27,2268
60349,2024-09-30,Social,Desktop,373,193,445,8,1096
60350,2024-10-11,Referral,smart tv,833,374,992,19,456
60351,2024-08-10, direct ,mobile,2216,975,2639,211,16247
60352,2024-10-10, direct ,desktop,1170,702,1482,118,14514
60353,2024-09-08,Referral,desktop,1305,756,1389,27,756
60354,2024-12-02,Organic Search,desktop,1771,920,2242,112,7952
60355,2024-06-16, direct ,tablet,454,217,614,49,5292
60356,2024-02-03,Email,Desktop,396,265,441,8,952
60357,02/14/2024,Direct,mobile,654,372,735,58,7366
60358,2024-01-20,Referral,desktop,126,97,140,2,100
60359,2024-10-03,email,tablet,1915,1187,2280,45,2835
60360,2024-09-06,Social,desktop,1030,721,1288,25,2475
60361,2024-09-26,Email,desktop,2493,1595,2653,53,3339
60362,2024-11-17,email,tablet,397,174,509,10,1110
60363,2024-03-27,email,mobile,1102,650,1344,26,2496
60364,2024-01-22,email,tablet,1305,717,1652,33,4521
60365,2024-12-18,Social,smart tv,138,89,182,3,
60366,2024-04-18,Organic Search,smart tv,431,254,508,25,525
60367,06/28/2024,Referral,mobile,659,382,795,15,1170
60368,2024-12-10,Organic Search,smart tv,1453,915,2076,103,6283
60369,2024-11-09,Social,smart tv,681,320,973,19,1330
60370,2024-11-19,Paid Search,desktop,850,527,914,45,2430
60371,2024-10-15,Organic Search,mobile,331,244,461,23,1794
60372,2024-01-16,Referral,tablet,1184,686,1622,32,832
60373,2024-05-12,Direct,desktop,2238,1700,2697,215,5590
60374,2024-06-07,email,Desktop,1075,505,1250,25,1600
60375,2024-02-19,Email,desktop,2266,1563,2576,51,6936
60376,2024-06-28,Paid Search,desktop,387,162,440,22,726
60377,2024-03-05,Direct,desktop,1852,888,2129,170,
60378,2024-12-11,Social,smart tv,331,208,390,7,980
60379,10/28/2024,Email,mobile,750,592,816,16,2016
60380,2024-08-08,Direct,Desktop,168,114,219,17,969
60381,2024-07-07,email,smart tv,537,413,681,13,
60382,2024-02-22,email,desktop,1659,912,2243,44,5236
60383,2024-09-18,Direct,mobile,753,331,828,66,6930
60384,2024-11-29,Email,desktop,1815,798,1995,39,4212
60385,2024-12-18, direct ,mobile,1304,612,1611,128,16384
60386,2024-12-05,Paid Search,smart tv,978,743,1341,67,6030
60387,2024-04-09,email,mobile,1628,1107,1790,35,4480
60388,2024-01-19,Referral,desktop,1932,1217,2477,49,5831
60389,2024-09-07,Email,Desktop,2422,1864,2577,51,5814
60390,2024-12-16,Organic Search,smart tv,1566,876,1822,91,8190
60391,2024-10-04,Paid Search,mobile,1862,931,2483,124,7192
60392,2024-07-11,Referral,smart tv,1858,1337,1977,39,1521
60393,2024-11-29,Organic Search,Desktop,2195,1338,2711,135,19440
60394,2024-12-01,Direct,desktop,136,106,175,14,588
60395,2024-09-18, direct ,tablet,2697,1995,2997,239,18642
60396,2024-11-14,Organic Search,desktop,2048,942,2302,115,7245
60397,2024-09-07, direct ,smart tv,473,198,584,46,4278
60398,2024-01-16,Organic Search,smart tv,2058,926,2709,135,13905
60399,2024-08-14, direct ,Desktop,757,567,881,70,1610
60400,2024-03-06, direct ,smart tv,2271,1635,2839,227,7264
60401,2024-09-29, direct ,smart tv,1284,564,1712,136,9656
60402,2024-08-22,Paid Search,mobile,1874,1049,2205,110,15620
60403,07/28/2024,Organic Search,tablet,389,291,487,24,2160
60404,06/11/2024,Paid Search,tablet,861,456,1104,55,1760
60405,2024-07-16, direct ,Desktop,1588,809,1847,147,11172
60406,2024-01-03,Social,Desktop,2489,1095,2861,57,3363
60407,2024-05-11,Social,smart tv,189,94,226,4,536
60408,2024-04-09,Social,tablet,2095,963,2951,59,3245
60409,2024-02-21,Referral,tablet,1226,698,1460,29,2059
60410,03/20/2024,Email,desktop,1922,1460,-2045,40,1720
60411,2024-05-27,Email,tablet,268,134,309,6,252
60412,2024-07-22,Email,desktop,2751,2118,2991,59,2006
60413,2024-02-29,Paid Search,mobile,466,344,-614,30,2310
60414,2024-02-23,Email,Desktop,261,206,297,5,175
60415,2024-04-24,Social,smart tv,245,151,311,6,342
60416,2024-01-16,email,mobile,2120,848,2555,51,1734
60417,2024-10-25,Email,Desktop,1876,1069,2234,44,4400
60418,2024-12-05,Referral,tablet,528,285,574,11,1276
60419,2024-09-06,Paid Search,desktop,2263,905,2902,145,3335
60420,2024-09-20, direct ,tablet,2378,1759,2901,232,23896
60421,2024-12-10,Organic Search,Desktop,1870,822,2494,124,11036
60422,2024-03-09, direct ,tablet,381,236,508,40,2760
60423,2024-07-26,Referral,tablet,1165,477,1641,32,1184
60424,2024-01-14, direct ,smart tv,2280,1254,2591,207,12834
60425,2024-03-24, direct ,desktop,890,364,1099,87,4611
60426,2024-12-12,Referral,tablet,2308,1200,2781,55,5445
60427,2024-03-15,Direct,tablet,2236,1274,2728,218,6104
60428,2024-11-03,Organic Search,desktop,437,275,607,30,2850
60429,2024-01-11,Referral,smart tv,1798,1402,2167,43,2881
60430,2024-06-02,email,tablet,1250,700,1645,32,1696
60431,2024-01-07,Social,desktop,2348,1220,2669,53,4982
60432,2024-12-14,Email,mobile,1788,894,2236,44,2728
60433,2024-07-07,Organic Search,mobile,2090,1086,2944,147,17346
60434,2024-09-06,Email,mobile,217,101,306,6,636
60435,2024-04-01,Direct,desktop,996,557,1145,91,9009
60436,2024-12-28,Email,smart tv,1032,722,1110,22,1078
60437,2024-06-02,email,mobile,448,228,528,10,220
60438,2024-03-30,Email,Desktop,288,115,395,7,308
60439,2024-08-26,Direct,tablet,2357,1791,2773,221,
60440,2024-04-21,Social,desktop,1524,883,1752,35,3675
60441,2024-05-22,Paid Search,desktop,2038,1283,2581,129,11868
60442,2024-12-12,Organic Search,smart tv,537,311,611,30,2160
60443,2024-09-11,Direct,desktop,899,710,1168,93,7347
60444,2024-09-03,Paid Search,mobile,2072,1077,2727,136,3536
60445,2024-01-03,email,smart tv,506,349,576,11,1452
60446,03/27/2024,Organic Search,mobile,196,105,223,11,572
60447,2024-05-31,Paid Search,mobile,1422,711,1693,84,12264
60448,2024-06-02,Referral,Desktop,1283,846,1646,32,1536
60449,2024-07-18,Social,tablet,468,219,551,11,1617
60450,2024-11-25,Email,desktop,386,165,425,8,856
60451,2024-06-21,Direct,Desktop,1171,608,1302,104,5096
60452,2024-01-27,Paid Search,desktop,140,85,182,9,1143
60453,2024-06-02, direct ,smart tv,2335,934,2994,239,23900
60454,2024-03-29,email,mobile,507,223,570,11,
60455,2024-04-23,Organic Search,tablet,310,220,353,17,1207
60456,2024-05-01,Social,mobile,389,155,526,10,610
60457,2024-10-18,Email,desktop,1035,486,1458,29,3915
60458,2024-03-10, direct ,smart tv,1510,664,1865,149,7748
60459,2024-07-27,Social,desktop,1009,585,1074,21,2205
60460,2024-10-10,Referral,Desktop,1418,879,-1669,33,
60461,2024-07-27,Social,Desktop,1546,896,1909,38,4408
60462,2024-02-03,Referral,smart tv,1125,506,1521,30,2040
60463,2024-08-11,Referral,Desktop,1171,526,1464,29,3654
60464,2024-12-02,Organic Search,tablet,1777,764,2067,103,11639
60465,2024-07-05,email,tablet,1851,777,2645,52,1196
60466,2024-06-20,Paid Search,tablet,899,449,1267,63,6678
60467,2024-04-29,Email,smart tv,1591,970,2274,45,
60468,2024-02-04,email,Desktop,2700,1701,2935,58,
60469,2024-05-05,Paid Search,Desktop,1422,1009,1616,80,8560
60470,2024-06-04,Paid Search,desktop,1516,742,1666,83,3984
60471,2024-06-25,Direct,smart tv,622,298,889,71,4402
60472,2024-06-18,Referral,Desktop,1968,1023,-2625,52,5044
60473,2024-03-28,email,mobile,1051,441,1223,24,2928
60474,2024-08-28,Organic Search,desktop,2322,1021,2903,145,15515
60475,2024-07-11,Direct,smart tv,437,305,583,46,3588
60476,2024-07-24,Direct,Desktop,1559,1231,1835,146,14600
60477,2024-12-19,email,tablet,1849,1423,2569,51,4284
60478,2024-02-06,email,smart tv,1334,933,1499,29,1595
60479,2024-11-30,Email,desktop,1183,626,1691,33,2475
60480,2024-06-04,Email,desktop,1144,697,1589,31,3193
60481,2024-04-17,Social,Desktop,713,470,767,15,900
60482,2024-11-04,Email,desktop,1620,1247,2077,41,5494
60483,2024-10-09,email,tablet,163,79,192,3,432
60484,2024-03-24,Email,desktop,2215,974,2576,51,5151
60485,05/12/2024,Direct,smart tv,1362,585,1566,125,6625
60486,2024-03-01,Referral,Desktop,827,438,930,18,2502
60487,2024-09-09,Direct,Desktop,1628,814,1851,148,7548
60488,2024-03-26,Direct,mobile,1280,729,1455,116,5220
60489,2024-07-10,Social,desktop,590,324,703,14,1092
60490,2024-04-26, direct ,mobile,2391,1817,2781,222,8214
60491,2024-06-09,email,mobile,2545,1628,2797,55,4235
60492,2024-05-05, direct ,tablet,326,140,375,30,900
60493,2024-04-30,Paid Search,desktop,1512,907,2160,108,13932
60494,2024-11-03,Direct,mobile,2286,914,2659,212,12720
60495,2024-12-18,email,mobile,1659,895,2243,44,2596
60496,2024-08-03,Email,desktop,1207,712,1420,28,3388
60497,2024-05-03,Direct,smart tv,1493,627,2103,168,14952
60498,2024-09-17,email,mobile,229,171,291,5,120
60499,2024-09-02,Referral,desktop,501,380,717,14,2044
60500,2024-03-15,Referral,mobile,113,83,151,3,138
60501,2024-02-12,Referral,smart tv,1394,1031,1549,30,
60502,2024-09-23,Paid Search,desktop,536,219,735,36,5004
60503,2024-02-19,Referral,mobile,588,241,718,14,1652
60504,2024-07-03,Email,smart tv,1163,697,1293,25,600
60505,2024-02-25,email,smart tv,1444,1083,1641,32,3296
60506,2024-03-04,Referral,Desktop,1199,539,-1713,34,2142
60507,2024-10-12,Social,desktop,1248,524,1758,35,3220
60508,2024-08-13,Paid Search,desktop,1224,563,1632,81,11259
60509,2024-08-07, direct ,tablet,1732,1368,2087,166,12118
60510,2024-09-10,Social,smart tv,1310,681,1846,36,4320
60511,2024-09-11,email,smart tv,643,430,870,17,1581
60512,2024-11-13,Social,desktop,1002,531,1269,25,900
60513,2024-01-17,Paid Search,mobile,1671,952,2089,104,10296
60514,2024-11-30,Referral,mobile,1746,977,2298,45,1800
60515,2024-11-09,email,Desktop,1302,859,1608,32,2784
60516,2024-09-19,Paid Search,desktop,986,778,1390,69,7797
60517,2024-09-24,Direct,Desktop,1090,654,1330,106,4558
60518,2024-12-20,email,Desktop,486,320,572,11,902
60519,2024-10-06,Paid Search,mobile,2019,868,2295,114,10374
60520,2024-04-12,Organic Search,mobile,2088,1148,2347,117,2457
60521,2024-12-15,Paid Search,desktop,677,338,816,40,
60522,2024-05-17,email,smart tv,257,174,286,5,580
60523,2024-05-26,Paid Search,tablet,1960,1528,2580,129,10965
60524,2024-03-26,Direct,smart tv,653,437,860,68,3604
60525,2024-06-21,Social,desktop,942,640,1059,21,1827
60526,2024-01-28, direct ,smart tv,1805,866,1921,153,16677
60527,2024-08-03,Direct,smart tv,1586,919,1823,145,7540
60528,2024-02-17,Referral,Desktop,603,337,710,14,686
60529,2024-07-20,Organic Search,mobile,826,611,984,49,2646
60530,2024-01-26,Direct,desktop,1662,1096,1911,152,20824
60531,2024-04-19,Direct,tablet,2150,1677,-2530,202,25452
60532,2024-07-28,Email,desktop,956,602,-1310,26,3458
60533,2024-11-12,Organic Search,desktop,1600,927,2193,109,10573
60534,2024-12-13, direct ,smart tv,1682,908,2370,189,19278
60535,08/17/2024,Referral,desktop,1511,921,2099,41,5207
60536,2024-02-14,Social,tablet,1630,847,2264,45,6120
60537,2024-03-02,Email,desktop,179,85,253,5,640
60538,2024-10-20,Email,smart tv,1069,630,1188,23,667
60539,2024-08-11,email,Desktop,876,674,1201,24,1416
60540,2024-10-03, direct ,smart tv,1209,761,1591,127,
60541,2024-11-20,Email,mobile,1494,776,2020,40,5640
60542,2024-08-08,Email,desktop,278,158,336,6,546
60543,2024-02-09,email,smart tv,1393,626,1787,35,4235
60544,2024-03-29,Direct,Desktop,2074,974,2231,178,17266
60545,11/04/2024,Organic Search,Desktop,283,118,346,17,1717
60546,10/28/2024,email,desktop,1531,1056,1629,32,3680
60547,2024-01-17, direct ,Desktop,1824,875,2050,164,14924
60548,2024-05-07,Paid Search,tablet,173,115,241,12,252
60549,2024-04-12,Organic Search,desktop,696,508,929,46,6256
60550,2024-03-11, direct ,Desktop,435,208,566,45,2295
60551,2024-04-20,Organic Search,tablet,1788,1233,1903,95,8360
60552,2024-04-18,Direct,smart tv,176,95,213,17,1768
60553,2024-12-12,Organic Search,smart tv,2669,2108,2902,145,10295
60554,2024-11-21,Referral,mobile,2071,1097,2328,46,5106
60555,2024-06-24, direct ,Desktop,1146,607,1416,113,4746
60556,2024-12-07,Social,Desktop,1064,542,1132,22,1760
60557,2024-12-27,Organic Search,mobile,1512,1194,1662,83,10292
60558,2024-03-18,Direct,mobile,2544,1526,2959,236,14396
60559,2024-07-18,Social,smart tv,1889,1416,2423,48,6624
60560,2024-06-22,Organic Search,Desktop,735,316,1008,50,3950
60561,2024-06-26,Paid Search,smart tv,965,550,1271,63,2583
60562,2024-06-26,Organic Search,desktop,466,335,631,31,2759
60563,2024-12-15, direct ,desktop,1875,1087,2405,192,11328
60564,07/27/2024,email,smart tv,73,45,105,2,274
60565,2024-11-17,Direct,mobile,774,510,944,75,3450
60566,2024-04-30,email,desktop,1576,1055,1971,39,1443
60567,2024-10-19,Direct,Desktop,400,160,501,40,
60568,2024-08-12,Paid Search,desktop,789,315,1053,52,5096
60569,2024-09-05,Referral,Desktop,1099,494,1571,31,
60570,2024-04-26,Direct,mobile,1968,1279,2237,178,5340
60571,2024-06-25,Organic Search,tablet,1301,663,1627,81,10935
60572,2024-05-26,Paid Search,tablet,998,578,1203,60,2460
60573,2024-04-16,Social,tablet,1906,1372,2577,51,1224
60574,2024-08-08,Email,Desktop,2057,863,2449,48,2400
60575,2024-09-28,email,tablet,502,220,670,13,1222
60576,2024-04-12,Social,Desktop,1310,812,1724,34,4216
60577,2024-08-09,Social,mobile,1978,1246,2443,48,2880
60578,2024-06-27, direct ,mobile,810,388,1158,92,13248
60579,2024-01-28,Organic Search,desktop,733,381,1005,50,4200
60580,2024-01-09,Referral,desktop,1222,794,1491,29,3422
60581,2024-08-21, direct ,desktop,1520,1018,2141,171,7695
60582,2024-01-21,Social,Desktop,664,278,841,16,1408
60583,2024-02-27,email,desktop,1770,1115,2361,47,5123
60584,2024-05-24,Organic Search,tablet,2238,1208,2945,147,5733
60585,2024-06-10, direct ,Desktop,1185,782,1482,118,12626
60586,2024-06-03, direct ,desktop,1427,1084,1720,137,14933
60587,06/25/2024,Paid Search,smart tv,391,218,466,23,759
60588,2024-12-30,Organic Search,smart tv,528,258,755,37,5439
60589,2024-07-30, direct ,Desktop,1090,708,1416,113,3051
60590,2024-05-03,email,Desktop,1860,1357,2326,46,1518
60591,2024-01-05,Referral,Desktop,354,276,432,8,336
60592,2024-04-20,email,Desktop,2246,1010,2674,53,4293
60593,2024-12-17,Organic Search,tablet,1539,615,1999,99,5049
60594,2024-03-11,Organic Search,Desktop,750,360,1072,53,1378
60595,2024-04-28,Organic Search,tablet,392,262,497,24,
60596,2024-04-17, direct ,Desktop,2391,1315,2781,222,8214
60597,2024-06-27,Paid Search,desktop,782,539,1058,52,2236
60598,2024-05-12, direct ,mobile,1310,615,1598,127,15113
60599,08/19/2024,Organic Search,smart tv,1396,739,1552,77,4235
60600,2024-08-20,email,Desktop,1209,568,1423,28,784
60601,2024-08-30,Email,desktop,1864,1174,2486,49,3724
60602,2024-06-15,Referral,Desktop,460,276,568,11,1023
60603,2024-10-28,Paid Search,Desktop,581,278,765,38,5092
60604,2024-04-28,Referral,tablet,1331,851,1824,36,972
60605,2024-03-25, direct ,tablet,534,288,-763,61,8845
60606,2024-02-06,Email,tablet,392,188,523,10,870
60607,2024-12-28,Social,tablet,294,226,377,7,385
60608,2024-10-29,Referral,mobile,842,538,906,18,2286
60609,2024-11-25,Organic Search,Desktop,2133,1407,2452,122,4270
60610,2024-12-01,Organic Search,mobile,806,435,984,49,3185
60611,2024-01-28,Referral,smart tv,522,401,607,12,504
60612,2024-08-06, direct ,smart tv,1735,1075,1972,157,16014
60613,2024-09-01,email,Desktop,375,195,427,8,504
60614,2024-07-22,Email,smart tv,456,287,507,10,770
60615,2024-10-03, direct ,desktop,1987,973,2395,191,13943
60616,2024-12-13,Referral,Desktop,589,259,775,15,1695
60617,2024-04-29,Organic Search,tablet,1581,1217,2027,101,3333
60618,2024-02-24,email,tablet,1434,1132,1939,38,5206
60619,2024-06-23,Referral,tablet,2192,1380,2436,48,3888
60620,2024-09-09, direct ,mobile,1833,953,2512,200,11400
60621,2024-08-06, direct ,Desktop,1162,836,1292,103,3605
60622,2024-04-03,Social,desktop,2334,1820,2918,58,6728
60623,2024-09-29,Social,smart tv,394,200,519,10,1020
60624,2024-11-17,Email,smart tv,2293,963,2941,58,
60625,2024-01-04,Direct,tablet,1583,807,1931,154,19712
60626,2024-03-02,Social,tablet,1553,962,2128,42,1680
60627,2024-07-20,Email,Desktop,484,329,584,11,
60628,2024-05-08,Referral,smart tv,1900,1007,2500,50,1600
60629,2024-12-26,Paid Search,mobile,793,356,1031,51,7140
60630,2024-10-06,Direct,Desktop,1195,501,1328,106,5724
60631,2024-10-08, direct ,smart tv,257,187,274,21,2646
60632,2024-10-19,Direct,desktop,381,278,530,42,1512
60633,2024-05-29,email,desktop,2131,937,2631,52,6656
60634,2024-03-16, direct ,Desktop,2278,1480,2681,214,22898
60635,2024-06-24,Organic Search,tablet,170,122,221,11,242
60636,2024-12-24,Referral,tablet,1923,1115,2046,40,4000
60637,11/06/2024,Email,smart tv,659,441,749,14,518
60638,2024-06-26,email,desktop,836,535,1162,23,1518
60639,2024-08-19,Direct,desktop,111,58,147,11,671
60640,02/17/2024,email,smart tv,1243,907,1535,30,2280
60641,2024-08-07, direct ,desktop,2233,915,2482,198,17820
60642,2024-05-18,Email,mobile,2603,1978,2959,59,4779
60643,2024-05-23, direct ,mobile,1053,537,1300,104,5928
60644,2024-04-02,Direct,Desktop,2734,1339,2940,235,32195
60645,2024-03-28,Organic Search,smart tv,1138,694,1626,81,8667
60646,2024-07-26,Referral,mobile,2074,1514,2766,55,5390
60647,2024-07-07, direct ,mobile,798,343,1064,85,8670
60648,06/29/2024,Paid Search,tablet,1814,816,2160,108,3672
60649,2024-12-03,Referral,Desktop,954,553,1037,20,2040
60650,2024-02-09,Organic Search,Desktop,1722,1325,2101,105,2310
60651,2024-11-29,Email,tablet,708,304,844,16,704
60652,2024-02-03, direct ,mobile,1225,526,1332,106,14522
60653,2024-10-02,Referral,tablet,2521,1890,2771,55,4125
60654,2024-08-24,Referral,tablet,1057,496,1511,30,840
60655,2024-10-19,email,tablet,1576,1103,1995,39,4563
60656,05/27/2024,Organic Search,Desktop,1394,655,1721,86,12384
60657,2024-09-07,Paid Search,tablet,1931,1525,2055,102,8058
60658,09/17/2024,Organic Search,desktop,1603,945,1956,97,3395
60659,2024-01-27,Direct,desktop,2092,1652,2462,196,23912
60660,2024-10-23,Email,mobile,229,174,315,6,516
60661,2024-05-17, direct ,desktop,264,192,335,26,546
60662,2024-12-15,Direct,desktop,898,592,1083,86,5332
60663,2024-12-18,Social,Desktop,1515,969,1848,36,5112
60664,2024-07-29,Organic Search,desktop,513,256,584,29,4321
60665,2024-10-09,Email,smart tv,275,118,313,6,324
60666,2024-06-27, direct ,Desktop,1628,1107,2200,176,26224
60667,2024-10-05,email,Desktop,1444,1083,1537,30,4410
60668,2024-04-12,Paid Search,mobile,901,612,959,47,5922
60669,2024-05-22,Direct,tablet,120,52,128,10,650
60670,2024-01-17,Social,mobile,1864,764,2027,40,4360
60671,2024-11-07,Paid Search,mobile,712,341,792,39,4095
60672,2024-06-13,Organic Search,tablet,544,408,681,34,2550
60673,2024-11-08,Social,Desktop,1157,485,1653,33,660
60674,12/12/2024,Social,smart tv,110,46,146,2,208
60675,2024-10-09, direct ,smart tv,1228,515,1683,134,3618
60676,2024-12-30,email,smart tv,633,386,812,16,1024
60677,2024-10-07,Direct,desktop,1922,1037,2403,192,16896
60678,2024-05-09,Organic Search,smart tv,1750,1207,2216,110,14960
60679,12/10/2024, direct ,mobile,1014,456,1300,104,12168
60680,2024-09-22, direct ,desktop,1079,571,1285,102,10710
60681,2024-10-21,Social,mobile,2396,1389,2723,54,3024
60682,2024-08-06,email,tablet,832,449,935,18,2286
60683,2024-04-17,Direct,Desktop,579,324,674,53,1590
60684,2024-01-21,Direct,mobile,1405,814,1757,140,13860
60685,2024-11-18,Referral,tablet,253,179,357,7,490
60686,2024-03-14,email,tablet,1875,1068,2501,50,
60687,2024-05-05,Direct,Desktop,1983,1288,2390,191,19291
60688,2024-04-19,Email,desktop,1400,1050,1729,34,2890
60689,11/07/2024,Paid Search,tablet,2397,1078,2889,144,13824
60690,2024-12-21,Social,desktop,828,579,1010,20,2500
60691,2024-06-11,Social,Desktop,886,380,1095,21,2751
60692,2024-04-22,email,Desktop,989,425,1285,25,2150
60693,05/21/2024,Organic Search,tablet,2249,1057,2710,135,8235
60694,2024-09-03,Referral,desktop,1788,1072,2056,41,2993
60695,2024-06-15,Referral,desktop,188,133,269,5,520
60696,2024-05-31,email,tablet,480,379,601,12,252
60697,2024-04-05,Direct,Desktop,1612,789,2150,172,20984
60698,2024-10-19,Paid Search,tablet,1738,903,2415,120,3480
60699,2024-10-03,Social,smart tv,1588,762,1986,39,
60700,2024-09-10,Email,tablet,722,339,831,16,2208
60701,10/17/2024,Email,Desktop,590,460,671,13,1053
60702,2024-01-30,Social,desktop,188,86,214,4,256
60703,2024-01-08, direct ,Desktop,120,60,157,12,1596
60704,2024-12-04,Referral,smart tv,264,116,301,6,594
60705,2024-06-16,Email,Desktop,578,445,650,13,728
60706,2024-07-15, direct ,desktop,2148,1031,2470,197,15169
60707,2024-06-27,Paid Search,smart tv,437,214,509,25,3575
60708,2024-08-10, direct ,mobile,1925,1289,2501,200,25600
60709,2024-05-09,Email,smart tv,1252,813,1739,34,3332
60710,2024-07-13,Referral,smart tv,1029,576,1303,26,3068
60711,2024-07-17,Organic Search,desktop,2574,1055,2739,136,11696
60712,2024-01-06,Referral,smart tv,1378,868,1681,33,3564
60713,2024-01-09,Organic Search,smart tv,2114,1606,2274,113,4068
60714,2024-11-19,Direct,mobile,1694,1185,2145,171,12141
60715,2024-01-18,Paid Search,mobile,812,332,1113,55,7535
60716,2024-10-14,Referral,smart tv,1430,1043,1538,30,2640
60717,2024-01-28,Referral,Desktop,1399,755,1944,38,
60718,2024-10-06,email,tablet,2758,1406,2998,59,8024
60719,11/25/2024,Direct,Desktop,1478,739,2026,162,9072
60720,2024-07-16,Direct,smart tv,1130,655,1549,123,10947
60721,2024-10-16,email,Desktop,399,283,476,9,369
60722,2024-08-24,Organic Search,smart tv,231,175,326,16,1856
60723,2024-10-26,Referral,mobile,1620,729,1952,39,
60724,2024-06-05,Paid Search,desktop,1862,837,2450,122,3538
60725,2024-05-16,Social,desktop,413,173,486,9,531
60726,2024-03-19,Email,desktop,1231,492,1399,27,2754
60727,2024-06-12,Organic Search,Desktop,570,376,620,31,992
60728,2024-12-01,email,desktop,364,222,414,8,640
60729,2024-06-27,Social,tablet,1752,946,2014,40,1360
60730,2024-04-05, direct ,mobile,1697,1306,1907,152,15808
60731,2024-12-08,Paid Search,Desktop,1274,904,1613,80,4800
60732,2024-03-10,Social,mobile,336,137,396,7,679
60733,2024-07-20,Email,Desktop,1344,564,1681,33,3729
60734,2024-10-19,Email,Desktop,302,175,364,7,749
60735,12/06/2024,Direct,Desktop,2369,1871,-2693,215,18490
60736,2024-09-30,Email,tablet,1624,958,2056,41,3567
60737,2024-04-25, direct ,smart tv,2125,892,2761,220,22660
60738,2024-02-17,Social,Desktop,1345,793,1641,32,2944
60739,2024-06-08,Social,tablet,1406,815,1736,34,4964
60740,2024-01-17,Paid Search,Desktop,2643,1242,2905,145,9135
60741,2024-09-01,Paid Search,tablet,2117,1503,2680,134,11256
60742,2024-11-19,Social,tablet,1812,1050,2036,40,3000
60743,2024-11-05,Email,tablet,1195,478,1615,32,3200
60744,2024-04-29,Social,mobile,395,189,549,10,270
60745,2024-09-08,email,desktop,1798,988,2498,49,6468
60746,2024-05-31,Organic Search,tablet,1894,1420,2255,112,
60747,2024-05-13,Social,mobile,2219,1198,2522,50,2250
60748,2024-07-19,email,Desktop,2117,910,2302,46,3266
60749,2024-10-12,Paid Search,smart tv,677,534,807,40,840
60750,2024-03-17,Direct,Desktop,2057,1172,2479,198,20988
60751,2024-09-26,Social,smart tv,1394,1031,1992,39,1755
60752,2024-07-01,Organic Search,smart tv,2101,1512,2802,140,16520
60753,2024-10-01,Social,smart tv,844,455,1126,22,594
60754,2024-06-15,Organic Search,tablet,1722,1102,2050,102,10506
60755,2024-09-14,Organic Search,smart tv,251,110,289,14,1050
60756,2024-09-17,Social,Desktop,869,556,1100,22,2596
60757,2024-08-26,Direct,tablet,902,469,1254,100,11000
60758,2024-08-07,Referral,Desktop,1608,723,1711,34,4250
60759,2024-02-03,Organic Search,tablet,1429,1043,1606,80,4080
60760,2024-12-23,Paid Search,smart tv,1621,1118,1762,88,9416
60761,2024-05-22,Email,tablet,83,33,100,2,230
60762,2024-04-01,Direct,smart tv,986,640,1134,90,
60763,2024-03-31,Email,smart tv,1009,756,1147,22,3234
60764,2024-03-19,Email,smart tv,724,419,843,16,1568
60765,2024-10-04, direct ,Desktop,164,118,222,17,1615
60766,2024-03-29,Referral,smart tv,1718,1305,2232,44,5632
60767,08/24/2024,Email,smart tv,510,275,574,11,693
60768,04/04/2024,email,desktop,1875,918,2569,51,5508
60769,2024-12-09,Referral,tablet,1222,879,1314,26,2834
60770,2024-10-04,Email,mobile,938,609,1067,21,735
60771,2024-10-26,Organic Search,smart tv,1374,728,1833,91,8736
60772,2024-02-02,Organic Search,desktop,790,426,1013,50,1200
60773,2024-12-27,Paid Search,tablet,2384,1549,2773,138,13938
60774,2024-07-07,Direct,mobile,932,428,1151,92,2392
60775,2024-08-07, direct ,tablet,2136,1174,2574,205,14760
60776,2024-05-08, direct ,tablet,607,267,832,66,6666
60777,2024-07-26, direct ,smart tv,268,128,286,22,2926
60778,2024-03-02,Organic Search,desktop,1677,1257,1885,94,13348
60779,2024-04-04,Referral,smart tv,2167,1105,2356,47,4559
60780,2024-05-07,Paid Search,Desktop,1801,954,1980,99,2079
60781,2024-04-29, direct ,desktop,1739,956,2485,198,22374
60782,2024-04-07,email,mobile,1649,709,2115,42,1638
60783,2024-09-07, direct ,tablet,1301,1027,1531,122,7930
60784,2024-06-05,Social,smart tv,264,155,301,6,504
60785,2024-07-12, direct ,smart tv,2097,1321,2834,226,5424
60786,2024-10-16,Direct,desktop,558,385,635,50,3000
60787,01/22/2024,Paid Search,desktop,199,123,252,12,528
60788,2024-11-11,Organic Search,mobile,1357,977,1886,94,3478
60789,2024-01-16,Organic Search,desktop,2124,1571,2832,141,10293
60790,2024-01-01, direct ,smart tv,1711,872,2087,166,18260
60791,2024-08-07, direct ,mobile,1041,811,1389,111,13209
60792,2024-11-24, direct ,mobile,403,298,560,44,1672
60793,2024-07-16,Social,Desktop,2473,1706,2843,56,5040
60794,2024-10-23,Social,Desktop,1878,845,2184,43,6149
60795,2024-04-10, direct ,tablet,1097,581,1389,111,9657
60796,2024-08-16,Social,smart tv,95,67,118,2,272
60797,2024-06-19,Organic Search,tablet,758,318,852,42,5586
60798,2024-12-18,Email,tablet,1367,710,1688,33,924
60799,2024-05-11,email,Desktop,1329,823,1546,30,3720
60800,2024-11-08,Referral,Desktop,802,601,882,17,1173
60801,2024-05-02,email,desktop,1607,1092,1848,36,1404
60802,2024-02-13,Email,smart tv,916,512,1206,24,1104
60803,2024-03-14,email,mobile,1717,858,1974,39,3315
60804,2024-07-24, direct ,smart tv,687,357,747,59,8496
60805,2024-12-14,Social,mobile,404,290,554,11,1562
60806,2024-06-10,Email,smart tv,1050,640,1459,29,2755
60807,2024-06-14,Direct,tablet,2197,1691,2970,237,25359
60808,2024-12-09, direct ,desktop,1755,1140,1973,157,14287
60809,2024-11-29,email,desktop,749,449,815,16,592
60810,2024-05-11,Social,tablet,958,536,1089,21,651
60811,2024-03-12,Email,desktop,315,233,336,6,
60812,2024-06-11,Email,Desktop,2133,1066,2922,58,7946
60813,2024-09-03,Paid Search,mobile,348,261,465,23,1357
60814,2024-05-20,Organic Search,mobile,928,686,1043,52,
60815,2024-01-03,Direct,smart tv,1660,863,2102,168,18312
60816,2024-07-01, direct ,mobile,767,536,972,77,2310
60817,2024-01-31,Email,desktop,894,652,972,19,874
60818,2024-04-12,email,desktop,318,213,398,7,805
60819,2024-11-22, direct ,smart tv,1126,776,1224,97,12804
60820,2024-01-03,email,desktop,502,356,628,12,1776
60821,2024-07-14,Organic Search,mobile,1987,1271,2761,138,17250
60822,09/20/2024,Email,mobile,2659,1887,2922,58,7424
60823,2024-02-21,Paid Search,smart tv,519,306,634,31,3472
60824,2024-08-27,Email,Desktop,647,271,728,14,1064
60825,2024-04-10,Referral,desktop,646,348,688,13,1456
60826,2024-08-21,Organic Search,Desktop,1705,1227,2030,101,8787
60827,2024-08-12,email,tablet,485,315,693,13,1170
60828,2024-10-24,Organic Search,tablet,367,187,490,24,1296
60829,2024-02-15,Social,tablet,147,83,169,3,252
60830,2024-12-17,Paid Search,mobile,1608,1238,2036,101,4040
60831,2024-05-02,Referral,Desktop,1156,832,1522,30,3660
60832,2024-04-06,Direct,Desktop,856,470,952,76,6156
60833,2024-08-03,Paid Search,mobile,592,254,779,38,4902
60834,2024-04-05,Email,mobile,2044,858,2655,53,
60835,2024-11-19,Referral,smart tv,990,564,1238,24,1512
60836,2024-12-28,Referral,mobile,1317,777,1780,35,2485
60837,2024-03-07,email,desktop,494,217,-677,13,1690
60838,2024-10-12,Email,smart tv,1742,992,1874,37,3589
60839,2024-10-29, direct ,Desktop,2070,1221,2326,186,5952
60840,2024-10-17, direct ,Desktop,1603,1057,1743,139,15290
60841,2024-04-20,Paid Search,Desktop,179,73,246,12,1668
60842,2024-10-07,Email,Desktop,987,434,1234,24,576
60843,08/25/2024,Organic Search,mobile,509,218,698,34,3468
60844,2024-04-10,Direct,smart tv,1194,704,1592,127,16764
60845,2024-10-03,Paid Search,desktop,2533,1190,2754,137,17536
60846,2024-10-15,Email,desktop,1456,815,1891,37,5069
60847,2024-01-26,Referral,desktop,821,607,1174,23,2829
60848,2024-12-09,Organic Search,smart tv,1441,936,2002,100,4000
60849,2024-12-04,Organic Search,desktop,2354,1200,2738,136,18904
60850,2024-10-27,Direct,Desktop,1346,969,1705,136,8840
60851,2024-01-17,Email,mobile,568,335,685,13,1625
60852,2024-08-23,Email,tablet,91,41,102,2,222
60853,2024-09-27,Referral,desktop,827,380,1061,21,819
60854,2024-04-08,Email,tablet,726,529,875,17,2448
60855,2024-02-29,Email,tablet,1500,675,1786,35,3500
60856,2024-03-11,Organic Search,Desktop,360,237,501,25,1150
60857,2024-05-17,Referral,desktop,658,460,844,16,2112
60858,2024-12-25, direct ,smart tv,1296,764,1706,136,6528
60859,2024-03-19,Organic Search,mobile,283,118,389,19,1748
60860,2024-11-12,Direct,Desktop,2678,1847,2976,238,12614
60861,2024-10-21,Email,tablet,2128,1064,2264,45,3780
60862,2024-08-16,Social,desktop,1729,812,1922,38,2660
60863,2024-04-20,Email,desktop,1450,681,1860,37,4921
60864,2024-07-07,email,mobile,2676,1204,2878,57,6042
60865,2024-11-21,Organic Search,tablet,1302,533,1628,81,10692
60866,2024-08-22,Organic Search,desktop,2357,1744,2774,138,9384
60867,2024-10-19,Referral,smart tv,915,539,1144,22,990
60868,2024-09-14, direct ,Desktop,640,256,728,58,7598
60869,2024-04-22,Social,tablet,268,109,363,7,861
60870,2024-01-31, direct ,mobile,833,599,1017,81,7128
60871,2024-12-13,Referral,smart tv,1029,637,1410,28,1316
60872,2024-08-03, direct ,smart tv,289,213,353,28,1092
60873,2024-05-08,Referral,Desktop,1733,1195,1864,37,3552
60874,2024-12-06,Referral,mobile,604,392,746,14,1806
60875,2024-08-09, direct ,mobile,1651,1254,2294,183,4575
60876,2024-08-21,email,desktop,1786,785,2350,47,5828
60877,2024-05-20,Social,mobile,578,306,803,16,1248
60878,11/03/2024,Direct,tablet,1480,1080,1806,144,10944
60879,2024-01-15,Email,Desktop,225,137,297,5,520
60880,2024-05-07, direct ,smart tv,1501,765,1766,141,14100
60881,2024-10-01,Social,tablet,2508,1655,2951,59,3953
60882,2024-06-09,Referral,tablet,1240,731,1442,28,3248
60883,2024-07-27, direct ,tablet,844,422,898,71,
60884,2024-03-27,Email,tablet,1958,900,2332,46,6762
60885,2024-08-12,Organic Search,mobile,1375,618,1599,79,3950
60886,2024-02-21,Email,desktop,256,163,361,7,1043
60887,2024-05-10,Paid Search,tablet,132,67,176,8,432
60888,2024-07-06,email,smart tv,913,529,1142,22,
60889,11/09/2024,Organic Search,desktop,2130,1491,2449,122,7320
60890,2024-12-18, direct ,Desktop,308,221,395,31,3689
60891,2024-05-19,Email,mobile,1023,664,1204,24,2808
60892,2024-08-10,email,smart tv,362,155,465,9,423
60893,2024-06-24,email,desktop,2144,1479,2749,54,1350
60894,2024-08-04,Organic Search,smart tv,701,434,746,37,5032
60895,01/23/2024,Social,smart tv,335,160,373,7,273
60896,2024-03-28,Direct,desktop,1944,1516,2430,194,13774
60897,2024-11-17,Organic Search,smart tv,320,252,348,17,833
60898,2024-10-13,Email,tablet,710,390,866,17,867
60899,2024-02-22,Paid Search,Desktop,2251,1418,2395,119,4641
60900,2024-01-06,Social,smart tv,791,585,977,19,2603
60901,2024-10-31, direct ,tablet,2082,936,2933,234,23868
60902,2024-01-05,Email,mobile,2068,1054,2687,53,3127
60903,2024-05-02,Paid Search,tablet,408,273,480,24,2808
60904,2024-08-16,Referral,smart tv,619,451,837,16,1824
60905,2024-11-05,Email,smart tv,1887,1302,-2451,49,2352
60906,2024-03-09,Direct,tablet,2381,1595,2533,202,9090
60907,2024-05-13,Email,Desktop,1762,740,2123,42,
60908,2024-06-14,Email,desktop,650,370,823,16,1712
60909,2024-11-19,email,desktop,1326,769,1868,37,1517
60910,2024-06-22,Paid Search,tablet,969,571,1197,59,4720
60911,2024-03-20,Organic Search,desktop,1475,649,1736,86,11266
60912,07/25/2024,Email,smart tv,1338,776,1455,29,1711
60913,2024-01-22,Referral,smart tv,740,370,823,16,2224
60914,2024-11-20, direct ,tablet,1704,869,1915,153,19584
60915,2024-12-13,email,tablet,1712,804,2114,42,4452
60916,2024-12-27,Organic Search,mobile,575,333,748,37,2627
60917,2024-05-12,Direct,tablet,1484,742,1747,139,20155
60918,2024-08-16,Referral,mobile,1666,1316,2057,41,1640
60919,2024-08-14,email,mobile,2114,1522,2430,48,3792
60920,2024-04-23,email,Desktop,1649,989,1874,37,3034
60921,2024-03-09,Referral,mobile,2012,1187,2548,50,6050
60922,2024-04-30,Paid Search,desktop,407,211,463,23,2806
60923,2024-10-11,Referral,smart tv,1083,703,1231,24,3192
60924,2024-12-04,Organic Search,Desktop,1468,1115,1859,92,8096
60925,03/21/2024, direct ,tablet,2068,1282,2955,236,33276
60926,2024-06-07, direct ,desktop,789,473,999,79,1659
60927,2024-09-18,Direct,smart tv,2299,988,2555,204,12444
60928,2024-10-30,Paid Search,desktop,1747,1362,1986,99,4950
60929,2024-03-05,Organic Search,Desktop,1116,736,1509,75,3000
60930,2024-11-14,Social,mobile,1872,748,2203,44,1716
60931,2024-12-07,Email,Desktop,144,79,168,3,309
60932,2024-06-01,Paid Search,tablet,1938,1124,2770,138,5244
60933,2024-03-03,Referral,mobile,2415,1159,2597,51,7497
60934,2024-09-21,Social,tablet,1288,618,1386,27,1107
60935,10/20/2024,Referral,desktop,2058,1296,2450,49,7301
60936,2024-02-26,email,Desktop,2063,1320,2948,58,3190
60937,2024-06-04,Organic Search,mobile,2176,1436,2560,128,15872
60938,2024-10-16,Paid Search,mobile,1857,872,2544,127,11176
60939,2024-05-07,Social,smart tv,2426,1819,2666,53,5353
60940,2024-04-25,Direct,smart tv,1038,768,1314,105,7035
60941,2024-12-02, direct ,tablet,2520,1587,2770,221,20774
60942,2024-11-01, direct ,Desktop,1704,1278,2272,181,13213
60943,09/21/2024,Paid Search,smart tv,1875,918,2061,103,8858
60944,2024-04-20,Paid Search,desktop,921,497,1097,54,1728
60945,2024-04-09,Email,smart tv,1358,583,1811,36,
60946,2024-07-06,email,mobile,1367,820,1503,30,1200
60947,2024-08-13,Social,smart tv,1141,832,1631,32,3392
60948,2024-11-05,Social,tablet,1745,1081,2182,43,3827
60949,2024-10-08,Email,smart tv,2579,1985,2835,56,8288
60950,2024-01-19,Paid Search,smart tv,937,627,1267,63,7812
60951,2024-05-24,Referral,Desktop,1020,754,1160,23,1656
60952,2024-04-28,Direct,mobile,811,510,966,77,10395
60953,2024-02-03,email,desktop,393,224,457,9,1116
60954,2024-09-25,Paid Search,tablet,201,110,255,12,1248
60955,2024-12-27,Email,smart tv,360,165,508,10,210
60956,2024-08-10,Direct,tablet,1213,703,1462,116,11716
60957,2024-04-14,Paid Search,desktop,881,572,1049,52,4316
60958,2024-03-08,Social,tablet,1733,970,2064,41,2419
60959,2024-06-30,Paid Search,mobile,2554,1711,2747,137,17262
60960,2024-11-25,email,smart tv,2578,1211,2773,55,3960
60961,2024-06-02,Referral,tablet,1722,861,2003,40,3560
60962,2024-02-26,Referral,smart tv,670,462,737,14,476
60963,2024-11-20,Email,smart tv,156,62,196,3,396
60964,2024-05-16,email,mobile,1760,1179,1956,39,4836
60965,2024-09-01,email,desktop,953,381,1084,21,1134
60966,2024-03-13,Paid Search,Desktop,1737,868,2069,103,15141
60967,2024-09-01,email,desktop,1199,551,1643,32,
60968,2024-02-29,Social,Desktop,1907,1392,2168,43,2150
60969,2024-05-30,Email,tablet,1306,888,1697,33,825
60970,2024-07-30,Paid Search,mobile,1324,648,1743,87,11658
60971,2024-07-29,Organic Search,desktop,2103,1282,2732,136,9792
60972,09/30/2024,Social,mobile,2272,1772,2444,48,3360
60973,2024-06-11,Referral,Desktop,1973,1262,2436,48,2112
60974,2024-07-05,Social,mobile,1914,1129,2151,43,3010
60975,2024-10-03, direct ,smart tv,798,367,950,76,2432
60976,2024-04-18,Paid Search,tablet,1811,1376,2236,111,6105
60977,2024-09-01,Direct,smart tv,1202,685,1351,108,6372
60978,2024-06-09, direct ,mobile,1091,567,1495,119,2499
60979,2024-04-20,Referral,smart tv,462,300,538,10,430
60980,2024-11-10,Organic Search,desktop,1471,706,1839,91,2275
60981,2024-02-17,Social,tablet,575,247,662,13,364
60982,2024-02-18,Social,Desktop,386,258,529,10,730
60983,2024-02-27, direct ,mobile,450,256,601,48,4512
60984,2024-12-03,Referral,desktop,350,266,433,8,304
60985,2024-08-01,Paid Search,Desktop,443,287,477,23,
60986,2024-09-16,Email,tablet,1023,429,1112,22,1408
60987,2024-04-12,Email,Desktop,1861,874,2046,40,2920
60988,2024-03-26,email,desktop,514,406,613,12,1608
60989,2024-08-01,Social,mobile,836,618,1146,22,990
60990,2024-05-24, direct ,tablet,386,177,545,43,3096
60991,2024-10-09,Paid Search,mobile,513,384,703,35,1680
60992,2024-11-22,Organic Search,desktop,862,672,1232,61,2440
60993,2024-12-30,Social,smart tv,835,576,972,19,
60994,2024-06-04,Referral,Desktop,1072,428,1375,27,
60995,2024-03-30, direct ,desktop,807,427,1076,86,9374
60996,02/09/2024,email,smart tv,797,518,896,17,
60997,2024-05-29,Organic Search,mobile,804,490,1045,52,3640
60998,2024-12-28,Organic Search,mobile,762,342,978,48,4080
60999,2024-04-24,Paid Search,Desktop,2387,1575,2984,149,21158
61000,2024-09-16,Organic Search,tablet,2140,1241,2405,120,11760
61001,2024-09-06,Direct,desktop,439,324,564,45,4545
61002,2024-08-26,Paid Search,Desktop,613,281,786,39,2301
61003,2024-08-22, direct ,desktop,882,555,1038,83,8798
61004,2024-11-26, direct ,mobile,977,400,1253,100,4600
61005,07/18/2024,Social,smart tv,2508,1078,2986,59,2832
61006,2024-08-12,Paid Search,Desktop,868,390,1206,60,8820
61007,2024-10-05,Organic Search,Desktop,92,50,127,6,138
61008,2024-04-22,Social,smart tv,981,402,1155,23,
61009,2024-07-12,Email,desktop,2398,1127,2726,54,7506
61010,2024-03-23,Email,desktop,2075,1577,2661,53,5724
61011,2024-03-09,Referral,mobile,419,263,488,9,1053
61012,2024-01-19,email,desktop,135,95,171,3,93
61013,2024-12-12,Direct,mobile,1510,906,1987,158,11376
61014,2024-09-10,Social,desktop,1406,956,1736,34,986
61015,2024-03-05,Email,desktop,638,280,840,16,1216
61016,2024-07-25,Referral,mobile,2441,1879,2774,55,4015
61017,2024-02-18,Direct,tablet,303,172,349,27,3267
61018,2024-09-09,Organic Search,smart tv,275,110,332,16,2368
61019,2024-02-16,Paid Search,mobile,1302,846,1431,71,2698
61020,2024-07-17,Paid Search,desktop,316,173,452,22,
61021,2024-11-01,email,tablet,2193,1447,2410,48,960
61022,2024-09-12,Email,mobile,1640,1246,2311,46,5658
61023,2024-01-21,Social,smart tv,88,46,110,2,76
61024,02/17/2024,email,tablet,1501,645,1687,33,3465
61025,2024-03-21, direct ,Desktop,430,318,507,40,1000
61026,2024-02-03,email,Desktop,1289,915,1554,31,2139
61027,2024-07-10,Email,mobile,757,598,881,17,2516
61028,2024-12-12,Paid Search,mobile,2386,1360,2983,149,16539
61029,2024-07-13,email,tablet,2450,1004,2953,59,2124
61030,2024-01-04,Direct,desktop,267,128,308,24,2376
61031,2024-08-11,Paid Search,mobile,422,206,464,23,2254
61032,2024-02-07,email,desktop,1952,1268,2603,52,7124
61033,2024-08-18,Direct,smart tv,2158,1014,2878,230,14030
61034,2024-03-17,Organic Search,Desktop,2058,823,2394,119,11305
61035,2024-04-17,Paid Search,Desktop,2505,1803,2694,134,17822
61036,2024-01-30,Paid Search,Desktop,2238,1633,2544,127,10541
61037,2024-08-27,Paid Search,tablet,1985,1548,2613,130,18200
61038,03/16/2024,Social,desktop,1028,637,1390,27,1215
61039,2024-06-06,Organic Search,tablet,638,370,694,34,1972
61040,2024-10-26,Organic Search,tablet,1194,549,1512,75,8775
61041,2024-12-18,Email,Desktop,1353,974,1934,38,2014
61042,2024-03-07,Social,mobile,1123,797,1441,28,3444
61043,2024-10-15, direct ,mobile,1068,768,1243,99,2178
61044,2024-01-13,Organic Search,mobile,250,182,302,15,645
61045,2024-02-04,email,tablet,1915,1474,2588,51,
61046,2024-08-06,Email,desktop,1955,840,2540,50,1700
61047,2024-03-25,Referral,mobile,1483,830,1878,37,2442
61048,2024-07-03,email,desktop,2218,1552,2641,52,2860
61049,2024-09-28,email,tablet,1259,705,1464,29,1276
61050,2024-06-15,Social,Desktop,2178,1350,2829,56,5376
61051,2024-10-06,Referral,desktop,1360,775,1944,38,1938
61052,2024-07-18,Social,mobile,570,404,722,14,588
61053,2024-12-15,email,tablet,1247,985,1402,28,728
61054,2024-01-04,Email,desktop,1018,468,1377,27,3537
61055,2024-03-29,Direct,desktop,623,274,734,58,3016
61056,2024-07-05,Referral,Desktop,1365,887,1645,32,1632
61057,2024-01-05,Direct,tablet,666,379,844,67,6566
61058,2024-03-20,Paid Search,mobile,1903,894,2139,106,13038
61059,2024-09-01,Paid Search,smart tv,220,125,259,12,936
61060,2024-07-16,Organic Search,Desktop,1293,594,1421,71,5751
61061,2024-03-13,Paid Search,smart tv,944,396,1124,56,3696
61062,2024-05-06,email,Desktop,482,192,635,12,780
61063,2024-12-09,Organic Search,desktop,1200,840,1559,77,5005
61064,2024-08-17,email,tablet,1378,771,1888,37,4255
61065,2024-07-22,Organic Search,smart tv,1502,1141,1727,86,5246
61066,2024-11-08,email,mobile,2034,1118,2712,54,3240
61067,2024-10-22,Email,mobile,370,281,436,8,768
61068,2024-11-08,Direct,desktop,311,220,342,27,1917
61069,2024-05-22,Social,smart tv,2651,1855,2946,58,6148
61070,2024-10-09,Social,mobile,1872,1216,2058,41,5125
61071,2024-10-12,Direct,smart tv,881,616,1049,83,11537
61072,2024-06-06, direct ,mobile,1583,712,2005,160,17440
61073,2024-11-14,Direct,Desktop,726,479,825,66,8052
61074,2024-03-18, direct ,tablet,100,54,141,11,1331
61075,2024-01-23,Email,tablet,2601,1274,2923,58,3190
61076,2024-09-15,Email,mobile,216,105,261,5,250
61077,2024-12-03,Social,Desktop,2020,969,2494,49,3038
61078,2024-01-01,Paid Search,desktop,540,378,772,38,3800
61079,2024-07-01,Organic Search,desktop,1225,771,1613,80,6320
61080,2024-10-22,Paid Search,Desktop,1050,535,1459,72,6696
61081,2024-07-25,email,desktop,765,512,982,19,1273
61082,2024-10-03,Paid Search,desktop,271,192,327,16,1360
61083,2024-11-18, direct ,Desktop,2169,954,2384,190,14630
61084,2024-09-24,email,mobile,2278,1298,2713,54,2376
61085,2024-07-27,Paid Search,tablet,1656,1159,2239,111,5106
61086,2024-04-26,Organic Search,desktop,1732,727,1925,96,3456
61087,2024-03-27, direct ,Desktop,795,524,959,76,1596
61088,2024-02-06, direct ,mobile,90,49,105,8,592
61089,2024-02-08,Referral,smart tv,2296,941,2469,49,6762
61090,2024-07-09,email,mobile,2212,1216,2837,56,4088
61091,2024-07-10,Direct,mobile,2217,908,2520,201,27939
61092,2024-05-28,Direct,smart tv,819,507,1051,84,3696
61093,2024-07-04,Paid Search,desktop,2610,1670,2933,146,11096
61094,2024-04-09,Paid Search,Desktop,267,197,343,17,1258
61095,2024-11-26, direct ,smart tv,1934,967,2103,168,11256
61096,2024-10-05,Paid Search,smart tv,1822,1056,2048,102,15198
61097,2024-02-13,Referral,mobile,1673,903,2092,41,1517
61098,2024-06-25,Email,desktop,1100,836,1393,27,2376
61099,2024-07-10,Email,smart tv,1953,1328,2752,55,4565
61100,2024-11-24,Organic Search,smart tv,2236,1319,2904,145,11310
61101,2024-07-08, direct ,desktop,395,284,465,37,1813
61102,2024-11-15,Referral,desktop,1463,672,1608,32,4576
61103,2024-09-14,email,mobile,257,102,303,6,636
61104,2024-11-17,Email,desktop,1395,767,1767,35,2660
61105,2024-04-04,Organic Search,Desktop,1266,620,1347,67,9581
61106,2024-02-25,email,tablet,1495,732,1739,34,3468
61107,2024-08-14,Organic Search,mobile,1032,608,1291,64,5696
61108,2024-06-23,Email,desktop,864,596,1153,23,3312
61109,05/23/2024,Email,Desktop,2314,1342,2967,59,8732
61110,2024-02-27,Email,desktop,1476,782,-2051,41,5781
61111,2024-06-25,Paid Search,desktop,1504,676,1880,94,11562
61112,2024-11-26, direct ,Desktop,348,236,415,33,1287
61113,2024-12-14,Direct,smart tv,2537,1243,2917,233,15145
61114,2024-11-13,Email,smart tv,1650,1122,1897,37,2405
61115,2024-03-08,email,desktop,168,127,183,3,309
61116,2024-06-01,Referral,tablet,234,156,249,4,420
61117,2024-03-14,Paid Search,Desktop,1069,780,1486,74,2072
61118,2024-11-10, direct ,smart tv,2042,1286,2688,215,27090
61119,2024-10-16,Email,tablet,2147,923,2497,49,7154
61120,12/29/2024,Organic Search,tablet,884,486,1120,56,1456
61121,2024-01-12,Email,tablet,563,320,793,15,405
61122,2024-05-24,Direct,desktop,352,193,415,33,
61123,2024-01-09,Paid Search,tablet,1190,535,1323,66,3828
61124,2024-11-22,Direct,smart tv,247,113,266,21,2793
61125,03/29/2024,Email,Desktop,560,229,778,15,675
61126,2024-12-24,Direct,Desktop,1987,1192,2722,217,27559
61127,2024-12-07, direct ,desktop,2407,1684,2646,211,11816
61128,2024-06-11,Referral,mobile,1220,707,1743,34,2346
61129,2024-10-08,email,tablet,1292,775,1636,32,1568
61130,2024-05-31, direct ,smart tv,1802,901,2503,200,13200
61131,2024-05-11,Organic Search,desktop,771,547,952,47,5640
61132,2024-09-06,Email,Desktop,1875,900,1995,39,1677
61133,2024-05-08,Email,desktop,1652,1156,2295,45,6570
61134,2024-09-25,Paid Search,Desktop,1985,1349,2837,141,16215
61135,2024-08-07,email,Desktop,560,420,737,14,2044
61136,2024-11-26, direct ,tablet,149,75,166,13,507
61137,2024-09-14,Paid Search,Desktop,490,357,584,29,2378
61138,2024-04-13,email,tablet,2266,1472,2667,53,4770
61139,2024-03-21,email,tablet,1463,731,1702,34,3774
61140,2024-09-21,Paid Search,desktop,1030,566,1158,57,1311
61141,2024-06-05,Direct,tablet,1344,631,1680,134,9380
61142,2024-03-08,Paid Search,Desktop,2720,2094,2925,146,17082
61143,2024-04-20,Social,smart tv,2389,1098,2746,54,6804
61144,2024-03-30, direct ,mobile,232,153,258,20,1520
61145,2024-06-19,Direct,tablet,2636,1318,2805,224,14336
61146,2024-11-06,Referral,mobile,845,625,1098,21,1428
61147,2024-04-05,Paid Search,smart tv,454,354,541,27,864
61148,2024-04-05,Referral,mobile,198,89,248,4,576
61149,2024-06-12,Referral,smart tv,699,531,823,16,1472
61150,2024-12-13,email,mobile,1859,1171,2583,51,3621
61151,2024-01-10,Email,Desktop,475,365,609,12,1032
61152,2024-02-27,Social,smart tv,962,625,1203,24,2520
61153,2024-08-31,Organic Search,desktop,634,405,675,33,2640
61154,2024-11-02,Social,tablet,2080,1144,2737,54,6372
61155,2024-09-05,Email,Desktop,1295,880,1851,37,2109
61156,2024-06-18,Direct,Desktop,1798,1384,2116,169,9971
61157,2024-09-28,Organic Search,mobile,279,150,349,17,612
61158,2024-01-16,Organic Search,tablet,1960,784,2580,129,7482
61159,2024-04-03,Social,Desktop,1364,927,1483,29,3103
61160,2024-04-29,email,mobile,408,199,544,10,380
61161,2024-09-03,Social,smart tv,1018,702,1213,24,
61162,2024-08-15, direct ,tablet,2272,1658,2840,227,11804
61163,2024-09-17,Email,tablet,2224,1668,2367,47,6533
61164,2024-01-13,Email,mobile,1296,881,1508,30,4050
61165,2024-03-09,Referral,mobile,1732,900,1991,39,2769
61166,2024-05-15,Email,smart tv,1385,664,1474,29,1247
61167,2024-09-08,Paid Search,mobile,1092,513,1241,62,4650
61168,2024-09-16,Referral,Desktop,2470,1012,2941,58,1566
61169,2024-08-27,Social,tablet,622,366,877,17,2023
61170,2024-06-16,email,desktop,558,407,707,14,784
61171,2024-06-24,Paid Search,desktop,105,52,132,6,516
61172,2024-12-16,Email,Desktop,1716,823,2320,46,5060
61173,2024-04-05,Social,smart tv,1826,748,2468,49,4802
61174,2024-09-28,Organic Search,Desktop,1687,809,1896,94,8554
61175,2024-10-09,Direct,Desktop,1277,574,-1659,132,3960
61176,2024-02-26,Organic Search,tablet,1385,720,1951,97,10282
61177,2024-05-21, direct ,desktop,378,151,505,40,3600
61178,2024-12-27,Direct,mobile,1351,729,1755,140,13020
61179,2024-01-16,Paid Search,smart tv,1186,747,1413,70,6370
61180,2024-06-15,Paid Search,smart tv,1041,458,1447,72,10440
61181,2024-04-16, direct ,mobile,136,55,166,13,
61182,2024-09-04,Social,smart tv,1928,1079,2411,48,2304
61183,2024-08-20,Paid Search,smart tv,1334,720,1647,82,5822
61184,2024-03-02,Referral,smart tv,590,259,729,14,1904
61185,2024-07-24,Social,Desktop,2336,1798,2686,53,5141
61186,2024-09-09,Paid Search,mobile,1889,944,2099,104,4472
61187,2024-02-17,Direct,tablet,487,199,642,51,6528
61188,2024-05-01,Social,smart tv,2782,2142,2960,59,4543
61189,2024-07-01,Email,smart tv,1779,764,2341,46,3404
61190,2024-03-08,Direct,desktop,2356,1437,2534,202,30098
61191,2024-08-31,Direct,tablet,1556,793,2104,168,17472
61192,2024-11-21,Email,Desktop,242,113,307,6,396
61193,2024-03-12, direct ,desktop,438,249,548,43,3913
61194,2024-06-07, direct ,desktop,455,300,576,46,6072
61195,2024-12-20,Direct,mobile,1217,730,1561,124,3844
61196,2024-10-01,Organic Search,smart tv,936,496,1319,65,9555
61197,2024-09-28, direct ,mobile,854,367,919,73,3796
61198,2024-09-13,Paid Search,desktop,2531,1518,2844,142,10650
61199,2024-11-19,Social,mobile,755,513,994,19,2812
61200,2024-01-20,Email,smart tv,1922,1230,2563,51,6681
61201,2024-04-12,Paid Search,mobile,1880,1428,2321,116,2900
61202,2024-07-19,Paid Search,smart tv,990,455,1254,62,4836
61203,2024-03-29,Social,smart tv,1348,1011,1926,38,3154
61204,2024-02-27,Paid Search,desktop,1363,586,1604,80,4560
61205,2024-05-07,Organic Search,desktop,1257,653,1722,86,10492
61206,2024-01-22,email,desktop,725,507,980,19,1710
61207,2024-07-22,Referral,desktop,1407,858,1530,30,1800
61208,2024-04-19, direct ,desktop,1750,1347,2084,166,12616
61209,2024-09-09,Direct,Desktop,1416,977,2023,161,10143
61210,2024-11-11,Social,Desktop,929,724,999,19,513
61211,08/04/2024,Referral,smart tv,412,214,557,11,1408
61212,2024-04-04,Email,desktop,230,119,284,5,645
61213,2024-02-26,Social,smart tv,2427,1213,2758,55,1155
61214,2024-08-13, direct ,tablet,2341,1334,2691,215,17845
61215,2024-09-11,email,desktop,253,116,306,6,468
61216,2024-08-14,Social,desktop,1234,703,1563,31,4123
61217,2024-11-29,Direct,tablet,336,198,426,34,4590
61218,2024-01-12,Organic Search,Desktop,1827,895,2405,120,10680
61219,2024-07-30,Organic Search,Desktop,382,187,466,23,2668
61220,2024-03-28, direct ,mobile,1411,1030,1764,141,9729
61221,2024-01-24,Organic Search,tablet,2200,1738,2472,123,13161
61222,2024-02-22,Organic Search,mobile,1806,758,2509,125,4750
61223,2024-02-21,email,smart tv,406,166,502,10,1260
61224,2024-05-24,Social,desktop,763,495,992,19,2413
61225,2024-07-05,Email,smart tv,918,514,1177,23,1840
61226,2024-05-02,email,mobile,1296,712,1662,33,2376
61227,2024-10-01,Paid Search,Desktop,2007,1023,2607,130,
61228,2024-06-14,Direct,desktop,330,168,393,31,1240
61229,2024-01-26,Paid Search,Desktop,235,180,271,13,793
61230,2024-11-27,Social,smart tv,1391,709,1784,35,3115
61231,2024-01-11,Email,Desktop,109,71,152,3,360
61232,2024-01-15,Direct,tablet,663,483,897,71,5041
61233,2024-05-09,Social,desktop,1439,964,1919,38,2166
61234,2024-04-15,Paid Search,mobile,2119,932,2382,119,8568
61235,2024-01-12,Direct,tablet,2419,1185,2813,225,7650
61236,2024-07-06,Referral,smart tv,1554,1025,2190,43,3139
61237,2024-05-31,Organic Search,tablet,1603,1234,2083,104,11336
61238,2024-01-23,Social,Desktop,381,281,515,10,310
61239,2024-12-19, direct ,desktop,655,281,819,65,6370
61240,2024-02-09,Direct,desktop,1462,1140,1700,136,14688
61241,2024-09-29,Email,Desktop,781,429,1085,21,2583
61242,2024-03-10,Paid Search,mobile,2312,1433,2541,127,3302
61243,2024-03-14,Direct,Desktop,949,502,1217,97,7372
61244,2024-03-25,Organic Search,tablet,549,241,687,34,4284
61245,2024-01-08,Direct,desktop,1397,768,1684,134,15276
61246,2024-02-02,Email,tablet,1131,655,1414,28,2464
61247,2024-10-06,Email,desktop,683,361,977,19,2508
61248,2024-09-25,Organic Search,desktop,797,406,858,42,966
61249,2024-12-15,Organic Search,smart tv,974,652,1249,62,6696
61250,2024-12-16,Organic Search,Desktop,868,624,1223,61,9028
61251,2024-03-05,Social,Desktop,2268,1496,2908,58,4524
61252,2024-02-17,Organic Search,smart tv,134,92,182,9,1152
61253,2024-04-26, direct ,mobile,1050,640,1439,115,8280
61254,2024-02-09,Paid Search,Desktop,1675,686,2094,104,7280
61255,2024-08-29,Email,tablet,1672,953,2015,40,3280
61256,2024-04-28,Paid Search,smart tv,600,396,732,36,1620
61257,2024-10-22, direct ,desktop,1196,550,1329,106,6254
61258,2024-02-18,Organic Search,smart tv,725,369,1007,50,3600
61259,2024-09-16,Social,tablet,1900,1501,2603,52,4264
61260,2024-10-03,Direct,Desktop,636,362,806,64,
61261,2024-05-18,Email,desktop,337,242,359,7,777
61262,2024-03-25,Email,tablet,363,239,413,8,544
61263,2024-11-06,Referral,Desktop,1971,1024,2560,51,3213
61264,08/23/2024,Paid Search,Desktop,1417,906,1687,84,5964
61265,2024-04-29,Direct,tablet,2327,1256,2838,227,22700
61266,2024-09-22,Direct,smart tv,2551,1454,2933,234,21294
61267,2024-08-23,Paid Search,tablet,1144,858,1526,76,7372
61268,2024-02-19,Direct,mobile,2438,1609,2903,232,10440
61269,2024-12-05,Social,Desktop,544,429,648,12,1200
61270,2024-02-18,Direct,tablet,760,585,836,66,5214
61271,2024-08-07,Referral,mobile,897,358,1108,22,2354
61272,2024-01-18,Social,Desktop,2438,1804,2622,52,4056
61273,2024-03-21,Referral,desktop,880,422,1240,24,2016
61274,2024-08-20,Organic Search,mobile,1684,1313,2276,113,8023
61275,2024-07-26, direct ,tablet,2202,1255,2394,191,4966
61276,2024-01-01,Direct,desktop,1224,514,1570,125,14000
61277,2024-03-28,Social,smart tv,2108,864,2317,46,3404
61278,2024-12-28,email,smart tv,982,559,1068,21,924
61279,2024-08-14, direct ,smart tv,292,128,400,32,1088
61280,2024-02-05,Social,mobile,1078,754,1519,30,1260
61281,10/31/2024, direct ,Desktop,842,530,1015,81,6318
61282,2024-11-25,Email,mobile,1427,956,2011,40,4880
61283,2024-09-23,Referral,Desktop,1633,1224,1856,37,3885
61284,2024-02-22,Email,mobile,1733,935,2064,41,5412
61285,2024-07-27,Paid Search,desktop,1200,840,1601,80,4480
61286,2024-05-11,Social,desktop,670,348,729,14,2058
61287,2024-08-27,Paid Search,tablet,1249,711,1453,72,3024
61288,2024-09-14,Paid Search,desktop,169,106,239,11,1122
61289,2024-12-22,Direct,smart tv,2052,1354,2773,221,13702
61290,2024-04-14,Social,Desktop,2359,1273,2744,54,7236
61291,2024-10-11,Referral,tablet,1795,1184,2163,43,4214
61292,2024-04-24,Referral,Desktop,1279,946,1802,36,3384
61293,2024-12-30,Direct,Desktop,1815,943,2358,188,13536
61294,2024-09-16,Direct,tablet,1482,1141,1877,150,
61295,07/11/2024,Paid Search,Desktop,1241,843,1460,73,6497
61296,2024-10-14,Paid Search,mobile,2259,1355,2627,131,16506
61297,2024-03-19,Social,smart tv,1164,756,1370,27,1323
61298,2024-02-13,Social,desktop,2143,1585,2305,46,1886
61299,2024-08-07,Direct,mobile,1736,937,1867,149,16241
61300,2024-11-12, direct ,smart tv,453,276,589,47,4418
61301,2024-12-20,Organic Search,desktop,1806,866,2230,111,4551
61302,2024-10-21,Email,tablet,1912,879,2390,47,2585
61303,2024-03-27,Referral,tablet,1034,641,1101,22,3102
61304,2024-05-29,Referral,tablet,462,295,643,12,1764
61305,2024-09-15,Direct,smart tv,411,275,502,40,1720
61306,2024-02-15,Social,Desktop,1330,970,1900,38,4522
61307,2024-11-22,Organic Search,desktop,1320,884,1591,79,11060
61308,2024-10-26, direct ,Desktop,1689,1232,2413,193,4246
61309,2024-04-24,Direct,mobile,818,580,1121,89,9701
61310,2024-04-14,Organic Search,smart tv,688,282,860,43,989
61311,2024-11-03, direct ,desktop,2568,1515,2762,220,21340
61312,2024-03-03,Email,Desktop,1095,514,1336,26,3562
61313,2024-09-28,Direct,mobile,1154,900,1228,98,2058
61314,2024-12-23,email,smart tv,2451,1568,2954,59,8319
61315,2024-08-28,Email,mobile,90,47,112,2,112
61316,2024-03-24,Paid Search,smart tv,2400,1632,2638,131,11790
61317,2024-12-23,email,Desktop,1463,1111,1876,37,4773
61318,2024-11-27,Social,mobile,1810,1067,2155,43,4945
61319,2024-08-20,Referral,Desktop,477,290,530,10,360
61320,2024-11-01,Organic Search,tablet,990,485,1339,66,7194
61321,2024-07-22,Paid Search,tablet,2382,1500,2535,126,18018
61322,2024-05-11,Paid Search,Desktop,749,539,974,48,1248
61323,2024-10-29,Direct,Desktop,171,73,188,15,600
61324,2024-04-30,Direct,tablet,819,442,1123,89,4094
61325,2024-04-05,Direct,tablet,2129,1469,2340,187,11033
61326,2024-05-18,Direct,Desktop,2204,1256,2477,198,16830
61327,2024-11-19,Direct,tablet,2453,1888,2956,236,27376
61328,2024-12-04,email,tablet,1203,818,1583,31,3007
61329,2024-02-08,Direct,smart tv,383,268,525,42,1512
61330,2024-09-10, direct ,desktop,849,517,934,74,6734
61331,11/25/2024, direct ,Desktop,629,295,707,56,5040
61332,2024-01-15,Email,mobile,1925,1039,2674,53,2915
61333,2024-10-14,email,Desktop,1042,750,1469,29,4031
61334,2024-09-20,Direct,Desktop,655,517,910,72,2592
61335,2024-12-13,Referral,desktop,1538,861,1691,33,2838
61336,2024-06-26,Organic Search,smart tv,962,384,1337,66,8844
61337,2024-12-17,Paid Search,smart tv,2325,1581,2555,127,12700
61338,2024-02-15,Referral,desktop,2221,955,2677,53,6466
61339,2024-08-29,Referral,desktop,501,200,619,12,984
61340,2024-01-28,Referral,tablet,1077,807,1253,25,3700
61341,2024-02-19,Social,mobile,200,122,264,5,195
61342,2024-12-30,Social,Desktop,1286,784,1496,29,1798
61343,2024-11-09,Organic Search,smart tv,1512,937,2161,108,6264
61344,2024-09-02,Email,smart tv,1356,949,1491,29,1885
61345,2024-12-05,Referral,tablet,599,377,659,13,1638
61346,2024-02-22,Email,Desktop,2292,1421,2492,49,5782
61347,2024-09-05,Social,tablet,617,438,671,13,1664
61348,2024-11-16,Paid Search,smart tv,1313,787,1397,69,7452
61349,2024-06-12,Paid Search,Desktop,211,139,294,14,1148
61350,04/24/2024,Referral,Desktop,702,372,807,16,704
61351,2024-01-20,Email,mobile,2457,1154,2614,52,6448
61352,2024-05-20,Organic Search,Desktop,1656,1225,1781,89,9256
61353,2024-03-26,email,smart tv,852,511,937,18,1368
61354,2024-08-31,Paid Search,mobile,2141,1113,2462,123,
61355,2024-12-03,email,desktop,539,398,674,13,1690
61356,2024-10-26,Referral,mobile,238,168,-271,5,530
61357,2024-06-10,Email,smart tv,395,244,557,11,1452
61358,2024-08-14,Referral,mobile,444,235,563,11,1551
61359,2024-01-02,Direct,desktop,2641,1690,2810,224,6720
61360,2024-12-01,email,desktop,1499,869,2026,40,1800
61361,2024-11-14, direct ,tablet,1993,817,2121,169,10985
61362,2024-05-25,Direct,desktop,94,62,106,8,512
61363,2024-06-15,Referral,Desktop,2719,2012,2893,57,5871
61364,2024-11-30,Direct,tablet,2083,1499,2976,238,23562
61365,2024-12-14,email,tablet,1452,900,2046,40,4960
61366,2024-06-30,Paid Search,smart tv,1656,894,2071,103,14420
61367,2024-02-13,Referral,desktop,1782,1265,2346,46,4692
61368,2024-12-19,email,Desktop,531,313,718,14,420
61369,2024-06-03,Referral,Desktop,1383,981,1537,30,1950
61370,2024-08-24,Direct,smart tv,2131,1363,2538,203,26999
61371,2024-04-17,Social,desktop,2208,993,2761,55,4620
61372,2024-11-28,Referral,smart tv,676,466,953,19,2432
61373,2024-06-20, direct ,tablet,781,609,1086,86,
61374,2024-08-04,Paid Search,Desktop,1491,849,1819,90,9180
61375,2024-08-31, direct ,mobile,1639,786,2075,166,13778
61376,2024-10-25,Paid Search,Desktop,2604,1093,2862,143,3146
61377,2024-06-24,Email,Desktop,2055,1623,2670,53,
61378,2024-08-18,email,tablet,718,445,971,19,1786
61379,2024-11-11,email,mobile,2262,1221,2514,50,4250
61380,2024-06-05,email,desktop,1614,1162,1774,35,735
61381,2024-05-19,Email,tablet,451,329,519,10,1120
61382,2024-04-16,Direct,smart tv,2038,1528,2912,232,
61383,2024-12-10,email,mobile,879,395,1172,23,3059
61384,2024-05-16,Organic Search,tablet,1483,593,1831,91,6370
61385,2024-12-26,email,desktop,1273,661,1369,27,1485
61386,2024-12-18,email,mobile,1267,722,1378,27,1080
61387,2024-07-21,Referral,desktop,1086,575,1235,24,2256
61388,2024-01-01,Direct,Desktop,248,146,323,25,3175
61389,2024-11-25, direct ,tablet,1361,843,1530,122,15494
61390,2024-01-12,Organic Search,desktop,1234,925,1763,88,12584
61391,2024-08-09,Organic Search,tablet,1403,827,1733,86,2924
61392,2024-05-31,Paid Search,smart tv,156,73,182,9,558
61393,2024-03-02,Email,mobile,1051,536,1440,28,3920
61394,2024-05-30,Direct,desktop,1850,1239,-2500,200,8800
61395,2024-04-11,Social,Desktop,735,455,919,18,1368
61396,2024-11-07,Email,desktop,1197,598,1663,33,3993
61397,2024-03-08, direct ,mobile,1991,1194,2188,175,6650
61398,2024-12-23,Email,tablet,950,731,1080,21,1848
61399,2024-08-04, direct ,tablet,604,271,664,53,7844
61400,2024-11-27,Direct,tablet,2180,1417,2506,200,13000
61401,2024-11-23,Social,mobile,2501,1075,2749,54,7074
61402,2024-03-04,Referral,desktop,1932,1371,2478,49,
61403,2024-09-27,Social,mobile,2044,1573,2879,57,1482
61404,2024-01-30,Paid Search,smart tv,394,212,533,26,2158
61405,2024-10-06,Organic Search,smart tv,1249,624,1689,84,12096
61406,2024-11-27,Paid Search,mobile,1595,1196,2019,100,5800
61407,12/02/2024,Organic Search,desktop,1881,1072,2240,112,16016
61408,2024-12-20,email,smart tv,336,174,415,8,920
61409,2024-10-22,Email,mobile,1972,986,2192,43,6020
61410,2024-04-21,Organic Search,smart tv,1132,498,1287,64,1856
61411,2024-09-27,Direct,Desktop,1378,744,1641,131,13493
61412,2024-01-22,Referral,tablet,206,129,222,4,572
61413,2024-05-03,email,desktop,975,448,1060,21,1050
61414,2024-05-04,Referral,smart tv,168,131,206,4,320
61415,2024-06-15,Referral,Desktop,1600,911,2192,43,4257
61416,2024-02-25,Referral,desktop,1425,783,1901,38,5016
61417,2024-06-12,Paid Search,Desktop,2325,1348,2584,129,18060
61418,2024-12-24,Paid Search,mobile,1248,911,1419,70,1820
61419,2024-06-25,Referral,Desktop,545,343,737,14,1232
61420,2024-02-11, direct ,desktop,1607,787,2061,164,20172
61421,2024-09-07,Direct,desktop,1053,789,1505,120,7920
61422,2024-05-26,Email,tablet,449,269,489,9,828
61423,2024-03-30, direct ,smart tv,1212,618,1318,105,5040
61424,06/26/2024,Direct,tablet,1421,809,1512,120,10920
61425,2024-04-07, direct ,desktop,1129,745,1269,101,6565
61426,2024-10-24,Organic Search,mobile,1756,1158,1996,99,7029
61427,2024-09-25,Referral,tablet,992,505,1272,25,3375
61428,2024-06-21,Organic Search,tablet,933,410,1333,66,6930
61429,2024-03-19,Paid Search,Desktop,915,695,1017,50,5850
61430,05/01/2024,email,smart tv,1185,699,1411,28,1540
61431,2024-06-23,Paid Search,smart tv,866,502,952,47,4935
61432,2024-08-19,Direct,desktop,1076,581,1209,96,12960
61433,2024-06-13,Direct,mobile,1976,829,2471,197,
61434,2024-07-18, direct ,mobile,487,306,609,48,4272
61435,2024-05-05, direct ,mobile,329,256,422,33,4455
61436,2024-03-20,Direct,desktop,1696,1204,1824,145,5220
61437,2024-10-14,Referral,desktop,309,139,344,6,762
61438,2024-03-18,Paid Search,smart tv,634,418,858,42,4872
61439,2024-06-24,Organic Search,mobile,1754,1245,1887,94,10246
61440,2024-08-22,Social,smart tv,1621,1037,2053,41,5207
61441,2024-03-15,Direct,mobile,1107,553,1402,112,5824
61442,04/08/2024,Direct,tablet,1028,729,1210,96,5280
61443,2024-01-01,Organic Search,tablet,890,445,1001,50,5100
61444,2024-07-29,Social,Desktop,707,311,907,18,2142
61445,2024-09-08, direct ,mobile,2472,1409,2909,232,7888
61446,2024-08-02,Email,desktop,880,686,989,19,1539
61447,2024-02-15,Organic Search,desktop,1988,1153,2486,124,5332
61448,06/28/2024,Paid Search,desktop,1115,735,1377,68,9248
61449,2024-04-25,Paid Search,desktop,699,398,932,46,4094
61450,2024-05-25,Referral,mobile,299,167,422,8,904
61451,2024-02-17,email,mobile,1460,1153,1760,35,1645
61452,2024-02-03, direct ,mobile,1095,569,1165,93,2976
61453,2024-12-26,Referral,smart tv,1747,943,1920,38,1406
61454,2024-01-16,Email,desktop,1263,606,1780,35,840
61455,2024-03-31,email,smart tv,1035,734,1327,26,1560
61456,2024-09-30,email,Desktop,1256,791,1698,33,1716
61457,2024-03-15,Organic Search,mobile,1789,1144,2452,122,14518
61458,2024-10-06,Social,desktop,969,387,1102,22,462
61459,01/18/2024,Paid Search,Desktop,1696,1339,1928,96,9408
61460,2024-06-17,Paid Search,smart tv,1310,576,1638,81,9072
61461,09/21/2024,Social,tablet,933,625,1152,23,3266
61462,2024-03-09,email,mobile,1534,951,2073,41,1722
61463,02/25/2024,Organic Search,tablet,2290,1740,2574,128,17152
61464,2024-08-25,Organic Search,Desktop,1222,733,1746,87,10005
61465,01/16/2024,Direct,smart tv,625,487,680,54,1080
61466,2024-10-30,Direct,smart tv,421,298,485,38,1330
61467,2024-07-25,Email,tablet,474,265,516,10,230
61468,2024-08-26,Social,tablet,154,117,215,4,340
61469,2024-10-28, direct ,desktop,376,172,428,34,2448
61470,2024-03-25,Direct,desktop,1362,871,1817,145,12905
61471,2024-06-20,Organic Search,tablet,2031,1076,2161,108,11772
61472,2024-10-19,email,smart tv,1931,1525,2246,44,2684
61473,09/19/2024,Organic Search,Desktop,1020,724,1343,67,6164
61474,2024-07-01,email,Desktop,1429,957,1554,31,2263
61475,2024-05-17,Referral,Desktop,234,138,252,5,305
61476,2024-03-28,Direct,desktop,1466,1011,1811,144,7632
61477,2024-03-14, direct ,Desktop,1311,707,1639,131,2882
61478,2024-12-21,email,mobile,177,93,236,4,280
61479,2024-10-10,Paid Search,Desktop,1306,666,1742,87,10092
61480,2024-02-19,Email,Desktop,2312,1502,2753,55,6490
61481,2024-07-29,Direct,tablet,2454,1349,2854,228,26904
61482,2024-02-16,Paid Search,tablet,1813,1087,2061,103,14626
61483,2024-02-15,Referral,desktop,1820,819,2193,43,6020
61484,2024-08-09,Direct,mobile,2098,1132,2725,218,28340
61485,2024-10-26,Social,Desktop,2446,1027,2749,54,7722
61486,2024-02-01,Email,Desktop,1466,1026,1577,31,4340
61487,2024-07-10,Paid Search,smart tv,1876,919,2261,113,3729
61488,2024-05-11,email,tablet,1299,519,1547,30,3540
61489,2024-06-23,Referral,mobile,1080,496,1174,23,920
61490,2024-07-23,Organic Search,tablet,935,439,1199,59,8496
61491,2024-07-13,Paid Search,Desktop,1992,1354,2491,124,17856
61492,2024-12-12,Referral,smart tv,2176,1566,2790,55,1870
61493,2024-05-20,Paid Search,smart tv,2231,1338,2426,121,8954
61494,05/21/2024,Social,Desktop,1079,787,1301,26,2912
61495,2024-03-15,Referral,Desktop,99,70,119,2,140
61496,2024-07-15,Referral,mobile,2369,1516,2925,58,6612
61497,2024-12-01,email,mobile,1518,865,1651,33,3894
61498,2024-07-02,Referral,mobile,1412,776,1909,38,3344
61499,2024-02-20, direct ,desktop,1423,782,1849,147,6174
61500,2024-12-01,Social,tablet,154,80,168,3,210

