WeekStartDate,AdPlatform,AmountSpend,Impressions,Clicks,TotalUsers,NewUsers,Revenue,Orders,NewCustomers
2024-09-30,Google Ads,4501,180040,3600,3060,1836,39284,244,141
2024-08-26,TikTok Ads,2542,165230,1652,1519,987,24888,136,85
2024-09-09, google ads ,977,47873,957,727,399,10270,65,47
2024-05-13,Facebook Ads,1522,147634,5905,4369,2359,33245,305,164
2024-03-25,tiktok,4332,220932,6627,4440,3285,36442,266,207
2024-08-05,TikTok Ads,3633,196182,9809,6277,4770,51363,439,289
2024-05-20,Google Ads,596,31588,631,548,411,4165,49,28
2024-06-10,tiktok,4320,190080,5702,4390,3336,54905,395,158
2024-10-14,Affiliate,2956,133020,3990,2633,1922,27612,236,184
2024-05-20,Google Ads,3522,324024,6480,5184,4095,5270,155,62
2024-02-19, google ads ,2721,106119,5305,3236,2103,10465,161,101
2024-12-23, google ads ,2967,94944,2848,2050,1496,24840,184,112
2024-06-24,tiktok,3153,110355,5517,4634,3614,4587,139,109
2024-11-04,Facebook Ads,4725,226800,2268,1587,1126,3807,47,30
2024-09-02,Affiliate,1226,87046,870,600,324,2250,18,11
2024-08-05,Google Ads,4095,393120,19656,12579,7924,97968,628,464
2024-07-29,TikTok Ads,,150800,7540,6936,4161,56160,624,293
2024-11-18,Affiliate,3523,306501,12260,7601,5928,44460,380,243
2024-08-12,TikTok Ads,1320,93720,5623,3598,2266,34615,215,111
2024-12-02,Facebook Ads,3499,209940,14695,12637,8593,180790,1010,797
2024-04-08,Google Ads,1117,52499,3674,3380,1723,12864,67,36
2024-07-01,tiktok,1982,170452,10227,8897,7028,97539,533,245
2024-08-19,Facebook Ads,4343,273609,10944,7879,5357,29736,472,217
2024-11-25, google ads ,4662,289044,2890,2658,2073,15900,106,78
01/29/2024,Facebook Ads,3855,327675,9830,7077,4033,41128,212,112
2024-06-03,tiktok,4714,381834,19091,17372,13029,87528,1563,1156
2024-10-21,Facebook Ads,1807,142753,4282,3168,1932,19750,158,83
2024-11-04, google ads ,3670,249560,14973,13026,9118,30974,911,546
2024-01-01,Google Ads,1429,45728,3200,2048,1126,5490,122,73
2024-07-29,TikTok Ads,517,12408,372,234,145,846,18,13
2024-04-22,tiktok,1221,56166,561,504,347,860,20,14
2024-08-26,Facebook Ads,1998,125874,6293,5474,2737,13952,218,89
2024-08-26, google ads ,1240,91760,1835,1119,861,4891,67,34
2024-12-16,tiktok,1467,132030,3960,3445,2618,18557,241,134
2024-06-10,Google Ads,758,63672,3820,2941,2235,29106,147,91
2024-11-11,Google Ads,870,44370,3105,2887,1761,9696,202,139
2024-10-21,Affiliate,4782,430380,12911,10587,6458,124362,846,549
2024-07-01,Google Ads,2744,161896,11332,6799,4827,54945,407,256
2024-05-20,tiktok,3901,280872,2808,1684,1161,11627,151,98
2024-08-05, google ads ,1067,68288,2731,2157,1639,3698,86,37
03/04/2024,TikTok Ads,1881,80883,5661,4019,3014,38266,361,158
2024-07-29,tiktok,3192,118104,1181,1110,821,8052,44,25
2024-01-15,Facebook Ads,593,32022,1921,1517,940,8840,136,107
2024-04-22, google ads ,3253,178915,5367,3434,2266,11433,309,126
2024-01-15,TikTok Ads,4304,284064,11362,10453,5958,140060,940,470
2024-08-05,Affiliate,3385,209870,10493,9863,7495,-136620,690,489
2024-07-15,TikTok Ads,754,15834,158,107,70,1568,8,4
2024-08-26,Facebook Ads,2257,209901,2099,1721,1239,23760,120,80
2024-05-27,Facebook Ads,2032,105664,4226,2704,1811,39852,243,160
2024-08-05,Facebook Ads,4132,107432,5371,4243,2248,61722,381,194
2024-11-11,Google Ads,4152,265728,10629,8928,5713,72384,624,361
2024-07-15, google ads ,3567,74907,2247,1752,1226,13860,105,79
2024-05-20,TikTok Ads,2479,146261,2925,1755,1140,8715,105,44
2024-04-22, google ads ,4603,188723,9436,6793,3668,10935,135,85
2024-06-17,Google Ads,2074,66368,3318,2986,2329,2773,59,44
2024-04-01,TikTok Ads,4843,450399,18015,13871,10680,230880,1248,673
2024-12-16,TikTok Ads,2034,75258,752,488,273,3276,39,18
2024-08-26,Facebook Ads,1525,61000,3050,2531,1467,15453,101,76
2024-10-14,TikTok Ads,2709,146286,4388,3773,2452,28776,264,134
2024-01-01, google ads ,2757,102009,1020,867,433,10902,69,33
2024-04-01,TikTok Ads,3172,231556,13893,9447,6235,65598,377,203
2024-01-08,TikTok Ads,4910,98200,4910,3731,2462,31581,261,161
2024-08-12,Affiliate,4748,308620,15431,13116,7738,14672,262,186
2024-09-16,Facebook Ads,3695,288210,20174,13516,8379,37530,270,135
2024-01-22,Affiliate,3341,167050,10023,8519,6730,30940,170,129
2024-03-25,TikTok Ads,522,38628,772,702,428,6363,63,49
2024-08-19,Google Ads,3067,82809,828,513,312,4740,30,17
2024-04-29,Affiliate,3180,209880,4197,3021,2326,39457,211,141
2024-05-27, google ads ,932,39144,391,328,216,1314,9,3
2024-11-18,TikTok Ads,3676,99252,5955,4823,2797,67704,434,260
2024-03-04,tiktok,4909,471264,14137,10885,7075,82278,653,287
2024-08-12,tiktok,1250,53750,3762,2294,1674,10374,91,38
2024-03-11,Google Ads,2936,164416,1644,1397,1061,17375,125,56
04/22/2024,Google Ads,1896,64464,4512,3113,2397,6138,62,47
2024-10-07,Affiliate,4209,252540,7576,4545,2727,8568,136,57
2024-07-01,Google Ads,3524,225536,4510,4194,2264,31644,293,117
2024-08-12, google ads ,905,55205,3864,3400,1904,9384,136,74
2024-03-25, google ads ,1236,119892,1198,826,536,4389,33,20
2024-03-04,Facebook Ads,1123,50535,1010,878,597,10150,70,37
2024-04-15,TikTok Ads,1467,67482,674,525,404,4653,47,33
2024-05-06,TikTok Ads,1723,53413,534,437,235,1680,30,12
2024-01-22,Facebook Ads,2545,218870,2188,1378,854,5280,110,46
2024-07-15,TikTok Ads,1419,134805,6740,5594,3244,31290,447,178
2024-08-05,TikTok Ads,3112,93360,1867,1157,659,4209,23,10
2024-04-29,Affiliate,2950,227150,4543,2907,2267,26274,174,121
2024-06-24, google ads ,1579,72634,4358,4052,2795,6868,202,135
2024-10-28,tiktok,2872,215400,8616,7151,5649,40612,286,145
2024-12-23,Google Ads,864,61344,3067,1901,1501,16872,152,95
2024-02-12,TikTok Ads,,333868,16693,11685,8530,116216,584,239
2024-03-04,Google Ads,1243,44748,447,415,211,3168,33,20
2024-05-06,tiktok,763,45017,1800,1548,1161,10549,77,33
2024-01-22,Affiliate,3036,139656,2793,1731,1159,14276,86,42
2024-05-06, google ads ,1935,40635,2844,2161,1512,11072,64,29
2024-07-08,Google Ads,3930,310470,12418,10431,7197,25168,208,83
2024-02-19,TikTok Ads,4313,405422,4054,3040,1611,1980,60,46
2024-09-02,tiktok,4202,352968,17648,11824,8631,72776,827,603
2024-04-01, google ads ,1893,159012,3180,1971,1438,10833,157,72
2024-09-09,TikTok Ads,2471,108724,2174,1804,1244,22464,144,97
11/11/2024,TikTok Ads,2407,139606,1396,879,553,7426,79,48
09/23/2024,Google Ads,4468,375312,18765,13886,9303,113659,1249,636
2024-02-12, google ads ,2332,81620,5713,3542,2408,15222,177,72
2024-02-12, google ads ,4193,209650,2096,1718,927,7820,85,55
2024-01-29,Affiliate,4605,363795,3637,2364,1843,28408,212,86
2024-05-13,Affiliate,2062,200014,14000,10780,5713,107236,646,290
2024-04-22,TikTok Ads,3505,185765,7430,5572,3231,99198,501,255
2024-03-25, google ads ,1233,49320,986,709,361,6566,49,37
2024-05-27, google ads ,3044,222212,13332,11465,8598,117376,917,550
02/26/2024,Facebook Ads,2609,140886,5635,5071,3498,32568,354,177
2024-08-12,tiktok,3388,250712,15042,11883,8555,26544,237,184
2024-03-04,TikTok Ads,2628,202356,4047,3642,2512,14040,72,37
2024-01-22,Facebook Ads,3612,130032,5201,3484,2543,20280,104,82
2024-10-21,tiktok,998,25948,1297,830,614,2145,33,14
2024-03-11,Google Ads,3305,191690,13418,10063,5534,107712,704,359
2024-01-15, google ads ,541,42739,1709,1213,921,7728,48,21
2024-05-20, google ads ,3642,105618,6337,4752,3278,17466,142,96
2024-01-22,Affiliate,1044,58464,584,502,296,930,30,23
2024-09-16, google ads ,4337,221187,8847,7519,4285,42750,375,202
2024-11-25,Facebook Ads,4234,228636,4572,3429,1954,11628,171,111
2024-08-12,tiktok,4459,120393,6019,4333,3076,17028,86,52
2024-01-29,Google Ads,3085,141910,2838,1816,1053,3726,54,39
2024-09-23,Facebook Ads,1883,75320,3012,2439,1756,16965,195,122
2024-10-28,TikTok Ads,4254,204192,2041,1530,810,1350,45,29
2024-01-22,TikTok Ads,2330,100190,5009,3305,2181,37125,297,169
2024-07-15,Affiliate,1558,60762,4253,3955,2017,26702,158,91
2024-02-12,TikTok Ads,2992,122672,2453,1864,1453,6808,74,44
2024-08-26, google ads ,4575,164700,11529,7032,3586,50520,421,286
2024-02-05,Google Ads,3863,274273,10970,6582,4870,18518,394,307
2024-05-27,TikTok Ads,1263,47994,959,834,658,2125,25,15
2024-11-25,TikTok Ads,3069,190278,13319,10655,8097,30672,213,134
2024-10-21,TikTok Ads,1041,59337,2966,2313,1179,17250,115,79
2024-04-22,TikTok Ads,4388,210624,14743,10467,6384,70272,732,490
2024-03-11,Google Ads,2184,170352,8517,6728,4036,38304,336,184
2024-09-09,Google Ads,2482,163812,9828,6486,3307,42790,389,221
2024-09-23,TikTok Ads,1322,103116,1031,670,341,-5148,33,23
2024-01-01,Facebook Ads,4581,371061,25974,22337,12955,38860,670,381
2024-09-02,TikTok Ads,3209,147614,8856,5844,3740,91875,525,257
2024-05-27,Facebook Ads,1719,49851,1994,1415,948,18414,99,52
2024-07-22,tiktok,2717,239096,7172,6741,4583,47517,337,181
2024-12-02,Affiliate,780,53040,1060,879,465,3268,43,30
2024-09-09,Affiliate,4892,273952,10958,9971,6879,49750,398,278
2024-07-08,Facebook Ads,578,39882,1196,897,627,1961,53,29
08/19/2024,Affiliate,795,57240,2862,2232,1450,7176,156,70
2024-03-04, google ads ,3529,109399,7657,6125,3430,19260,428,248
2024-11-25,Affiliate,1201,64854,2594,1841,1307,6909,147,111
2024-11-25,tiktok,4541,122607,8582,6865,4874,37925,205,125
01/29/2024,Affiliate,4552,286776,11471,9176,5964,132854,734,293
2024-08-05,Google Ads,2184,43680,2184,1659,846,2871,33,21
2024-02-26,TikTok Ads,3779,374121,22447,15712,8484,49455,785,408
2024-08-19,Affiliate,1200,112800,7896,5843,3564,28426,233,139
2024-03-25,Google Ads,,32000,640,390,214,-600,15,10
2024-02-26,Affiliate,1391,114062,7984,6067,4186,12705,121,90
2024-05-06,tiktok,4262,213100,14917,13723,8645,128282,686,521
2024-01-01,Google Ads,2051,186641,7465,4777,3678,65704,382,187
2024-07-22,tiktok,1451,87060,5223,3342,2305,17355,267,173
2024-03-04,Affiliate,3576,150192,7509,6607,4955,64152,594,374
2024-11-25, google ads ,3010,102340,1023,859,592,4284,34,21
2024-02-19,Google Ads,1311,49818,3487,3138,2102,11625,125,51
2024-03-18,tiktok,3169,250351,10014,7810,5076,122850,702,379
2024-01-22,Affiliate,4336,264496,18514,13700,10412,87680,685,431
2024-06-24,TikTok Ads,2942,229476,6884,5163,2891,76560,464,259
2024-02-19,tiktok,1691,150499,4514,4107,2998,68634,369,166
2024-05-20,Facebook Ads,3827,294679,8840,7690,4690,34600,692,477
2024-06-03,Google Ads,1129,54192,3251,2080,1456,5478,166,109
2024-02-26,Affiliate,3120,227760,9110,5557,3111,6438,111,75
2024-07-01,TikTok Ads,1381,29001,1740,1600,896,18432,144,61
2024-01-22,tiktok,2965,68195,681,531,265,2535,15,11
2024-08-19,TikTok Ads,2335,65380,653,607,424,1704,24,11
2024-04-08,TikTok Ads,1287,106821,7477,6579,5000,30504,328,213
2024-02-12,Affiliate,2239,44780,2239,1992,1553,6396,39,24
2024-07-08,Facebook Ads,3747,131145,6557,5966,3639,56763,477,233
2024-10-28,Facebook Ads,1476,106272,1062,977,605,2697,87,44
2024-08-12, google ads ,1207,86904,4345,3476,2572,28545,173,69
2024-10-07,Google Ads,2034,107802,1078,808,614,10688,64,32
2024-09-16,Affiliate,3228,196908,1969,1693,846,22952,152,65
2024-10-28,Google Ads,2182,137466,4123,3215,1800,7040,128,67
2024-11-11,Google Ads,4238,258518,18096,12486,8740,87594,1123,875
2024-09-09,TikTok Ads,4165,245735,9829,8354,6181,43754,334,143
2024-06-10, google ads ,2473,108812,3264,1958,1351,8816,58,28
2024-10-28,tiktok,4370,227240,2272,1772,903,19840,124,78
2024-07-29,Facebook Ads,3041,167255,8362,6187,4516,58092,309,231
2024-11-18,tiktok,2620,196500,11790,9785,7534,129276,684,369
2024-07-29, google ads ,4046,335818,23507,21861,13772,225492,1748,804
2024-01-08, google ads ,2403,136971,9587,6806,4900,8840,136,91
2024-01-15,tiktok,4410,264600,2646,1693,1218,1386,33,19
2024-12-02,Google Ads,911,67414,1348,1186,901,4316,83,64
2024-12-16,tiktok,2606,91210,3648,2918,2217,31178,262,123
2024-06-17,Facebook Ads,,166860,10011,8709,5312,-21402,174,121
2024-12-09,Facebook Ads,2080,180960,10857,8685,5905,44720,260,104
07/29/2024,Google Ads,4969,253419,12670,8235,4117,114492,658,329
2024-05-27,Affiliate,4832,231936,6958,5218,2869,56340,313,150
2024-09-23,Facebook Ads,,127449,2548,1758,1336,3068,52,36
2024-11-11,tiktok,1211,35119,702,561,291,1316,28,11
2024-06-17,Facebook Ads,744,63240,1897,1384,705,24552,124,88
2024-08-19,tiktok,1745,139600,4188,3852,3043,11904,192,119
09/16/2024,Google Ads,2088,89784,6284,4084,3103,44745,285,122
2024-11-04,Google Ads,4726,118150,1181,992,605,4012,59,25
2024-09-30,Affiliate,4861,335409,23478,19486,13835,192885,1169,642
2024-01-15, google ads ,4587,243111,2431,1604,1186,11360,80,41
2024-03-04, google ads ,1409,133855,1338,909,718,1917,27,20
2024-10-14,Google Ads,1648,65920,2636,1897,1252,21250,170,95
2024-02-12,TikTok Ads,1784,165912,11613,8593,4554,21297,687,274
2024-10-07,Affiliate,4482,210654,10532,6740,5257,35777,269,190
2024-02-19,tiktok,1551,60489,1209,967,560,-9744,87,46
2024-04-01,TikTok Ads,677,34527,690,614,454,1512,42,16
2024-12-16, google ads ,4142,115976,8118,5033,3774,23718,402,192
2024-11-04,Google Ads,4438,439362,4393,2635,1554,14070,105,74
2024-05-27,Google Ads,2284,77656,5435,3532,1942,13020,105,46
2024-08-05,Facebook Ads,2297,71207,1424,1096,756,-5977,43,18
2024-12-23, google ads ,3389,250786,2507,1955,1388,12901,97,64
2024-04-01,Affiliate,3598,266252,13312,11581,8338,34161,579,272
2024-06-10, google ads ,784,35280,1764,1375,756,12546,123,54
2024-06-10,Affiliate,1016,30480,1219,1133,600,3939,101,45
2024-01-08,Google Ads,2965,266850,13342,11207,5715,149744,784,556
2024-01-01,tiktok,2097,83880,1677,1090,621,2240,32,15
2024-08-12,Affiliate,2978,202504,10125,7492,5843,83065,449,255
2024-11-04,TikTok Ads,4123,333963,16698,14026,10098,63075,841,336
2024-11-18,Facebook Ads,4464,392832,3928,2631,1973,28084,236,160
03/25/2024,TikTok Ads,2440,141520,9906,9311,4748,64356,372,197
2024-08-26,Google Ads,815,79055,1581,948,673,12675,75,57
2024-11-18,TikTok Ads,4532,126896,8882,7460,4998,25330,298,199
2024-04-29,tiktok,3132,100224,2004,1563,969,7564,62,39
2024-04-08,TikTok Ads,2436,65772,3288,2794,2151,7755,55,40
2024-12-16,tiktok,1969,187055,13093,12176,7670,193815,1095,635
2024-07-08,Google Ads,2973,193245,11594,6956,4173,22518,417,266
2024-09-16,Affiliate,,138092,2761,1822,1402,8784,72,54
2024-07-29,Google Ads,2082,145740,7287,4882,2929,14841,97,61
2024-10-21,tiktok,2191,48202,2410,1783,1069,8904,53,32
2024-08-26, google ads ,1518,62238,3111,2426,1868,3783,97,41
2024-07-15,Google Ads,3401,282283,19759,17387,10953,34760,869,608
2024-10-28,Google Ads,2017,96816,3872,3291,2501,34336,296,133
2024-01-29,TikTok Ads,3026,136170,8170,5228,2666,7176,156,106
2024-11-25,Google Ads,1779,74718,4483,3138,1945,35391,251,190
2024-07-22,Facebook Ads,3350,214400,12864,11191,7162,41170,895,653
2024-03-25, google ads ,3523,317070,6341,5389,3610,41667,323,242
2024-09-23,tiktok,1772,40756,2037,1670,1135,9750,50,32
2024-05-06,Google Ads,983,96334,1926,1463,1097,11571,87,51
2024-06-17,Facebook Ads,4953,341757,13670,12849,8994,32256,256,125
2024-05-27,tiktok,4988,174580,10474,6808,4833,40800,544,418
2024-05-13,Facebook Ads,1493,37325,1119,727,363,2268,21,12
2024-06-24,TikTok Ads,2028,129792,7787,6229,3425,99102,498,253
2024-10-07,Google Ads,3370,131430,9200,7176,5094,20306,143,102
2024-04-08, google ads ,1382,106414,3192,2713,1519,7560,108,69
2024-07-08, google ads ,3117,280530,2805,2356,1719,20586,141,64
2024-07-29,Google Ads,2154,163704,9822,7759,4732,36765,387,185
2024-08-05,Facebook Ads,2491,122059,1220,793,602,5983,31,20
2024-08-12,TikTok Ads,3932,145484,1454,1177,765,17766,94,37
2024-05-27,tiktok,812,60088,1802,1693,998,12432,84,63
2024-08-05,TikTok Ads,1606,44968,1349,1200,876,7056,36,20
2024-04-08,Facebook Ads,4169,341858,3418,2597,1636,32399,181,86
2024-08-05,Affiliate,1427,48518,2425,2037,1262,6832,122,57
2024-08-12,Facebook Ads,1484,86072,860,619,433,852,12,9
2024-07-22,TikTok Ads,4705,178790,7151,6721,3629,26320,470,239
04/08/2024,Affiliate,3993,331419,23199,16007,12165,80640,960,508
2024-11-11,Google Ads,2899,185536,5566,4508,2299,6075,135,58
2024-09-09, google ads ,4658,409904,28693,19511,10731,72345,1365,737
2024-04-29,Google Ads,726,29766,297,225,146,2353,13,5
2024-10-07,Google Ads,1082,99544,3981,2667,2000,4240,80,53
2024-04-29,Affiliate,1105,69615,696,473,283,1494,9,4
2024-01-22,TikTok Ads,971,58260,3495,3005,1592,17190,90,65
2024-08-26,TikTok Ads,996,71712,717,544,402,7410,38,19
2024-10-07,TikTok Ads,3815,114450,4578,2792,1451,13344,139,62
2024-04-08,TikTok Ads,1143,57150,2857,2228,1158,21978,111,49
2024-09-09,Facebook Ads,2295,195075,7803,6398,5054,20066,127,91
2024-07-01,TikTok Ads,1753,170041,11902,11187,7159,97446,894,581
2024-05-20,TikTok Ads,2015,167245,5017,4414,2869,12936,308,172
2024-11-25,Google Ads,1401,29421,1471,1220,841,3696,24,18
2024-01-08,Facebook Ads,4416,437184,17487,15738,12275,37366,314,213
2024-05-13,Google Ads,4018,132594,2651,1829,1262,2628,36,21
2024-11-11,Google Ads,1993,193321,9666,6379,4337,23715,255,188
2024-07-08,TikTok Ads,4314,340806,17040,12950,10230,42292,388,155
2024-06-10,Affiliate,4878,253656,17755,12073,7364,127595,845,338
2024-10-21,TikTok Ads,507,42081,2524,2322,1671,14615,185,85
2024-07-22,Affiliate,3493,300398,18023,10994,6046,20633,439,223
2024-06-24,Facebook Ads,4366,122248,6112,3850,3041,39424,308,231
2024-08-19,Facebook Ads,,277739,5554,4831,3285,30301,193,81
2024-12-09,Affiliate,2968,124656,3739,3028,1816,18755,121,61
2024-08-19, google ads ,3651,153342,1533,1149,769,1254,22,14
2024-11-11, google ads ,1258,79254,1585,1410,1085,10192,98,54
2024-04-08,tiktok,1903,47575,1427,1241,868,12728,74,49
2024-09-09,Affiliate,4324,86480,2594,2438,1730,14036,121,95
06/10/2024,Facebook Ads,4736,350464,10513,7674,5295,91950,613,447
2024-11-11,tiktok,1826,173470,12142,9592,6906,48875,575,299
2024-01-08,tiktok,4337,299253,8977,5835,3442,57784,466,326
2024-06-24,Facebook Ads,4647,353172,24722,15080,9198,152776,904,424
2024-07-01,tiktok,4441,346398,20783,13093,7593,82111,523,214
2024-04-29,Google Ads,689,15158,454,372,290,2970,22,11
2024-06-10,Facebook Ads,2773,88736,887,753,504,-5220,60,36
2024-09-30, google ads ,1294,46584,1397,1313,840,3666,78,43
2024-06-24,Facebook Ads,540,23760,712,477,257,1425,19,9
2024-08-26,Affiliate,2587,75023,5251,3308,1654,13464,198,87
2024-03-25,Facebook Ads,4516,230316,16122,9673,7641,62640,580,284
2024-12-16,tiktok,2344,91416,3656,2632,1552,31096,184,132
2024-02-26,Facebook Ads,4611,230550,16138,13394,7366,12832,401,248
2024-05-06,tiktok,739,70944,1418,1148,872,5253,103,54
2024-10-07, google ads ,2823,248424,7452,6557,3475,79234,458,293
2024-07-29,Facebook Ads,4259,144806,10136,9426,5655,20116,188,118
2024-08-12,TikTok Ads,1273,30552,305,262,170,510,5,3
2024-09-16, google ads ,3259,107547,1075,774,402,8096,46,26
2024-04-01,Affiliate,3612,180600,5418,4822,2411,50887,337,175
2024-10-21,TikTok Ads,2688,150528,7526,5042,3226,18120,151,77
2024-05-27, google ads ,563,13512,540,324,246,750,25,15
2024-02-05, google ads ,690,31740,317,193,131,775,5,2
2024-04-01, google ads ,1020,94860,6640,4448,3513,28400,400,244
2024-03-04, google ads ,763,38913,1167,723,383,5976,36,20
2024-06-03, google ads ,1436,130676,1306,1188,617,3055,47,20
2024-01-01,TikTok Ads,1478,56164,2246,1639,835,-27342,147,86
05/20/2024,tiktok,3971,230318,16122,9673,7544,34220,580,411
2024-03-18,Google Ads,4579,256424,10256,7589,5539,47571,303,227
2024-05-13,tiktok,2876,276096,19326,11788,8958,54450,825,602
2024-04-29, google ads ,,133328,2666,2079,1392,10974,62,39
2024-06-10,Google Ads,,23456,234,180,102,370,10,5
2024-04-15, google ads ,3107,292058,20444,15128,11346,20385,453,321
2024-07-22,Affiliate,1157,33553,335,261,200,1755,13,6
02/05/2024,TikTok Ads,4274,200878,10043,7532,5046,112382,677,507
2024-11-18,Google Ads,1954,189538,3790,2501,1750,19950,150,105
2024-01-01,tiktok,4428,199260,3985,3745,2134,36733,337,188
2024-06-10,tiktok,3500,304500,18270,14067,8721,65832,422,320
2024-06-17,Facebook Ads,,116493,6989,5311,2921,46746,318,244
2024-08-19,TikTok Ads,555,19425,1165,710,468,7938,49,33
2024-09-30, google ads ,4391,289806,5796,5042,3983,23936,352,221
2024-09-16,Google Ads,4257,255420,5108,4188,2429,24500,125,92
2024-01-08, google ads ,3923,290302,5806,4818,2842,44599,433,281
2024-07-15,Affiliate,4742,118550,2371,1991,1015,3003,39,18
2024-07-29,Affiliate,3042,301158,18069,15358,11518,17499,307,208
2024-12-23,tiktok,3750,127500,7650,4743,2561,47476,332,182
2024-09-30, google ads ,617,53679,2147,1953,1230,19584,136,77
08/26/2024,Affiliate,2436,153468,6138,3682,2025,6930,110,45
2024-06-10,Facebook Ads,4650,404550,28318,19822,11100,22176,396,201
08/12/2024,TikTok Ads,2048,75776,1515,1060,699,4278,31,13
2024-03-25,Affiliate,2899,150748,6029,5184,3784,9785,103,45
2024-09-09,TikTok Ads,3497,276263,8287,5883,4118,72850,470,366
2024-01-08,Affiliate,1806,142674,5706,4793,3786,43885,335,140
2024-08-26,Facebook Ads,2932,275608,2756,2232,1517,5439,111,52
2024-04-08,Facebook Ads,2411,103673,7257,5950,3986,23463,297,207
12/09/2024,Affiliate,4756,118900,7134,4708,3531,44744,329,259
2024-09-02,Google Ads,2999,251916,7557,6574,4075,33293,197,141
2024-09-16,Google Ads,1335,88110,5286,4545,3045,3060,90,56
2024-04-08,TikTok Ads,3120,283920,11356,7381,4207,22100,221,121
2024-11-18,tiktok,4024,148888,8933,7235,4268,18576,144,79
2024-11-04,TikTok Ads,3087,228438,4568,2740,1918,10638,54,32
2024-04-08,Affiliate,2874,155196,10863,7495,5096,81464,599,413
2024-03-25, google ads ,1260,117180,8202,5085,3254,58930,355,230
2024-04-01,Google Ads,4051,239009,16730,11209,6613,111552,672,389
2024-09-16, google ads ,4905,402210,24132,16409,9681,267156,1476,664
2024-02-12,TikTok Ads,3140,194680,9734,8857,6377,49383,531,292
2024-09-02,Facebook Ads,3775,207625,2076,1660,1311,7301,49,35
2024-12-16,TikTok Ads,2040,163200,4896,4357,3354,61248,348,233
2024-02-05,Google Ads,1031,90728,2721,2476,1609,5550,74,33
2024-11-18,Affiliate,4945,365930,21955,19759,13831,125853,1383,843
2024-01-01,Google Ads,,227688,4553,4006,2603,57600,360,273
2024-04-15,Google Ads,4132,161148,1611,1047,544,-4212,52,30
02/12/2024,Google Ads,2144,64320,3859,3473,1979,10899,173,114
2024-01-22,Facebook Ads,4939,271645,16298,15157,10761,68887,757,317
2024-04-01,Affiliate,2918,230522,2305,1383,857,2079,27,18
2024-12-02, google ads ,4588,146816,1468,1130,745,4114,22,15
2024-06-10,Google Ads,3605,353290,24730,18547,13724,164576,1112,767
2024-02-26,Google Ads,547,38290,2680,2010,1407,35460,180,129
2024-03-25, google ads ,1518,71346,3567,2175,1544,6110,130,58
2024-05-20,tiktok,,107007,1070,652,371,4060,58,27
01/15/2024,TikTok Ads,2908,72700,2181,1417,736,3960,99,39
2024-01-29,Google Ads,3185,108290,2165,1775,1331,13376,88,47
2024-12-09,Affiliate,1798,71920,2876,1926,1078,9775,115,46
2024-10-07, google ads ,3867,104409,7308,6869,3434,20394,618,309
2024-01-08,Google Ads,2994,224550,11227,10441,7308,42117,417,279
2024-07-08,Google Ads,2799,232317,16262,12846,6808,37878,642,359
2024-10-28,TikTok Ads,,19351,967,889,506,8228,44,31
2024-09-02,TikTok Ads,2337,144894,2897,2114,1268,13944,84,61
2024-02-12,tiktok,3265,313440,3134,2757,1736,17160,220,116
2024-10-07,TikTok Ads,,30820,616,474,303,2156,14,8
2024-11-25,tiktok,2662,218284,10914,8622,6207,49632,517,232
2024-10-21,tiktok,4368,345072,3450,2104,1073,18795,105,81
2024-07-08,tiktok,4645,209025,2090,1692,879,6050,50,29
2024-09-09, google ads ,1700,71400,714,464,296,2944,23,11
2024-08-12,tiktok,2347,117350,1173,762,441,2415,15,9
2024-04-01, google ads ,3276,255528,7665,5978,3287,26820,298,146
2024-10-14,Facebook Ads,802,57744,1732,1368,916,5658,82,53
2024-07-01,Google Ads,3431,113223,7925,6577,4143,76270,526,394
2024-03-25,Affiliate,1562,120274,4810,3174,2221,7125,95,38
05/06/2024,Google Ads,3846,273066,10922,9611,6631,140544,768,414
2024-06-03,Google Ads,4847,203574,6107,4091,2168,4392,122,84
2024-09-30,TikTok Ads,1831,60423,604,501,275,2130,30,19
02/12/2024,tiktok,2309,133922,6696,5155,3556,11227,103,66
2024-12-02,tiktok,1356,56952,1139,865,622,4899,69,33
2024-11-18,tiktok,4378,394020,27581,24822,12659,46872,744,357
2024-05-20,Google Ads,3670,355990,24919,15200,9576,25840,304,231
2024-01-22,TikTok Ads,1917,159111,7955,7159,4152,90376,572,320
2024-06-24, google ads ,3694,236416,11820,8746,4373,75492,699,468
2024-04-22, google ads ,4154,141236,5649,4349,2826,48093,391,195
2024-07-08,tiktok,3347,164003,6560,5116,2864,40290,255,168
2024-08-19,TikTok Ads,1706,160364,1603,1074,708,5124,42,22
2024-03-11,Google Ads,3051,85428,854,751,405,836,22,13
2024-12-09,Facebook Ads,4382,376852,26379,19784,14640,97900,1780,1085
2024-07-01,tiktok,1333,82646,3305,2776,1471,21756,111,79
2024-08-12,Google Ads,2817,154935,4648,2928,1991,6902,58,37
2024-07-15,TikTok Ads,1844,60852,608,559,408,2541,33,14
2024-08-12,Google Ads,3361,272241,2722,2558,1483,13872,102,76
2024-10-28, google ads ,,58224,1746,1466,1158,20043,131,61
2024-11-18, google ads ,4995,274725,19230,15191,9570,105237,1063,690
2024-06-17,Google Ads,1286,90020,5401,4914,2555,7056,196,105
2024-12-09,tiktok,3813,163959,6558,5311,2814,18444,159,63
2024-09-09,Affiliate,1148,105616,3168,2977,1637,37128,238,111
2024-12-09,Affiliate,3337,223579,13414,11804,7200,118944,1062,552
2024-12-02, google ads ,1933,114047,6842,6020,3311,13080,120,51
2024-09-09,tiktok,895,22375,447,272,195,2016,16,9
2024-09-30,Facebook Ads,3752,228872,2288,1510,996,8100,75,34
2024-12-23,TikTok Ads,4392,92232,922,719,381,1680,14,8
2024-03-25,Affiliate,2375,104500,2090,1818,927,9128,163,79
2024-04-29,tiktok,1939,48475,1454,1148,688,3162,34,14
06/17/2024,Google Ads,3816,373968,14958,13312,7720,227620,1198,599
2024-04-15,Affiliate,595,43435,868,668,420,3498,53,33
2024-02-19,tiktok,4997,419748,8394,7218,5341,80800,505,358
2024-08-19,Google Ads,2459,179507,12565,9046,5065,27360,180,127
2024-02-26,Facebook Ads,3690,195570,1955,1173,738,4462,46,27
2024-09-09,Facebook Ads,3184,308848,21619,18808,11660,64296,1128,891
2024-04-01,Google Ads,676,42588,851,740,444,2226,14,8
2024-09-02, google ads ,1735,38170,2671,2083,1166,5063,83,37
2024-11-04,Facebook Ads,3258,107514,7525,5493,3515,23706,439,289
2024-03-25,Facebook Ads,3383,230044,4600,3726,2533,14874,111,68
2024-04-01, google ads ,4991,189658,1896,1478,1049,5015,59,31
2024-11-11,tiktok,4371,279744,13987,12868,6691,43200,900,504
2024-11-25,Google Ads,3510,312390,9371,6653,3725,63840,399,251
2024-01-08,Google Ads,4665,382530,22951,15147,8179,-116578,757,302
2024-12-09,tiktok,3237,158613,7930,5788,4051,19722,173,112
2024-11-25,Google Ads,1666,34986,349,212,112,2436,14,6
2024-04-29,TikTok Ads,,257621,10304,7418,5563,32930,370,292
2024-02-26, google ads ,4188,134016,8040,5628,3320,85050,450,189
2024-08-12,tiktok,1904,66640,666,599,425,1978,23,17
2024-01-01,Affiliate,2503,75090,5256,3574,2609,30174,321,202
2024-02-05,Google Ads,2647,129703,3891,2840,2186,43584,227,95
2024-04-29,Affiliate,4490,264910,7947,5086,3153,53044,356,281
2024-01-22,Google Ads,3521,267596,10703,8241,4614,70395,741,422
2024-11-25,tiktok,1156,45084,2254,1577,946,7144,94,41
2024-12-16,Affiliate,2224,124544,6227,3860,2431,22946,154,90
2024-06-03,Affiliate,2462,187112,1871,1178,907,8750,70,51
2024-01-15,Affiliate,2877,233037,16312,13212,8984,106128,792,570
2024-09-30,Facebook Ads,2944,247296,2472,2298,1746,10676,68,44
2024-02-19,Google Ads,2603,229064,2290,1992,1394,20825,119,91
2024-10-07, google ads ,4480,394240,27596,25388,18279,-159355,1015,548
2024-06-03,tiktok,4244,250396,15023,11117,6670,88900,889,577
2024-07-29,Google Ads,1301,107983,3239,2720,1414,5940,108,58
2024-10-07, google ads ,3998,271864,10874,8372,6279,85842,502,230
2024-01-08,TikTok Ads,4957,475872,14276,12562,9672,68452,628,301
2024-06-10,tiktok,,32040,1922,1479,1050,4263,29,14
2024-12-16,Facebook Ads,4967,312921,12516,9387,5632,57000,375,195
2024-10-21,tiktok,2198,215404,4308,3446,1757,57040,310,155
2024-02-05, google ads ,4808,153856,7692,7230,5567,47685,289,141
2024-01-08,Google Ads,1325,125875,2517,2114,1585,32680,190,148
2024-06-24,tiktok,4939,222255,4445,3378,2330,18225,135,63
2024-01-15,TikTok Ads,2617,115148,1151,1081,637,5472,32,23
2024-09-09,Facebook Ads,1457,61194,4283,2955,2245,16720,88,54
2024-08-05,Facebook Ads,3649,240834,12041,10836,7910,28925,325,169
2024-09-30,tiktok,1929,129243,2584,1705,852,10710,85,55
09/16/2024,Google Ads,4411,374935,14997,9448,5763,39176,472,193
2024-03-25,Affiliate,2961,180621,10837,9428,6411,54426,282,174
2024-10-14,tiktok,958,42152,1686,1348,943,13161,107,77
2024-10-14,Google Ads,1720,125560,6278,5587,3352,56726,502,245
2024-11-04,Google Ads,3142,182236,3644,2186,1639,19836,174,132
2024-11-11,Affiliate,2147,60116,4208,2903,1480,23751,261,151
04/29/2024,Affiliate,4455,418770,12563,8165,4490,46944,489,244
2024-04-01,Affiliate,718,36618,2197,1999,1539,22240,139,108
2024-07-08,Facebook Ads,4684,416876,29181,24803,16618,151776,2232,1763
2024-01-29,Affiliate,1728,120960,2419,1499,1094,10192,104,82
2024-07-29,tiktok,3182,79550,5568,3953,2885,18105,355,205
2024-06-17, google ads ,1958,84194,2525,1666,1032,11020,116,76
2024-07-29,TikTok Ads,4224,321024,16051,9951,7363,53730,398,274
2024-05-06,Google Ads,1379,110320,3309,2680,1527,6171,187,112
2024-12-23,Affiliate,4587,206415,10320,6604,4754,27192,264,195
2024-06-10,Affiliate,1136,96560,965,907,553,1188,18,11
2024-12-16,Facebook Ads,4419,419805,12594,9445,4722,36355,661,356
2024-01-08,Google Ads,882,65268,3916,2506,1253,32175,225,177
2024-11-18,Google Ads,4758,118950,4758,3520,2182,30384,211,105
2024-01-29, google ads ,3998,155922,6236,5300,3233,6678,106,74
2024-06-10,tiktok,4987,443843,13315,9320,5312,70832,466,195
09/09/2024,Facebook Ads,2351,228047,9121,7570,5450,40733,529,322
2024-03-25,Google Ads,4047,287337,2873,2700,1431,28917,243,102
2024-04-08, google ads ,3353,211239,2112,1288,1004,8730,90,61
2024-09-02,Google Ads,4010,340850,17042,14996,7947,84412,449,255
2024-08-05,Google Ads,3739,351466,14058,12230,8194,15372,366,226
2024-04-01, google ads ,2805,84150,5890,3710,2782,34410,185,125
2024-11-25,Google Ads,,70632,4237,3940,2088,31323,197,102
2024-11-25,Google Ads,2561,197197,1971,1675,1256,5494,67,44
2024-01-08,Affiliate,1319,30337,606,466,326,2295,27,21
2024-04-22,tiktok,4395,382365,3823,2943,1765,37752,264,124
2024-10-14,TikTok Ads,3043,94333,6603,4952,2971,43596,346,193
2024-07-01,Facebook Ads,2104,197776,13844,9829,7175,155628,786,518
2024-04-01,tiktok,646,31654,2215,1484,756,5846,74,30
2024-05-13,Affiliate,3203,233819,4676,3834,2568,16790,230,92
2024-10-14,Google Ads,560,46480,1394,864,509,5520,60,31
09/02/2024,Google Ads,728,40040,2402,1729,916,5848,86,56
2024-09-09,Google Ads,3746,112380,5619,4101,2173,14514,82,51
2024-11-11,Affiliate,3547,170256,3405,3098,2137,17390,185,120
2024-06-10,Facebook Ads,1935,187695,13138,11561,8439,33978,809,396
2024-08-26,tiktok,3166,167798,5033,4076,2241,48678,366,208
2024-01-08,TikTok Ads,975,34125,2388,1623,1071,12160,64,28
2024-11-18,TikTok Ads,,93002,3720,3124,1718,28050,187,119
2024-01-15,TikTok Ads,2864,246304,9852,7586,5310,70928,682,416
2024-03-11,Affiliate,2290,75570,5289,4654,3443,36192,232,183
2024-03-04,Facebook Ads,2640,192720,9636,6070,4795,29585,485,261
2024-05-20,tiktok,4818,125268,1252,1001,680,3720,30,23
2024-09-16,TikTok Ads,3221,289890,14494,12464,6356,76629,623,348
2024-10-07,Facebook Ads,2164,110364,4414,3663,2783,38544,219,135
2024-09-16,Facebook Ads,4747,147157,5886,4179,2340,47000,376,285
2024-07-22,Google Ads,561,49368,1481,1140,638,4114,34,14
2024-02-12,Affiliate,1055,72795,2911,1863,1471,30227,167,105
2024-12-23,Affiliate,4336,290512,11620,7553,5815,83956,604,404
2024-06-17, google ads ,2734,76552,3827,2372,1589,16874,118,86
2024-01-01,TikTok Ads,3490,174500,5235,4188,2847,26125,209,112
2024-01-08,Affiliate,1617,132594,9281,7239,5574,10800,144,64
2024-04-01, google ads ,2937,126291,8840,5392,3127,33269,323,132
04/15/2024,Facebook Ads,755,52850,1057,676,459,7440,40,21
2024-09-30,TikTok Ads,4678,444410,8888,6132,4660,22692,122,59
2024-07-29,Google Ads,,208269,4165,2540,1600,25080,152,92
2024-02-12,tiktok,3485,341530,20491,14753,8409,81328,442,313
2024-03-11,TikTok Ads,1447,117207,2344,1547,1036,9752,92,65
2024-09-09,Affiliate,1082,84396,4219,3839,2380,2888,76,60
2024-02-26, google ads ,2110,135040,2700,2511,1682,1800,50,21
2024-08-05,tiktok,3033,181980,5459,4367,2532,12093,87,40
2024-04-22, google ads ,952,92344,2770,2409,1565,7584,48,31
2024-03-04,Facebook Ads,3604,86496,3459,2940,2322,29568,264,110
2024-08-26,tiktok,953,43838,876,604,392,9882,54,27
2024-08-26,Google Ads,3109,102597,2051,1476,856,2508,44,25
2024-01-29,Facebook Ads,1978,134504,2690,2125,1360,18648,148,115
2024-07-29, google ads ,1467,127629,2552,2220,1709,30646,199,85
2024-04-15,Google Ads,2484,124200,7452,6334,3483,12978,126,94
2024-09-16,Affiliate,,349378,17468,14323,10742,108234,859,481
2024-12-02,Google Ads,1396,58632,1758,1617,1148,11310,145,79
2024-09-30,Facebook Ads,2744,65856,1317,1053,579,4914,63,35
2024-01-22,Facebook Ads,3551,284080,14204,10653,7776,168696,852,383
2024-01-29,tiktok,4231,410407,12312,10218,5313,136012,919,533
2024-04-15,TikTok Ads,2470,81510,5705,3936,2952,22294,157,72
2024-08-26, google ads ,4580,109920,2198,1780,1121,3604,53,39
2024-12-02,TikTok Ads,1207,51901,1557,1230,750,4263,49,19
2024-01-29, google ads ,4097,258111,7743,6271,3762,33726,438,319
2024-07-15,tiktok,979,61677,1233,1060,752,11020,95,38
2024-04-15,Google Ads,1935,164475,6579,5000,2600,15000,100,79
2024-12-02,Facebook Ads,1531,79612,796,517,392,4674,41,17
2024-02-19,Google Ads,911,62859,1257,1043,719,4836,93,72
2024-10-14,Google Ads,2667,160020,3200,2720,1523,14580,108,73
2024-06-10,tiktok,2741,180906,10854,6838,4102,46410,273,199
2024-06-17, google ads ,4796,129492,9064,8066,4920,40572,322,209
2024-04-15,Google Ads,4426,420470,21023,14926,7463,174324,1194,799
2024-05-27, google ads ,2624,194176,7767,5980,3169,50996,418,330
2024-08-26,Google Ads,1337,60165,1804,1190,595,2655,59,37
2024-03-04,TikTok Ads,3471,72891,5102,3877,2752,34336,232,143
2024-01-22,TikTok Ads,3075,184500,11070,8745,5159,131429,787,448
2024-04-08,TikTok Ads,4928,379456,18972,11383,8423,73255,455,336
2024-07-15,tiktok,957,45936,1837,1359,815,6966,54,29
2024-05-13,Affiliate,1489,55093,2203,1343,926,8366,94,43
2024-02-05,Facebook Ads,3934,377664,18883,14539,9450,44036,436,296
2024-04-15,Facebook Ads,4693,450528,27031,17299,11936,37296,518,227
03/18/2024,TikTok Ads,4259,315166,12606,9832,6390,30442,491,319
2024-12-02,Affiliate,1461,49674,496,357,192,1340,10,7
2024-07-29,Google Ads,4508,329084,23035,19119,11280,60165,955,553
2024-11-04,Affiliate,,302103,18126,13050,8743,52200,1044,741
2024-02-05,TikTok Ads,4934,172690,10361,6320,4044,48848,568,244
2024-04-08,Facebook Ads,2739,243771,7313,6654,3593,34846,266,106
2024-10-07,Affiliate,3816,274752,2747,2499,1774,33432,199,153
2024-06-17,Affiliate,4479,179160,3583,2615,1778,17628,156,90
2024-10-07, google ads ,4259,332202,23254,19068,14873,302016,1716,1098
2024-04-08,Google Ads,2631,255207,5104,3113,2085,32121,249,159
2024-05-13,Affiliate,1552,152096,1520,1109,798,8228,44,30
2024-11-25,Google Ads,2924,210528,10526,8631,6386,74496,776,535
2024-03-18,Google Ads,4644,278640,5572,4179,3301,22000,250,165
2024-09-16, google ads ,4978,438064,13141,10118,7284,31108,404,197
2024-11-18,tiktok,2459,93442,1868,1214,776,11118,109,46
2024-09-09,Google Ads,2268,72576,5080,4521,2260,20300,406,288
2024-01-29, google ads ,4446,106704,1067,853,562,1258,34,22
2024-02-12,Facebook Ads,4194,335520,6710,5502,3686,39600,330,260
2024-04-15,tiktok,4712,452352,27141,20898,12538,98908,626,394
2024-05-20, google ads ,2236,192296,3845,2691,1937,37625,215,109
2024-11-04,Google Ads,2721,182307,3646,3354,2649,31122,234,102
2024-03-25,Facebook Ads,4966,481702,14451,12572,8926,201318,1131,848
2024-05-06,TikTok Ads,2542,88970,889,773,595,2484,69,32
2024-07-15,Facebook Ads,3465,249480,2494,2344,1218,29820,210,142
2024-06-10,TikTok Ads,4887,263898,10555,7282,4587,80316,582,291
2024-07-01,tiktok,1736,92008,920,662,522,7124,52,34
2024-09-30,Facebook Ads,2291,217645,10882,8705,6528,76125,609,353
2024-08-05,Affiliate,3650,317550,12702,9272,6675,38920,556,311
2024-08-05,TikTok Ads,3189,232797,11639,10009,5605,63700,700,294
2024-12-09,Facebook Ads,4455,138105,2762,1933,1353,9792,96,38
2024-03-11,TikTok Ads,1294,108696,6521,5542,3823,12870,110,47
2024-11-04,Affiliate,4723,198366,3967,2697,1753,19564,134,89
2024-12-09,Affiliate,1288,77280,5409,4056,3001,36450,243,184
2024-07-08, google ads ,4524,303108,12124,10790,6474,28567,539,226
2024-03-25,Google Ads,3734,115754,6945,5278,3430,18050,475,251
2024-07-29,tiktok,2041,89804,5388,4041,2020,48504,282,169
2024-02-26,tiktok,2884,129780,5191,4308,3144,34314,301,183
11/25/2024, google ads ,3365,171615,8580,5148,4066,45374,463,226
2024-04-22, google ads ,3099,158049,6321,4045,2022,37922,283,178
2024-07-29, google ads ,,111096,4443,3509,2280,23625,315,179
2024-03-18,Facebook Ads,1480,103600,4144,3108,2051,3813,93,59
2024-01-01, google ads ,,88668,886,611,372,732,12,8
2024-12-09,Google Ads,2227,155890,6235,4925,2856,36445,197,122
2024-02-05,TikTok Ads,2407,161269,9676,8514,6555,68850,425,318
2024-02-19, google ads ,1309,107338,7513,4958,3123,26136,297,225
2024-08-12,tiktok,3770,105560,6333,5573,3510,20535,111,59
2024-06-10,Google Ads,2755,195605,7824,6572,4468,30916,262,188
2024-12-23,Affiliate,2980,295020,2950,2419,1620,1632,48,24
2024-12-09,Affiliate,1089,53361,3201,2528,1693,7182,126,99
2024-11-25,TikTok Ads,1954,154366,4630,3796,2239,57570,303,190
2024-10-14,Affiliate,1951,183394,3667,3190,2392,7155,159,117
2024-09-02,Google Ads,2766,105108,3153,2427,1723,4896,72,45
2024-08-26,TikTok Ads,936,38376,1918,1591,1256,6107,31,19
2024-11-25,TikTok Ads,2362,82670,1653,1074,633,4050,75,32
2024-07-29,Affiliate,3214,160700,4821,3760,2331,21600,225,150
2024-07-01,TikTok Ads,3483,327402,6548,4649,2556,18792,232,111
2024-12-09,Google Ads,4991,494109,14823,12747,9815,99789,1147,768
2024-08-05,Affiliate,,130918,1309,785,525,11098,62,40
12/02/2024,Google Ads,1174,93920,2817,2478,1957,8118,123,92
2024-01-22, google ads ,2782,233688,2336,1588,1127,11400,95,64
2024-04-08, google ads ,1299,128601,3858,3626,2683,28236,181,124
2024-12-23,Google Ads,1366,109280,4371,3715,2860,61790,334,180
2024-10-07,TikTok Ads,2079,89397,4469,2726,1444,3456,54,22
2024-11-18,tiktok,3603,327873,22951,19049,14286,42180,380,247
2024-02-05, google ads ,,97665,6836,6220,3358,33943,373,179
2024-02-05, google ads ,4615,299975,2999,2789,2091,6012,167,75
2024-12-16,Facebook Ads,3531,105930,7415,6895,4137,40887,413,268
2024-04-29, google ads ,2057,100793,4031,3345,2107,9345,267,194
2024-06-10,Facebook Ads,3005,117195,5859,3573,2751,17013,321,166
2024-05-13,Facebook Ads,3005,99165,2974,1933,1488,6345,135,86
2024-07-08,Facebook Ads,1088,87040,6092,4629,2407,19944,277,166
2024-09-16, google ads ,2439,53658,2682,2038,1182,5246,61,38
08/12/2024,Facebook Ads,3923,337378,23616,17003,10881,91290,510,290
2024-02-26,Facebook Ads,4274,277810,16668,13167,9611,58023,921,524
2024-06-24,TikTok Ads,2329,48909,2445,2176,1131,16356,87,49
2024-04-01,tiktok,3132,131544,7892,6550,4192,24198,327,140
2024-06-17,tiktok,4705,319940,22395,17244,9829,31020,1034,672
2024-03-04,TikTok Ads,4174,396530,3965,2458,1868,25872,147,113
2024-05-06,Facebook Ads,624,43680,873,558,279,960,16,7
2024-12-23,TikTok Ads,3916,383768,26863,23908,18170,53536,1673,1154
2024-03-04,Facebook Ads,4496,364176,3641,3240,2041,-9700,194,145
2024-10-07,TikTok Ads,4811,399313,7986,5909,3131,12272,118,83
2024-12-09,Google Ads,3613,321557,3215,2346,1501,8142,46,34
2024-02-19,TikTok Ads,2300,112700,3381,2332,1842,7521,69,33
2024-09-23,Facebook Ads,827,44658,2232,1361,1007,1539,27,17
2024-01-08,Affiliate,3805,296790,11871,9615,6057,43488,288,207
2024-02-12,tiktok,4163,87423,5245,4930,3796,21079,197,90
2024-03-04,Affiliate,714,70686,1413,1088,652,4601,43,20
2024-12-02,Affiliate,3187,168911,5067,3698,1849,37570,221,132
2024-04-29,Facebook Ads,3503,329282,3292,2831,1641,20340,113,59
2024-06-24,Facebook Ads,4204,201792,8071,5972,3881,53700,537,408
2024-02-19,TikTok Ads,3211,260091,15605,13420,8454,80869,1207,760
2024-05-20,Google Ads,3049,237822,11891,9156,6134,138348,732,336
2024-04-15,Facebook Ads,2548,50960,2548,2318,1274,35776,208,95
2024-02-26,TikTok Ads,3199,217532,15227,10049,5325,24682,301,213
2024-10-07,Facebook Ads,1840,99360,3974,3536,2404,17248,176,133
2024-07-01,Facebook Ads,2560,148480,4454,3919,2116,12480,195,91
2024-01-29,Facebook Ads,1170,30420,1825,1168,864,4095,105,68
2024-04-29,tiktok,3765,199545,13968,9079,4539,13431,363,210
2024-12-02,Facebook Ads,1937,48425,3389,2101,1575,13335,105,53
2024-09-02, google ads ,3211,80275,802,705,507,910,14,10
2024-03-18,Affiliate,3834,99684,996,756,551,10140,60,38
2024-02-05,tiktok,4615,313820,9414,7060,4800,20022,282,208
2024-01-08,Affiliate,4466,308154,18489,14791,8726,80730,1035,817
2024-07-22,Facebook Ads,4470,330780,23154,13892,9029,220000,1250,625
2024-10-28,Facebook Ads,4598,160930,4827,2896,2027,-17680,260,166
01/01/2024,Google Ads,2230,147180,7359,5004,3052,50400,400,256
2024-04-15,tiktok,1152,78336,3916,3367,1986,16665,303,154
2024-12-16,Affiliate,3194,118178,7090,6593,4615,41510,593,468
2024-04-08,tiktok,585,43290,2164,1666,833,5412,33,16
2024-07-08, google ads ,705,55695,556,439,320,5340,30,18
2024-09-30,Affiliate,2187,172773,8638,7083,5453,36462,354,261
2024-07-22, google ads ,4748,246896,14813,12887,7216,15450,515,370
2024-02-12,tiktok,3392,159424,1594,1402,813,12656,112,45
2024-02-19,Facebook Ads,978,43032,860,541,292,6208,32,15
2024-02-19,Google Ads,2646,190512,7620,5867,3754,11968,352,235
2024-05-27,Google Ads,3742,160906,4827,3378,2567,11312,202,127
2024-09-30,Facebook Ads,3116,233700,16359,15213,8367,61605,1369,739
2024-12-16,Facebook Ads,3254,191986,1919,1362,994,18144,108,83
2024-08-26,Google Ads,2917,253779,2537,1775,958,13774,142,96
2024-01-29,Google Ads,2874,235668,4713,3393,2612,23220,135,60
2024-02-05, google ads ,4635,403245,12097,10403,7490,75712,416,257
2024-01-22,Google Ads,1514,83270,4163,3455,2211,33790,310,186
2024-07-29,Facebook Ads,1939,75621,3024,2388,1719,23540,214,124
2024-02-05,Google Ads,4147,161733,6469,4269,2433,19328,128,66
2024-03-11,Affiliate,1215,57105,1142,925,647,9984,64,32
2024-06-10, google ads ,1185,80580,4834,3528,2363,15403,211,124
2024-01-08,tiktok,2399,79167,2375,1591,1050,2585,47,23
2024-04-01,Google Ads,,215004,8600,7654,5893,77744,688,378
2024-12-23,Facebook Ads,3546,304956,9148,5488,2853,25912,164,96
2024-06-10, google ads ,1441,93665,4683,3418,2187,15980,170,78
2024-09-30,TikTok Ads,767,60593,1817,1344,846,5194,53,31
2024-10-14,Facebook Ads,818,64622,2584,1653,1206,1617,33,14
2024-11-11,Google Ads,2775,177600,10656,8418,4798,79285,505,348
2024-04-29,Affiliate,1076,43040,1291,1058,581,9240,84,55
2024-12-02, google ads ,3694,129290,2585,1809,1392,7776,108,76
08/26/2024,Facebook Ads,1481,31101,622,578,456,583,11,5
2024-09-16,Affiliate,726,69696,4181,2634,1396,23520,210,130
2024-07-08, google ads ,4000,100000,3000,2130,1256,5364,149,96
2024-03-11,TikTok Ads,4254,331812,16590,14433,8659,64875,865,397
2024-07-01, google ads ,4294,231876,11593,8346,5341,35040,584,256
2024-09-23,Affiliate,4901,289159,14457,10842,6396,96850,650,422
2024-11-04,Google Ads,572,41756,1670,1152,656,12051,103,65
2024-05-20,Facebook Ads,2563,120461,2409,1854,1223,28220,166,78
2024-08-26,Affiliate,4875,121875,1218,1096,734,6786,87,43
2024-08-12,tiktok,4328,428472,4284,2656,1540,4345,79,37
2024-06-10,Google Ads,4790,440680,13220,10179,8041,137400,916,439
05/27/2024,Affiliate,3234,64680,4527,3847,2962,29670,230,133
2024-10-21,TikTok Ads,2497,219736,6592,5998,4378,33101,419,230
2024-11-25,TikTok Ads,3788,329556,6591,6063,3819,52998,363,148
2024-04-08,TikTok Ads,4266,89586,5375,4891,3472,39262,293,120
04/29/2024, google ads ,3911,273770,8213,7063,4873,67945,635,374
2024-04-29, google ads ,1456,74256,3712,3303,2279,6468,66,40
2024-07-22,Affiliate,2168,78048,4682,3230,2067,44080,290,220
2024-05-13,Affiliate,1921,169048,11833,11004,6822,16500,550,390
2024-11-25, google ads ,1548,89784,2693,2504,1427,5950,175,127
2024-08-12,Facebook Ads,2437,87732,6141,4421,3492,8976,176,70
2024-06-17,tiktok,1357,40710,2035,1241,831,18204,111,73
2024-05-13,Facebook Ads,3354,332046,13281,11288,7562,33825,451,239
2024-01-01,Affiliate,3202,217736,8709,6531,4767,40194,522,224
2024-05-27, google ads ,3717,353115,10593,9109,6649,-108290,637,369
2024-08-05,Facebook Ads,1285,79670,3983,2708,1787,29970,162,68
2024-03-18,Affiliate,2757,234345,16404,10170,5898,35728,203,95
2024-12-02, google ads ,2203,129977,7798,7174,4878,94815,645,354
2024-07-22,Facebook Ads,4088,241192,14471,10708,8138,11770,214,130
2024-12-09, google ads ,2805,252450,5049,4039,2140,49742,323,132
2024-01-29,TikTok Ads,1737,151119,10578,9308,5305,19344,372,260
2024-01-22,Affiliate,4123,300979,15048,10232,7674,165600,920,478
2024-06-10,TikTok Ads,4025,165025,6601,5214,4014,37492,364,145
2024-03-18,TikTok Ads,3346,287756,14387,9639,5301,39304,289,161
2024-01-22, google ads ,1446,37596,1503,1337,788,11352,66,44
2024-09-09, google ads ,2115,69795,697,648,511,3360,32,24
2024-04-15,Google Ads,1711,128325,7699,6775,5149,17344,271,170
11/04/2024,TikTok Ads,3757,259233,10369,6532,3853,59874,587,340
07/15/2024,TikTok Ads,3266,75118,1502,1396,935,1705,55,35
2024-01-15,Affiliate,2032,65024,2600,2340,1333,9520,70,54
2024-11-11,Google Ads,2379,192699,13488,10116,6373,34542,303,215
2024-12-02,TikTok Ads,3188,165776,4973,3829,2603,33892,229,125
2024-11-11,tiktok,2074,51850,3111,2831,2038,14241,141,101
2024-02-05,Affiliate,4109,390355,3903,3122,2122,40112,218,115
2024-04-08, google ads ,2133,172773,6910,6219,3917,13516,124,73
2024-09-23, google ads ,2923,225071,15754,13548,8941,17864,406,280
2024-07-22, google ads ,,112840,1128,958,622,1786,47,31
2024-12-09,TikTok Ads,928,38976,389,353,197,2890,17,11
2024-12-23,tiktok,686,40474,2023,1658,978,23989,149,114
2024-05-13,Google Ads,1594,55790,3347,2577,1778,13398,231,161
2024-01-01,Google Ads,1303,48211,2892,1879,939,4329,37,27
2024-06-10, google ads ,690,15870,793,563,349,1209,39,27
2024-01-29,tiktok,618,16686,1001,910,455,2646,54,39
2024-11-25,tiktok,1795,73595,3679,3200,1600,24320,128,57
2024-07-15,Facebook Ads,1949,44827,896,546,382,1763,43,27
2024-09-02,Facebook Ads,4366,275058,13752,9763,5857,85375,683,464
2024-04-22,Affiliate,4043,226408,2264,1426,855,11229,57,24
2024-11-25,Facebook Ads,1156,25432,1525,1021,653,3580,20,10
2024-04-29,TikTok Ads,4345,121660,4866,4476,2954,23316,402,269
2024-01-22,TikTok Ads,2352,131712,2634,2107,1517,12054,147,94
2024-10-07,Facebook Ads,1827,51156,2557,1841,1399,25088,128,75
2024-07-01,Google Ads,523,10983,768,499,379,1292,34,17
2024-09-16,tiktok,3315,324870,3248,2273,1409,18762,159,109
2024-07-08,Google Ads,2257,128649,5145,4836,3095,37856,338,165
2024-06-10, google ads ,759,71346,4994,4194,2474,13572,377,226
2024-11-18,Affiliate,4100,278800,16728,12378,7798,68310,495,301
2024-08-05,Google Ads,842,57256,1717,1579,963,15290,110,83
2024-07-15,Google Ads,3349,100470,2009,1446,1127,16168,86,64
2024-09-30,Facebook Ads,1059,93192,931,791,427,961,31,13
2024-09-09,Facebook Ads,1717,61812,4326,2811,2052,5208,84,49
2024-05-27, google ads ,758,59124,1773,1187,937,4899,71,45
2024-07-01, google ads ,1353,116358,2327,2047,1146,21106,122,58
2024-01-08, google ads ,3064,257376,18016,13512,8512,79380,945,652
2024-08-19,tiktok,944,55696,3898,3352,1810,8517,167,81
2024-12-02,Google Ads,,365877,25611,22281,11586,47223,891,543
2024-04-08,Affiliate,4030,137020,4110,3699,2367,17459,221,106
2024-12-16,Affiliate,3301,184856,9242,7393,3992,11466,147,89
2024-05-06,Google Ads,1814,45350,2721,1687,1180,12726,101,67
2024-10-07,Google Ads,1995,147630,10334,7853,4005,19468,157,78
2024-06-03, google ads ,1629,99369,2981,2772,1552,15936,249,134
2024-06-24,Facebook Ads,2074,176290,12340,7404,4590,129204,666,386
2024-05-20,tiktok,2034,81360,4881,3855,1927,4928,154,100
2024-04-01,tiktok,4012,320960,22467,13480,8896,134126,674,296
2024-08-05,Affiliate,2770,271460,13573,10722,7398,72300,964,607
2024-06-17,Facebook Ads,1075,82775,827,777,536,6642,54,28
2024-12-23,Google Ads,558,22320,1562,1296,959,2200,25,18
2024-04-22,Affiliate,2147,53675,2683,1717,1184,10609,103,51
2024-12-16, google ads ,4735,236750,2367,1704,971,10472,119,89
2024-04-29,Google Ads,2157,198444,11906,8215,4271,29900,575,270
12/16/2024,Facebook Ads,2709,140868,9860,8479,6444,151837,763,305
2024-03-25,TikTok Ads,3241,298172,5963,4531,3217,16109,181,81
2024-08-19,Google Ads,1688,97904,4895,4013,2086,7560,120,63
2024-06-10,TikTok Ads,2155,209035,6271,4201,2604,36792,252,176
2024-12-09,Affiliate,3666,329940,19796,14253,7269,52948,427,298
2024-04-22,TikTok Ads,895,29535,590,430,266,2160,30,15
2024-01-15,tiktok,991,37658,1882,1223,684,10370,85,61
2024-06-17,TikTok Ads,1536,76800,5376,4462,2811,15639,401,264
2024-06-24,tiktok,1617,93786,2813,2475,1732,8131,173,98
2024-12-02,Google Ads,3259,254202,15252,12506,8879,172375,875,533
2024-04-29, google ads ,844,34604,2422,1986,1370,5192,59,34
2024-03-25, google ads ,4160,224640,6739,4245,3183,18336,382,171
2024-03-18,tiktok,4020,132660,9286,7985,5190,137138,718,452
2024-03-18,tiktok,4121,107146,7500,4875,3022,55480,292,116
2024-08-19,Facebook Ads,2081,54106,2705,2299,1356,25120,160,116
2024-06-24, google ads ,1728,39744,2384,1597,910,6045,31,20
2024-02-12,Affiliate,3387,281121,19678,17710,9032,53100,531,292
2024-04-22,tiktok,3063,211347,2113,1605,1171,12960,96,55
2024-02-12,tiktok,,229320,2293,1513,756,15030,90,54
2024-10-21,Google Ads,1708,75152,2254,1848,1201,-11330,110,59
2024-10-28,Google Ads,3296,263680,18457,13104,9696,70216,1048,503
2024-04-08,TikTok Ads,4076,199724,1997,1577,1056,8001,63,49
2024-03-25,TikTok Ads,3331,149895,4496,2697,1914,17013,107,62
2024-11-25,Google Ads,501,20040,200,160,110,117,3,1
2024-05-27,TikTok Ads,2813,219414,10970,8008,5445,52640,560,369
2024-10-21,tiktok,4919,486981,29218,26588,18079,47790,531,392
2024-07-22,Affiliate,1191,65505,1965,1807,1084,2700,36,14
2024-01-22,Facebook Ads,1664,33280,1996,1756,1071,7540,52,40
2024-04-29,TikTok Ads,1799,50372,503,331,261,276,6,4
2024-12-23,Affiliate,4110,295920,14796,9765,5566,77179,683,375
2024-07-01,TikTok Ads,2209,167884,10073,6144,3440,24034,122,53
2024-03-04, google ads ,4770,381600,3816,3281,2395,44802,262,162
2024-12-23,tiktok,3634,192602,13482,10111,5763,81810,606,406
2024-04-01,Facebook Ads,4762,147622,5904,3660,2635,25842,219,140
2024-06-10,Facebook Ads,3513,333735,13349,12548,7779,74222,1003,451
2024-02-12,Affiliate,3269,300748,3007,2014,1429,26243,161,83
2024-04-08,Affiliate,2707,119108,4764,2858,2086,8378,142,75
2024-01-29,Affiliate,2389,109894,6593,5274,3322,11572,263,186
2024-05-20,tiktok,3558,295314,8859,7618,4951,55328,304,203
2024-10-21,tiktok,3710,356160,14246,12109,6538,10648,242,140
2024-01-15,tiktok,4305,258300,10332,8368,5690,28724,167,100
2024-11-18,Google Ads,4192,104800,6288,3898,2533,41300,350,171
2024-08-05,Affiliate,2073,45606,2736,1942,1437,7134,58,33
2024-06-10,Google Ads,3963,340818,3408,3203,1985,36288,192,120
2024-05-06,TikTok Ads,1093,26232,1049,671,462,2173,53,30
2024-12-23, google ads ,3422,246384,12319,9116,6928,29484,364,189
2024-06-03,TikTok Ads,510,33660,1683,1077,743,4664,53,21
2024-02-05,Affiliate,3188,143460,1434,889,533,2448,17,10
2024-04-01,Affiliate,882,85554,1711,1608,1109,2144,32,17
2024-06-17,tiktok,2782,136318,4089,3230,1841,-17756,193,84
2024-02-26,Facebook Ads,2014,64448,3866,2358,1627,4888,94,48
2024-03-04, google ads ,833,75803,2274,1955,1231,15776,136,80
2024-04-08, google ads ,3637,272775,2727,2017,1573,5080,40,30
2024-06-10,Google Ads,1066,43706,2185,1376,798,4469,41,22
2024-01-22,Affiliate,2688,177408,7096,6102,4759,59170,305,198
2024-12-23,Facebook Ads,1284,47508,950,693,478,4180,55,42
2024-10-14,tiktok,845,82810,1656,1109,709,2222,22,12
2024-01-01,Google Ads,4886,151466,3029,2332,1609,9943,163,71
2024-04-01,Affiliate,1501,145597,2911,2678,1606,7490,214,107
2024-09-30,Facebook Ads,4623,282003,14100,11562,8787,31486,346,197
2024-01-15,Affiliate,827,40523,2431,1482,1081,24339,133,57
2024-02-26,tiktok,1637,119501,2390,1912,1223,11115,95,38
2024-07-01,Google Ads,861,61992,1239,892,481,4186,26,19
2024-04-22,tiktok,4101,192747,3854,2389,1194,26598,143,61
2024-02-05,TikTok Ads,3104,65184,651,449,327,1417,13,8
2024-09-09,TikTok Ads,4718,358568,7171,5665,4078,66170,509,244
2024-04-08,Affiliate,4859,213796,6413,4168,3167,13944,83,34
2024-09-09,Facebook Ads,890,66750,2002,1841,1417,15620,110,68
2024-09-16,Facebook Ads,1213,31538,1892,1721,1015,8631,137,83
2024-01-22,Affiliate,3181,174955,6998,4898,3673,33672,244,109
2024-02-26, google ads ,3842,126786,8875,6478,5052,80181,453,321
2024-01-22,Affiliate,4683,426153,29830,26548,15928,97612,1061,509
2024-02-12,Affiliate,1548,58824,1764,1234,826,8954,74,34
2024-04-08,TikTok Ads,2317,220115,11005,9024,5775,37884,451,279
09/09/2024,Google Ads,4178,263214,7896,6948,3543,57165,555,238
2024-06-24,TikTok Ads,2659,172835,12098,11009,7265,143220,770,600
2024-09-02,Affiliate,3466,270348,5406,4486,3543,30772,314,157
2024-02-12,Google Ads,2755,231420,16199,15065,9189,-19844,451,180
2024-04-22, google ads ,791,20566,411,369,214,2450,25,15
2024-03-25,Affiliate,4221,206829,14478,12161,9485,77674,1094,722
2024-12-02,tiktok,2688,112896,4515,3747,2660,23621,299,119
2024-02-19,TikTok Ads,2233,174174,12192,8900,5607,107779,623,299
2024-01-29,Facebook Ads,2520,52920,2116,1946,1498,7777,77,57
2024-10-28,Affiliate,2230,178400,3568,2390,1314,24639,191,137
2024-05-06, google ads ,1336,108216,1082,692,477,4794,34,18
2024-10-28,Google Ads,4237,84740,5931,3795,2428,12750,75,57
2024-07-22,TikTok Ads,1665,93240,3729,3467,1802,4692,69,31
2024-05-27,Affiliate,,54300,3801,3572,2571,32930,178,108
2024-08-26,TikTok Ads,1818,158166,11071,9742,5747,30194,487,384
2024-02-26,tiktok,3745,232190,2321,1949,1481,21228,116,46
2024-11-04, google ads ,1109,74303,2972,2020,1393,22701,161,103
2024-05-06, google ads ,4831,154592,4637,3014,1627,42175,241,144
2024-11-11,tiktok,1108,52076,2083,1687,1332,4554,33,18
2024-08-19,Google Ads,2041,179608,3592,3268,1830,10032,228,125
2024-07-01, google ads ,734,65326,3919,2900,1943,30247,203,156
2024-02-12,Google Ads,2025,180225,3604,2955,2127,35638,206,98
2024-08-05, google ads ,1367,128498,7709,6167,3946,9225,123,52
2024-10-21, google ads ,4940,103740,5187,4253,2849,23114,127,85
2024-12-02,Facebook Ads,3898,175410,12278,9822,5402,-46746,294,188
2024-11-04, google ads ,942,27318,273,199,115,1323,7,4
2024-04-01,Facebook Ads,2621,76009,5320,4734,2935,41748,426,281
2024-05-20,TikTok Ads,3124,131208,1312,1023,808,12212,71,43
2024-10-28,Google Ads,3170,98270,1965,1847,978,5610,110,78
2024-11-04,Affiliate,4723,259765,7792,6856,4113,89094,479,191
2024-11-11,Google Ads,2911,119351,2387,1790,1181,2170,35,26
2024-03-25,Affiliate,4014,268938,5378,4732,3454,13395,141,105
2024-06-24,Google Ads,1326,128622,3858,3433,2368,25756,137,94
2024-11-18,tiktok,4037,318923,9567,7749,5966,22946,154,95
2024-09-02, google ads ,3526,169248,10154,8732,4802,49491,611,299
2024-11-18,tiktok,4902,303924,18235,15317,7964,104652,612,367
2024-12-16,Google Ads,2194,157968,6318,4422,2918,51145,265,201
2024-02-12,Google Ads,1141,29666,1483,1349,1011,2880,80,36
2024-12-23,Google Ads,1922,101866,7130,4848,2714,11997,387,239
2024-10-07,TikTok Ads,1750,115500,8085,5902,3187,55932,354,194
2024-03-04,Google Ads,2546,58558,585,397,269,1564,23,10
2024-02-05,Google Ads,1771,141680,4250,3655,2339,36736,328,173
2024-02-12,tiktok,2251,186833,9341,5884,4648,73980,411,283
2024-11-11,tiktok,1493,82115,821,771,408,11590,61,25
2024-06-03,tiktok,1837,64295,3857,2584,1679,8007,51,30
2024-08-19,TikTok Ads,2423,167187,5015,4563,2555,27816,228,148
2024-05-06,TikTok Ads,1898,146146,10230,6342,3488,7790,190,125
2024-01-15,Facebook Ads,4360,305200,6104,3784,2005,25326,189,132
2024-08-19,TikTok Ads,506,42504,1275,1045,616,2028,52,40
2024-10-21,Facebook Ads,2828,178164,5344,3259,1694,-8320,130,89
2024-04-29, google ads ,4495,265205,15912,14639,8637,95355,585,386
2024-09-02,Google Ads,3077,113849,7969,5179,3884,49536,258,203
2024-03-11,TikTok Ads,2189,161986,3239,2396,1749,5734,47,19
2024-03-25,TikTok Ads,2793,148029,4440,3241,2268,39098,226,117
2024-03-25,Google Ads,4763,328647,19718,18140,10521,244917,1269,799
2024-08-05,Facebook Ads,3351,258027,12901,12126,8730,77168,848,466
2024-07-29,Affiliate,2537,55814,2232,1874,1030,22344,168,132
2024-09-23,Google Ads,3203,108902,4356,3484,2194,37530,278,183
2024-02-26, google ads ,2746,65904,3954,2451,1250,11461,73,39
2024-06-17, google ads ,3432,264264,10570,8244,4863,95589,741,392
2024-11-04,Facebook Ads,4194,381654,26715,19234,12117,76900,769,607
10/14/2024,TikTok Ads,2811,120873,4834,3577,2432,9656,71,37
2024-02-26,Google Ads,1435,70315,1406,1012,759,17290,91,63
2024-10-28,Facebook Ads,1090,43600,1308,876,639,11773,61,36
2024-02-19,Affiliate,4087,392352,15694,13182,10281,60078,1054,737
2024-04-01,Facebook Ads,4224,173184,5195,3272,2421,22932,196,123
2024-03-18,Facebook Ads,2671,66775,2003,1722,1015,2754,34,22
2024-06-10,Affiliate,903,22575,1580,948,654,4228,28,12
2024-07-22,Google Ads,3030,87870,878,790,592,5084,31,22
2024-10-28,Google Ads,1572,84888,5093,4227,2663,31160,380,212
2024-07-22,TikTok Ads,853,71652,2866,2350,1762,9212,188,107
2024-04-01,tiktok,1295,119140,7148,6290,3774,11250,125,81
2024-12-09, google ads ,3228,296976,20788,12888,8634,63756,644,502
2024-04-29,tiktok,831,76452,1529,1330,1024,9164,79,42
2024-07-29,Facebook Ads,2510,102910,1029,668,354,1320,33,19
2024-03-11,tiktok,4014,184644,7385,6941,5344,39905,347,163
2024-03-04, google ads ,2508,213180,4263,3794,2314,15704,151,83
04/22/2024,tiktok,4329,147186,8831,8124,4955,144007,731,402
2024-12-16,Affiliate,1425,84075,4203,3110,2052,25389,279,114
2024-10-14,Facebook Ads,4463,89260,3570,3070,2087,-3496,92,71
2024-09-09,TikTok Ads,1484,114268,6856,5827,4253,38212,233,95
2024-10-07,Facebook Ads,2320,225040,9001,7920,5227,10586,158,99
2024-06-24,TikTok Ads,3829,329294,13171,10931,6995,57997,983,501
2024-07-29,tiktok,2739,117777,3533,3038,1610,23320,212,93
2024-07-15,TikTok Ads,3658,226796,2267,1450,855,5278,58,40
2024-03-25,TikTok Ads,4158,199584,13970,11734,8096,154176,1056,623
2024-11-04,Google Ads,3989,351032,24572,22606,16954,14012,452,352
2024-01-08,tiktok,1817,119922,4796,4412,2294,13112,88,45
2024-06-24,TikTok Ads,3307,128973,7738,5107,2910,7956,204,146
2024-06-03,TikTok Ads,1582,93338,2800,2212,1504,27860,199,91
2024-03-04,Google Ads,3845,76900,3845,3460,1799,19722,173,124
2024-03-18,Affiliate,3879,306441,21450,18661,13062,56323,373,190
2024-04-15,Facebook Ads,2932,281472,14073,13228,7936,26169,793,515
2024-06-24, google ads ,4897,421142,29479,26531,19367,37365,795,469
2024-09-09,Google Ads,967,39647,1585,1426,770,10716,57,34
2024-10-21,TikTok Ads,3307,178578,7143,4785,3732,43259,239,107
11/04/2024,Facebook Ads,1062,93456,934,663,437,3068,59,26
2024-07-01,Affiliate,1446,41934,2935,1819,1437,3672,36,21
2024-08-12,TikTok Ads,1618,122968,3689,2213,1637,7546,154,113
2024-11-11,Google Ads,4212,164268,3285,2102,1072,15120,189,115
01/08/2024,TikTok Ads,4041,250542,12527,10021,7315,21543,501,270
2024-10-21,Affiliate,4367,371195,14847,9205,5799,119232,828,496
2024-03-11,Facebook Ads,3433,188815,3776,3549,2484,11985,141,111
2024-06-24,tiktok,2520,90720,1814,1142,845,6612,57,37
2024-09-30,Affiliate,745,45445,2726,2153,1248,17227,107,48
2024-11-25, google ads ,2881,175741,3514,3303,2146,8316,66,38
2024-06-10,TikTok Ads,4063,337229,13489,10656,7565,26600,532,383
2024-07-08,Facebook Ads,756,40824,408,338,199,520,13,7
2024-04-08,Google Ads,3740,280500,19635,15315,8576,108324,612,342
2024-04-08,Google Ads,2793,259749,12987,9090,4635,70596,636,419
2024-06-17,tiktok,1096,90968,2729,2483,1738,8436,74,41
2024-02-12,Google Ads,1209,111228,2224,1645,855,6288,131,74
2024-06-03,Facebook Ads,3103,170665,10239,8703,5918,35496,522,344
2024-06-24,Affiliate,771,65535,3276,2882,2132,29584,172,108
2024-04-22,tiktok,3338,180252,12617,8958,5374,112034,806,427
2024-09-30,TikTok Ads,3142,72266,722,664,385,4600,46,30
2024-05-27,Affiliate,4725,467775,9355,5706,3994,39615,285,131
2024-04-29,Google Ads,3067,156417,1564,1157,867,8632,104,76
2024-10-28,TikTok Ads,3511,312479,15623,14060,10404,107559,703,379
2024-06-03,Google Ads,1987,164921,9895,8212,6076,19516,574,235
2024-05-20, google ads ,2628,73584,2207,1324,834,3380,52,29
01/22/2024,TikTok Ads,4434,279342,11173,8938,4558,65392,536,385
2024-06-17, google ads ,1309,87703,3508,2806,1851,3024,84,50
2024-05-27,tiktok,793,27755,277,221,141,1632,17,11
2024-06-24,Google Ads,4141,256742,5134,4620,2310,54981,369,261
2024-09-30, google ads ,4507,279434,8383,7544,4450,12656,226,144
06/17/2024,Affiliate,3656,244952,7348,5364,2842,39524,482,207
2024-10-14,Google Ads,3051,100683,2013,1811,1104,11448,72,40
2024-01-01,Google Ads,2087,187830,1878,1314,1011,10605,105,76
2024-05-06, google ads ,4098,106548,3196,2492,1644,6109,149,102
2024-12-09,Google Ads,1175,81075,4864,4280,2739,32319,171,100
2024-03-11,Facebook Ads,683,30052,1803,1334,1040,15264,106,45
2024-04-29,Affiliate,2475,79200,792,689,434,2840,20,13
2024-07-29, google ads ,604,25972,1558,1028,781,3330,30,17
2024-04-01,TikTok Ads,1049,68185,3409,2795,1621,26271,139,80
2024-10-28, google ads ,785,42390,1271,940,498,2044,28,12
2024-11-25,TikTok Ads,,94581,945,859,609,12988,68,44
2024-01-29,tiktok,928,81664,4899,3135,2476,-14664,282,152
2024-01-22,Google Ads,678,14916,298,208,151,2450,14,7
2024-11-11,Affiliate,4927,162591,9755,5950,3570,14756,238,135
2024-06-24, google ads ,4924,472704,14181,13188,10154,25511,263,186
2024-09-16,Google Ads,2418,178932,1789,1502,886,12285,135,60
2024-04-22,Affiliate,3871,282583,2825,2599,1897,35114,181,115
2024-07-15,Affiliate,4401,154035,3080,2032,1341,1520,40,21
2024-02-19,tiktok,3093,194859,7794,4754,3470,32025,427,311
2024-04-01, google ads ,4887,131949,3958,3403,2007,25500,170,86
2024-02-26,Affiliate,1572,128904,6445,5736,4359,20178,114,68
2024-07-01,Affiliate,3081,203346,6100,4941,2519,67932,444,226
2024-09-16,TikTok Ads,3370,97730,1954,1524,1021,3060,60,30
2024-08-26,Google Ads,1638,81900,5733,5045,2522,63674,403,177
2024-05-06,tiktok,1409,83131,5819,3724,2457,36180,335,227
2024-08-26,TikTok Ads,1456,71344,2853,2539,1650,29736,177,84
2024-09-30,Google Ads,4490,103270,5163,4336,2688,51554,346,152
2024-03-18,Affiliate,3978,298350,17901,16289,12868,78771,651,299
2024-04-22,Google Ads,,125640,1256,967,647,2378,29,20
2024-10-07,tiktok,4094,249734,14984,9589,6424,56826,287,137
2024-01-15,tiktok,2567,77010,3850,2656,1567,6784,106,67
2024-08-12,Google Ads,791,65653,1313,1129,564,3131,101,49
2024-09-30,Facebook Ads,863,77670,1553,1335,934,3822,26,17
2024-08-12,TikTok Ads,2394,52668,3160,2559,1740,7448,76,45
2024-10-07,Affiliate,733,48378,3386,3148,2014,16131,283,200
2024-12-23,Google Ads,3171,291732,11669,8518,4514,73073,511,209
2024-03-25,Facebook Ads,3262,319676,19180,17645,11116,52038,882,564
2024-10-14,Google Ads,3595,345120,6902,4417,2561,32476,353,162
2024-11-25,Google Ads,1321,36988,2219,1686,1028,12154,118,49
2024-06-03,Google Ads,3013,262131,2621,2123,1549,27084,148,96
2024-06-17,tiktok,2500,197500,9875,6122,3673,25428,489,215
2024-04-29, google ads ,1177,87098,5225,3762,2031,9000,300,210
2024-04-15,tiktok,1516,48512,1455,1003,501,4360,40,16
2024-09-30,TikTok Ads,3185,124215,2484,1738,1042,4477,121,53
2024-02-12,tiktok,3612,263676,18457,12366,7666,58292,494,217
2024-09-16,TikTok Ads,4830,265650,5313,4887,2981,14453,97,42
2024-11-04,tiktok,3095,266170,15970,13414,7511,23584,536,369
2024-07-22,tiktok,2227,69037,4832,4542,2634,40406,227,120
2024-10-07,Affiliate,1012,53636,1072,825,445,1728,16,8
2024-09-16, google ads ,2414,91732,2751,1898,967,14652,132,101
2024-10-07,Google Ads,2317,155239,1552,1365,750,3618,27,11
2024-11-04,Google Ads,,212648,8505,6804,5103,23868,204,87
2024-06-24,Affiliate,825,59400,594,451,284,4026,22,11
2024-05-13,Facebook Ads,3697,314245,6284,4273,3290,43264,256,112
01/15/2024,Facebook Ads,3075,83025,4981,3636,2327,27468,218,115
2024-07-01,tiktok,2267,194962,5848,5263,4157,16065,105,67
2024-05-06,Google Ads,4734,231966,13917,12525,7765,21000,250,142
2024-03-04,Google Ads,3933,283176,11327,9741,5942,24516,681,422
2024-06-17,Google Ads,4972,273460,8203,5085,3762,16646,203,129
2024-10-07,Facebook Ads,2584,103360,4134,3183,2164,15580,95,59
2024-03-04,tiktok,3786,136296,2725,2370,1232,-5452,94,57
2024-11-25,TikTok Ads,4157,295147,20660,13015,9240,92649,1041,707
2024-06-17, google ads ,1922,151838,6073,5101,3264,28917,153,82
2024-02-26,tiktok,2693,164273,11499,8509,4850,37485,595,404
2024-11-18,Google Ads,2325,48825,1953,1542,1187,10593,107,49
2024-09-09,Affiliate,3627,199485,7979,5266,3001,63296,368,176
2024-06-24,Facebook Ads,4299,408405,16336,15192,11090,66503,911,537
2024-05-20,Affiliate,2714,208978,8359,6436,4569,30108,193,79
2024-09-23, google ads ,1156,113288,3398,2174,1630,7482,43,30
12/02/2024,Facebook Ads,1146,100848,2016,1814,961,5508,36,15
2024-05-13,TikTok Ads,2011,154847,4645,4226,2958,12685,295,209
2024-11-04,TikTok Ads,,86310,4315,3581,2327,31672,214,126
2024-06-24,Facebook Ads,3518,87950,6156,5601,3584,10080,112,59
2024-07-15,Affiliate,1327,50426,3529,2999,1799,19966,149,70
2024-01-22,tiktok,4335,186405,11184,7940,5161,78105,635,463
2024-02-05,Facebook Ads,4232,198904,1989,1611,902,6336,32,22
2024-09-30,tiktok,950,85500,3420,3180,1812,32318,286,148
2024-07-29,Affiliate,3805,98930,6925,4362,2791,27144,348,163
2024-06-17,Affiliate,4821,414606,29022,22346,11173,64224,446,182
2024-01-08,TikTok Ads,1343,48348,1933,1604,930,13536,96,47
2024-01-01, google ads ,4707,127089,5083,3964,2021,10586,79,58
2024-06-24,Facebook Ads,3057,143679,10057,6034,3198,16290,543,428
2024-09-16,Affiliate,4608,405504,28385,22708,12262,153225,2043,1021
2024-02-05,tiktok,4898,195920,13714,9325,6620,13764,186,146
2024-10-07,Affiliate,766,29874,1792,1254,664,-11400,100,64
2024-08-19,Google Ads,2776,141576,8494,6540,3989,35564,523,381
2024-02-12,Google Ads,3471,322803,9684,8909,6949,36579,267,130
2024-07-01,tiktok,1674,107136,3214,2860,1630,8415,85,62
2024-07-01,Affiliate,581,34860,1045,647,420,7785,45,33
2024-03-11,Facebook Ads,2628,78840,3942,3153,1891,11374,94,63
2024-10-21,TikTok Ads,4552,286776,17206,10839,6395,93636,867,485
2024-04-22,Affiliate,4452,409584,4095,2538,1903,4864,76,49
2024-09-16,Google Ads,1639,136037,9522,7331,4105,13908,366,285
2024-12-23,TikTok Ads,2379,197457,9872,6910,4284,48576,276,190
2024-07-08,TikTok Ads,3267,196020,3920,2548,1885,2964,76,33
2024-07-01,Affiliate,4198,382018,15280,9932,6555,20394,198,156
2024-08-05,Google Ads,2075,80925,2427,2184,1725,17222,109,46
2024-10-07,Affiliate,4364,423308,12699,11429,6285,41268,228,150
2024-05-27,Google Ads,2806,151524,1515,1348,943,10528,94,63
2024-08-26,Affiliate,820,53300,3198,2942,1853,6765,205,127
2024-01-29,Affiliate,2863,234766,9390,8263,5040,116651,743,490
09/23/2024, google ads ,,94590,945,585,304,4840,40,19
2024-02-12,TikTok Ads,3829,275688,5513,3969,2460,11424,357,274
2024-01-15,TikTok Ads,3641,360459,25232,16400,12628,46904,328,246
2024-12-16,tiktok,2329,170017,1700,1309,916,-10296,52,24
2024-07-08,Google Ads,4094,118726,7123,6695,5222,17955,133,57
2024-08-26,Google Ads,915,70455,4227,2789,2203,9047,83,41
2024-11-18,Google Ads,3824,313568,12542,9531,7529,55245,381,240
2024-11-18, google ads ,4838,474124,14223,10525,6630,59964,526,341
04/01/2024,Facebook Ads,1763,75809,4548,3138,2353,36897,251,135
2024-02-19,Google Ads,1877,76957,3078,2770,2160,15249,221,143
2024-02-19, google ads ,2437,238826,14329,11176,6593,64655,335,187
2024-11-18,tiktok,651,22785,227,190,133,305,5,3
2024-12-23,Affiliate,2369,123188,7391,6947,3473,14976,416,191
2024-12-02,Facebook Ads,4596,124092,3722,2530,1998,5285,151,113
2024-03-04,Affiliate,4869,170415,8520,5878,3997,-75670,470,216
2024-02-26,Google Ads,1755,145665,10196,8156,6035,23309,163,127
2024-11-18,TikTok Ads,2287,128072,5122,4148,3235,24056,248,138
2024-05-20, google ads ,1288,85008,1700,1071,556,4672,32,14
2024-02-26,Affiliate,783,54810,3836,3222,1965,14625,225,121
2024-04-08,Facebook Ads,2940,214620,15023,12168,9004,20672,608,346
2024-06-03, google ads ,3965,317200,19032,11799,7079,40035,471,263
2024-06-10,Affiliate,3446,289464,14473,12736,9679,41256,1146,859
2024-10-14,Google Ads,3569,292658,14632,9364,5337,77979,561,342
2024-06-24,TikTok Ads,4665,387195,23231,21837,16596,72006,1091,730
2024-06-10,TikTok Ads,2622,107502,5375,3547,2057,13398,319,175
2024-09-16,Affiliate,4751,251803,17626,14629,8192,35332,292,178
2024-04-22,Affiliate,2083,43743,437,393,212,1771,11,8
2024-12-09,Google Ads,3060,281520,5630,3884,2136,7392,77,47
2024-04-01,TikTok Ads,2160,146880,10281,7710,4240,44660,308,194
2024-01-01,TikTok Ads,2964,163020,9781,8900,4806,32396,178,133
2024-04-01,tiktok,1913,43999,879,782,563,9796,62,42
2024-10-21,Facebook Ads,3086,108010,5400,5076,3350,30450,203,117
2024-08-26,Facebook Ads,1586,61854,2474,2201,1738,11088,154,101
2024-06-24,Affiliate,1316,34216,1710,1470,749,5808,132,68
2024-04-01,Facebook Ads,4967,218548,4370,3889,3033,33319,233,116
2024-04-01,TikTok Ads,1095,104025,6241,4867,3358,27448,146,74
2024-12-23,Facebook Ads,3913,164346,1643,1445,953,10260,57,30
2024-01-08,Affiliate,4769,262295,18360,14871,10112,101048,743,534
2024-03-25,Facebook Ads,902,34276,685,623,479,3204,18,8
2024-08-26,tiktok,4991,334397,13375,10031,6720,31278,802,417
2024-12-23, google ads ,2931,266721,10668,10027,7720,93032,802,601
2024-09-16,TikTok Ads,4124,98976,5938,3919,2468,22464,156,113
2024-02-05, google ads ,2502,170136,11909,10718,6537,17655,321,179
2024-06-03,Facebook Ads,4554,414414,12432,11064,7080,52215,885,575
04/22/2024,TikTok Ads,3761,270792,2707,1678,1174,3752,67,43
2024-07-08, google ads ,3080,154000,3080,1971,1438,7488,78,42
2024-04-01, google ads ,1830,137250,6862,5146,3087,11160,360,262
2024-01-15,Affiliate,946,29326,2052,1641,1115,23373,147,89
2024-11-25,TikTok Ads,622,44784,3134,2256,1601,34200,180,104
2024-07-22,tiktok,4409,246904,12345,7900,5372,15642,237,142
2024-06-17,Google Ads,2173,56498,3954,2451,1519,30951,171,106
2024-01-01,Facebook Ads,,44485,2224,1356,745,8046,54,36
2024-01-15,Affiliate,3593,172464,3449,3069,1902,17664,184,114
2024-12-16,Affiliate,,191092,1910,1298,752,11340,90,37
2024-07-22,Facebook Ads,1051,26275,1313,945,746,13855,85,67
2024-08-19, google ads ,2720,165920,8296,7051,5147,71485,493,211
2024-09-02, google ads ,2073,45606,456,378,298,2366,26,17
2024-10-07,TikTok Ads,724,71676,4300,3870,2012,22002,193,110
2024-11-25,Affiliate,4560,109440,3283,2692,1857,13794,242,150
2024-09-09,Google Ads,4855,135940,4078,2569,1284,21714,231,147
2024-12-09,TikTok Ads,1822,85634,2569,1669,1068,4650,50,28
2024-12-23,tiktok,4233,266679,5333,4053,2067,14094,81,50
2024-01-29,Affiliate,627,45144,902,622,485,2573,31,12
2024-10-28,TikTok Ads,2879,267747,18742,12369,7916,35844,618,327
2024-02-19,Facebook Ads,4605,105915,4236,3812,1906,21774,114,46
2024-02-19, google ads ,3076,233776,9351,6171,3640,38500,308,129
2024-12-23,tiktok,3548,287388,8621,8103,5429,-29970,162,72
2024-10-28,Google Ads,3155,160905,6436,4698,2583,54120,328,223
2024-08-19, google ads ,3865,104355,4174,3088,1914,10730,185,122
2024-07-29,Google Ads,781,37488,2249,1394,975,4947,97,54
2024-01-08,TikTok Ads,1661,101321,1013,901,477,10773,63,27
2024-05-27,Affiliate,1969,55132,551,330,174,5771,29,13
2024-01-15,tiktok,4714,268698,13434,12359,7786,115996,617,314
2024-02-05,Facebook Ads,4366,109150,3274,2782,1641,4884,111,86
2024-01-29,Affiliate,872,80224,3208,2566,1385,2958,51,21
2024-03-11,Affiliate,4779,406215,20310,12592,9821,222068,1133,589
2024-08-26,Facebook Ads,3637,309145,21640,17095,9231,188600,1025,471
2024-06-17,tiktok,922,67306,4711,2920,1810,12702,87,46
2024-05-27,TikTok Ads,1241,71978,2879,2706,1948,10584,216,142
2024-04-15,TikTok Ads,3517,137163,6858,5417,3358,31914,162,92
01/01/2024, google ads ,2846,190682,5720,4004,2802,34000,200,100
2024-05-06,Affiliate,3418,334964,23447,20398,12646,272557,1427,1041
2024-12-23, google ads ,1415,124520,3735,2651,1988,5406,159,125
09/30/2024,Affiliate,4306,413376,20668,14467,9548,94792,578,271
2024-02-12,Google Ads,1948,64284,3857,2352,1505,22464,117,69
06/17/2024,tiktok,4191,217932,10896,7845,6040,27144,156,109
2024-04-15,Affiliate,3405,241755,16922,13876,8603,56160,416,212
2024-03-25,Affiliate,2177,134974,6748,5398,3562,24633,161,80
2024-03-04,Affiliate,523,22489,674,518,300,4850,25,18
2024-01-08,tiktok,1623,129840,2596,2076,1390,7221,83,36
2024-03-25,TikTok Ads,1049,96508,5790,3705,2815,52688,296,168
2024-04-01,Affiliate,3930,184710,9235,7572,5300,56296,454,358
2024-07-01,Google Ads,4128,107328,2146,1480,754,8404,44,21
2024-02-26,tiktok,1710,56430,564,338,246,1260,30,22
2024-09-23,Affiliate,3404,136160,8169,5391,3288,31820,215,103
2024-09-02,tiktok,1028,59624,2981,2205,1323,16830,110,45
2024-06-03, google ads ,2976,71424,714,478,282,2737,23,10
2024-02-26,Affiliate,4442,226542,4530,3216,2379,28000,160,67
2024-07-01,TikTok Ads,1801,45025,2701,1917,1207,10792,76,39
2024-08-05,Facebook Ads,1414,118776,3563,2921,1869,23068,146,71
06/10/2024,tiktok,4957,426302,29841,25066,17546,272043,1503,1187
2024-09-16,Affiliate,4214,370832,25958,16613,9469,188244,1162,720
2024-06-17,tiktok,930,90210,4510,3833,2376,16065,153,79
10/07/2024,TikTok Ads,523,41840,836,501,355,6545,35,20
2024-10-28,TikTok Ads,4051,218754,4375,3762,2482,30644,188,110
2024-03-18,Affiliate,2146,186702,1867,1418,864,6804,42,18
2024-08-12,Affiliate,4041,323280,22629,17650,11825,52244,1412,720
2024-03-18,tiktok,2176,137088,6854,5277,3746,17538,474,293
2024-10-21,tiktok,3576,160920,8046,5149,3501,9548,308,187
2024-10-21,TikTok Ads,2258,72256,3612,3178,2478,32318,286,211
2024-01-29,Facebook Ads,3667,264024,10560,8025,4253,31920,240,134
2024-06-03,Google Ads,3365,87490,6124,5266,3896,32838,421,252
2024-06-03, google ads ,4614,179946,7197,6549,4780,46256,392,305
2024-06-24,Affiliate,3499,230934,13856,9422,5182,40608,282,152
07/29/2024, google ads ,1523,106610,6396,4157,2369,8881,83,64
2024-02-05,Google Ads,4634,264138,15848,13629,7632,44946,681,429
2024-06-10,Google Ads,1609,49879,3491,2862,1803,8738,257,192
2024-09-16,Affiliate,2323,78982,1579,1168,724,15957,81,63
2024-11-25,Affiliate,1339,72306,2892,1764,1234,2450,70,52
2024-06-17, google ads ,,69216,1384,1134,612,2838,22,9
2024-01-22,Affiliate,3784,162712,3254,3058,1743,10797,61,28
2024-07-01,Affiliate,2108,183396,9169,7243,4345,75036,507,370
2024-10-21, google ads ,4447,253479,17743,11710,5855,33345,585,292
2024-10-14,Affiliate,2226,120204,7212,5553,4220,44620,388,209
2024-12-23,Facebook Ads,2235,210090,12605,8445,5827,47264,422,227
2024-11-11,TikTok Ads,689,13780,551,468,266,5809,37,25
10/28/2024, google ads ,1117,45797,915,603,343,10206,54,37
2024-04-22,tiktok,2233,133980,1339,883,635,8453,79,61
2024-01-08,tiktok,1478,115284,3458,2178,1415,35672,196,92
03/18/2024,TikTok Ads,4404,361128,14445,13433,9403,34170,402,209
2024-08-19,Affiliate,4375,105000,3150,2425,1843,6048,72,35
2024-08-12, google ads ,1994,71784,717,451,279,3360,40,18
2024-12-09, google ads ,4470,312900,15645,13767,8948,168525,963,751
2024-08-05,Google Ads,4999,404919,4049,2510,1807,39825,225,177
2024-04-15, google ads ,3933,373635,11209,9639,7325,24640,385,281
2024-09-09,Affiliate,4722,99162,6941,4581,2336,15572,229,121
03/18/2024,TikTok Ads,773,57202,3432,2127,1382,13175,85,51
2024-07-01,Google Ads,1666,156604,10962,8988,4853,32328,449,197
2024-11-25,Facebook Ads,4400,426800,17072,15364,10140,47840,460,312
2024-05-13,Facebook Ads,2206,119124,7147,4288,3387,35096,214,154
2024-03-25,Google Ads,4176,384192,7683,4840,3436,47415,435,252
03/04/2024,TikTok Ads,,161038,9662,9082,6629,22304,544,299
2024-06-24,tiktok,2606,218904,4378,3677,2463,11613,147,97
2024-04-01,TikTok Ads,2582,222052,11102,10213,7761,69768,612,483
2024-12-09,Affiliate,3316,288492,5769,5019,2810,54405,351,164
2024-03-11,tiktok,4350,217500,4350,2697,2022,13524,161,115
2024-06-10, google ads ,4535,426290,17051,12617,8705,96264,504,302
2024-02-12,Affiliate,3047,301653,15082,9049,4976,81360,452,207
2024-04-15,Google Ads,2177,111027,3330,2530,1467,17169,177,118
04/01/2024,tiktok,,181720,1817,1181,791,1702,23,14
2024-08-05,TikTok Ads,662,62228,4355,2830,1669,7812,84,47
2024-08-19,Affiliate,2269,192865,3857,3317,2388,10065,165,128
2024-10-28,Facebook Ads,1477,81235,812,584,391,7440,40,21
2024-06-17,tiktok,853,60563,3028,2816,1520,5600,140,107
2024-01-22,Facebook Ads,1249,39968,799,623,311,924,12,7
2024-05-06,Affiliate,4830,429870,21493,18054,9207,213447,1263,568
2024-07-22, google ads ,2543,178010,12460,9718,6899,103132,874,384
2024-09-16, google ads ,2173,49979,2498,1598,1118,8442,63,34
2024-06-17, google ads ,1973,55244,1104,960,710,4891,67,52
2024-04-15,Google Ads,2276,127456,1274,955,668,6308,76,46
2024-03-04,Affiliate,1849,61017,1220,732,483,-1505,43,26
2024-04-08,TikTok Ads,964,33740,1349,1146,595,4680,45,30
2024-08-05,TikTok Ads,3226,177430,5322,4949,2474,5782,98,59
2024-02-05,TikTok Ads,4036,367276,7345,6316,3979,37128,442,300
2024-10-21,Facebook Ads,4248,280368,5607,4149,2364,15128,248,101
2024-08-26,Facebook Ads,1391,47294,945,822,501,5986,41,18
2024-03-18,TikTok Ads,4405,180605,1806,1607,851,19104,96,50
2024-12-09,Affiliate,3008,195520,3910,3519,2568,22155,211,90
2024-02-12,tiktok,2489,149340,4480,3091,2256,43924,278,144
2024-02-12,tiktok,1037,47702,477,443,248,2236,13,9
2024-06-17,Facebook Ads,3523,70460,704,499,354,2552,44,32
2024-09-02,Google Ads,4854,320364,19221,17298,12627,56925,345,248
2024-06-03,Google Ads,4515,126420,1264,1023,797,13203,81,51
2024-09-16,Facebook Ads,1393,48755,2925,1755,1140,2450,70,55
2024-01-08, google ads ,2254,200606,4012,2728,1554,15974,163,112
2024-01-22,tiktok,4221,206829,6204,5087,2899,15756,101,61
2024-12-16,Google Ads,1016,67056,2011,1628,1188,1952,32,21
2024-07-29,Facebook Ads,1036,70448,3522,2289,1442,24705,183,111
2024-08-19,Facebook Ads,4775,253075,2530,1948,1110,11426,58,42
2024-02-05,tiktok,4986,423810,21190,15256,10526,75640,1220,756
2024-01-29,Google Ads,1460,131400,6570,5321,4150,58776,372,148
2024-02-26,TikTok Ads,2060,82400,824,675,425,4360,40,28
2024-12-02,tiktok,,96071,5764,5418,3467,18993,487,345
2024-04-29,Google Ads,2554,132808,2656,2390,1577,7722,143,80
2024-02-05,TikTok Ads,2977,288769,17326,12994,7016,175437,909,536
2024-11-25, google ads ,1561,53074,2122,1506,888,7455,105,73
2024-04-01,Facebook Ads,2255,173635,10418,7500,5325,16800,525,346
2024-04-29, google ads ,3334,166700,3334,2700,1701,17928,108,74
2024-09-09,Facebook Ads,2164,140660,2813,2137,1453,3286,106,65
2024-02-05,Google Ads,1254,72732,4363,3926,2394,9282,78,54
2024-12-23,tiktok,4785,143550,4306,2712,1735,12231,81,38
2024-10-07,Google Ads,4464,441936,26516,18561,12621,36696,556,250
2024-01-15,tiktok,3292,164600,6584,4542,2498,21080,136,54
2024-08-26,Google Ads,4846,208378,8335,7251,4423,41076,652,502
2024-09-23, google ads ,4376,201296,10064,8856,6730,47790,354,233
2024-03-18,tiktok,2900,266800,10672,7790,5219,13330,155,65
2024-09-09,tiktok,849,50091,2504,1852,1259,12900,129,74
2024-01-22,Affiliate,2108,139128,6956,5217,3338,23088,208,139
2024-09-30,Google Ads,3341,260598,10423,8755,5603,155826,787,464
2024-12-09,Google Ads,2705,194760,7790,5063,2885,7843,253,169
2024-08-26,TikTok Ads,2356,167276,5018,4114,2591,38110,370,229
2024-12-16,Google Ads,875,32375,1295,828,513,4389,57,30
2024-12-16, google ads ,2189,70048,1400,1260,718,5300,100,78
2024-07-29, google ads ,677,41974,2518,1838,1415,4730,110,63
2024-06-10,Facebook Ads,4828,246228,2462,1994,1355,14157,99,52
2024-03-25,TikTok Ads,1494,115038,1150,897,547,12160,80,49
2024-07-01,Facebook Ads,2568,218280,13096,8119,5683,32944,568,278
2024-01-15,Google Ads,1280,49920,499,384,203,2415,23,10
2024-01-15,Facebook Ads,2639,65975,1979,1385,927,9545,83,39
2024-12-09, google ads ,2806,277794,8333,6166,3329,32132,554,343
2024-09-02, google ads ,4970,203770,10188,6622,3443,61579,463,240
2024-10-21,tiktok,,210061,12603,8444,5995,16128,168,68
2024-02-12,Affiliate,808,29088,2036,1689,1216,21712,118,51
2024-10-28,TikTok Ads,1764,56448,564,383,283,1254,22,16
2024-06-10,Affiliate,3210,93090,2792,2624,1390,17427,157,80
2024-09-09,TikTok Ads,1175,58750,587,534,395,3552,48,26
2024-04-08,TikTok Ads,3323,319008,12760,10080,6148,28728,504,216
2024-08-12, google ads ,1843,110580,7740,6424,3276,31779,321,211
2024-01-29,Facebook Ads,3052,100716,3021,2628,1497,8372,52,25
01/15/2024, google ads ,1564,92276,1845,1162,708,11542,58,30
2024-04-15, google ads ,4335,112710,7889,5443,3374,20398,217,169
2024-10-21, google ads ,3204,153792,1537,1122,617,8800,100,65
2024-02-26,Facebook Ads,3383,145469,1454,1366,792,2646,27,18
2024-10-28,tiktok,3677,88248,2647,1879,1240,12555,93,66
2024-12-09, google ads ,2170,123690,4947,4106,3120,25256,328,131
2024-05-13,Affiliate,4006,264396,7931,5948,3330,13528,178,124
2024-01-01,Affiliate,3842,211310,8452,7353,4411,18081,147,104
2024-11-25,Google Ads,881,60789,3039,1823,1112,30340,164,93
2024-04-01, google ads ,,210045,8401,5460,4149,21021,273,199
2024-09-30,TikTok Ads,1849,53621,536,337,205,3056,16,12
2024-08-19,Google Ads,672,34944,1747,1100,616,5676,44,23
2024-02-05,Google Ads,2489,181697,12718,7885,4021,23397,709,304
2024-10-21,tiktok,4214,244412,14664,11877,7007,133950,950,731
2024-07-29,TikTok Ads,2705,167710,10062,9357,6830,7293,187,117
2024-12-16,Facebook Ads,3938,114202,2284,1644,871,13083,147,91
2024-10-14,Facebook Ads,1818,118170,5908,3544,2020,25665,177,79
2024-04-01,Affiliate,4145,393775,23626,21027,11775,111012,1682,1042
2024-06-10,Google Ads,3606,173088,1730,1055,727,-14382,94,47
2024-05-20,Facebook Ads,3127,287684,8630,6299,4157,71882,566,373
2024-07-15, google ads ,4862,150722,9043,6149,4427,34776,184,141
2024-08-26,tiktok,1788,98340,5900,3717,2899,11470,185,135
2024-10-14,Google Ads,,147056,8823,7146,5145,68544,357,203
2024-11-18,Google Ads,1330,31920,319,287,152,2992,22,9
2024-10-07, google ads ,1140,92340,3693,3139,2008,6634,62,39
2024-03-11,Facebook Ads,1319,120029,8402,5797,3420,73461,521,338
2024-02-05,Affiliate,700,49000,2450,2205,1212,8118,198,128
2024-06-17,Affiliate,4396,391244,23474,18074,11748,66666,1626,1154
2024-08-26,tiktok,4393,202078,2020,1858,1467,17572,92,50
2024-10-14,TikTok Ads,1533,85848,6009,5348,2994,48320,320,128
2024-10-28,Google Ads,1538,99970,3998,3038,1944,20748,273,161
2024-01-15, google ads ,876,79716,3985,3586,2761,4118,71,46
2024-01-29,tiktok,1204,57792,1155,1016,680,4740,30,14
2024-06-17,TikTok Ads,4160,191360,1913,1224,660,13200,110,62
2024-01-15,tiktok,4218,101232,1012,809,461,4800,40,27
2024-02-05, google ads ,4389,162393,11367,10457,5437,31926,313,169
2024-01-29,Google Ads,1151,48342,1450,1232,702,5472,36,23
2024-09-02,Affiliate,851,68931,4825,4535,2539,42024,408,297
2024-08-05,Facebook Ads,4356,361548,10846,8785,6237,31600,790,331
2024-02-12,tiktok,4860,335340,3353,2581,1342,8855,77,41
2024-06-17,Facebook Ads,951,70374,4222,2617,1334,13167,209,102
2024-04-15,TikTok Ads,,220698,8827,7856,4635,51496,628,471
2024-06-03,Facebook Ads,2139,62031,2481,2108,1180,24759,189,105
2024-04-29,TikTok Ads,1963,170781,8539,7172,5163,72288,502,356
2024-12-23,Google Ads,3367,158249,9494,5886,3708,43710,235,141
2024-08-26,Affiliate,2052,92340,5540,4875,2632,26718,146,96
2024-08-05,TikTok Ads,3708,304056,12162,10702,6207,118770,642,372
2024-10-07,tiktok,578,42194,1687,1535,1089,1290,30,13
2024-11-04, google ads ,4134,289380,8681,5555,3277,31706,166,116
2024-06-10,tiktok,1048,27248,1634,996,567,1235,19,7
2024-05-27,Google Ads,3101,99232,2976,2142,1263,16128,128,53
2024-07-08, google ads ,3015,69345,4854,3591,2800,12496,71,35
2024-04-29,Google Ads,4198,331642,13265,10877,7505,29340,978,586
2024-07-15,TikTok Ads,4343,277952,8338,6086,3469,21112,182,132
2024-03-25,Facebook Ads,2257,106079,4243,3521,1795,3500,70,28
2024-01-22,Facebook Ads,3028,221044,13262,12201,7564,73810,610,280
2024-07-22,tiktok,985,58115,2905,2062,1505,11070,82,61
2024-07-15,Affiliate,2566,100074,2001,1240,694,1702,37,18
2024-09-30,Affiliate,4081,269346,10773,7217,4907,38659,577,259
2024-06-03,Affiliate,4164,149904,5996,5636,3663,30082,169,131
2024-04-01,TikTok Ads,2111,80218,4813,3609,2129,23004,324,230
2024-02-12,Affiliate,3572,303620,9108,6922,4914,80185,553,359
2024-07-15,Affiliate,3047,207196,10359,9115,6289,14469,273,120
2024-06-24,Google Ads,2719,195768,5873,4228,3213,41145,211,135
2024-07-15,Google Ads,2284,130188,7811,7264,3922,30597,217,151
2024-07-29,Affiliate,4455,173745,5212,3387,2607,31860,270,210
2024-05-13,Google Ads,1103,25369,1268,773,494,1590,15,7
2024-04-29, google ads ,1824,145920,5836,3735,2390,17487,261,177
2024-07-29,Google Ads,3628,224936,11246,6860,4390,64141,343,260
2024-12-16, google ads ,2594,116730,2334,1423,953,1456,28,17
2024-12-16,Affiliate,3439,161633,11314,9051,6335,12851,181,123
2024-10-07,Facebook Ads,4563,328536,19712,13404,6702,127836,804,578
2024-01-01, google ads ,2829,220662,2206,1411,832,19306,98,69
2024-12-09,Facebook Ads,4334,290378,11615,7085,4605,36108,354,169
2024-04-08,Google Ads,2268,122472,7348,5364,4183,86278,482,207
2024-02-19,TikTok Ads,791,16611,332,212,110,3686,19,13
2024-04-15,tiktok,3066,131838,3955,2847,2078,12258,227,165
2024-03-25,Affiliate,4865,238385,4767,3289,2236,5371,131,91
04/01/2024,tiktok,2189,135718,2714,2252,1261,5376,112,52
2024-07-08,Google Ads,2001,112056,3361,2890,1994,29640,260,179
2024-10-14,Affiliate,4845,266475,15988,10552,5487,38824,211,111
2024-12-02,Facebook Ads,4092,143220,5728,4525,3031,30968,316,126
2024-09-23,Affiliate,1961,84323,2529,1896,1004,12502,94,44
2024-04-22, google ads ,2354,216568,6497,5912,3192,33335,295,129
2024-01-01, google ads ,1112,62272,1245,1170,631,2829,23,14
2024-07-08,Google Ads,2805,157080,6283,4460,2854,23674,133,71
2024-02-05,Facebook Ads,2097,127917,1279,844,607,2640,33,13
2024-05-27,Affiliate,1773,125883,2517,2063,1567,32505,165,123
2024-12-02,Facebook Ads,4333,86660,6066,5520,3312,21670,110,82
2024-06-24,Google Ads,1300,122200,8554,5816,4129,30972,174,125
2024-09-16,Google Ads,2023,70805,1416,1076,817,3003,21,11
2024-04-29,TikTok Ads,1929,135030,6751,5400,3618,48384,378,154
2024-02-05,tiktok,4073,81460,1629,1531,887,2025,45,22
2024-10-21,Google Ads,2197,79092,3954,3281,2460,16268,196,143
2024-04-01,Facebook Ads,771,50115,2505,2154,1206,8256,43,31
2024-06-17, google ads ,997,28913,867,684,533,5454,54,29
2024-12-09,Facebook Ads,3087,259308,12965,12057,8922,61845,1085,726
05/27/2024,TikTok Ads,3913,195650,3913,2386,1789,3266,71,31
2024-01-01,Google Ads,2629,239239,11961,10406,7492,37128,728,531
2024-05-06,Affiliate,2873,247078,12353,11364,7045,-116508,1022,633
2024-03-11,tiktok,4082,334724,3347,2175,1131,17160,130,88
2024-06-10,tiktok,3684,121572,3647,2516,1509,16281,201,136
2024-06-24,Google Ads,996,75696,4541,3405,2587,31824,204,124
2024-02-12,tiktok,3856,273776,19164,11881,6059,37736,356,217
2024-03-04,Affiliate,2037,126294,6314,4104,2626,-39852,246,162
11/11/2024,tiktok,4801,417687,8353,7267,3851,22236,218,167
2024-05-13,Google Ads,2031,192945,13506,12425,7330,-52150,745,499
2024-01-15,Affiliate,3214,234622,4692,3190,2201,3150,63,25
2024-03-18,Google Ads,4860,413100,8262,5535,3542,14365,221,139
2024-11-25, google ads ,1938,91086,4554,3961,2931,14042,118,48
2024-04-08,TikTok Ads,1911,118482,2369,1539,877,3638,107,65
2024-01-01,Affiliate,3749,119968,3599,2663,2077,15089,79,52
2024-06-10,tiktok,,35664,2139,1540,1016,5658,138,74
01/22/2024,TikTok Ads,1769,38918,1945,1653,1057,8970,115,85
2024-02-19,TikTok Ads,631,21454,858,686,514,4464,48,33
2024-04-08,Google Ads,784,51744,2069,1737,903,7314,69,37
04/08/2024,Google Ads,4048,250976,12548,10163,6504,38367,609,286
2024-08-05,Google Ads,2165,90930,909,763,572,2052,38,22
2024-10-14, google ads ,4287,351534,24607,15256,9916,61238,457,283
2024-10-07, google ads ,3495,76890,768,491,304,6825,39,19
2024-04-29, google ads ,4461,263199,2631,1736,989,19872,138,102
2024-04-22,Affiliate,2405,211640,10582,8042,4101,18297,321,221
2024-01-01,tiktok,4711,268527,18796,17104,11801,160056,1026,738
2024-07-15,tiktok,534,15486,154,140,95,1749,11,5
2024-03-25,Facebook Ads,539,33418,1670,1085,542,1974,21,14
2024-09-23, google ads ,3910,86020,6021,3853,2812,3696,77,53
2024-02-12,tiktok,1370,45210,452,348,177,3192,24,13
2024-02-12,Facebook Ads,2706,265188,13259,8618,6118,59856,344,141
2024-11-11,Affiliate,1270,99060,6934,5824,4484,14550,291,151
2024-04-01,TikTok Ads,618,33372,667,446,321,5145,35,27
2024-07-08,tiktok,4271,354493,3544,2268,1746,6732,68,31
2024-08-26,TikTok Ads,3322,289014,20230,16386,10159,60260,655,471
2024-09-09,TikTok Ads,918,44064,3084,2467,1924,4182,123,75
2024-01-29,Affiliate,603,21105,1477,1137,818,5320,56,30
2024-09-23,TikTok Ads,1460,68620,2744,2167,1191,8686,86,43
2024-06-17, google ads ,1616,72720,2181,2050,1209,26240,164,123
2024-06-03,tiktok,1482,87438,874,812,454,3144,24,15
2024-07-01,TikTok Ads,3967,222152,4443,3998,2438,39601,199,123
2024-01-15, google ads ,4419,106056,5302,4877,3462,8051,97,68
2024-04-22,Affiliate,1646,70778,707,431,232,6596,34,25
2024-07-15,Google Ads,4838,179006,12530,11778,7420,23500,235,164
2024-01-01,TikTok Ads,2349,101007,1010,838,578,12600,75,49
2024-11-04,tiktok,1390,59770,3586,3119,2120,7068,62,37
2024-06-10,TikTok Ads,1571,84834,1696,1560,1107,6624,46,32
2024-12-02, google ads ,3327,266160,7984,6866,5355,16714,137,97
2024-07-22,tiktok,4799,393518,27546,19282,13690,95948,1156,705
2024-08-26,Affiliate,3749,202446,4048,3481,2436,53523,313,165
2024-01-29,Affiliate,2451,112746,6764,4870,3798,45260,292,157
2024-09-09,tiktok,2113,192283,7691,7152,4648,57772,572,326
2024-04-22, google ads ,3429,126873,1268,989,494,4450,89,67
2024-07-08,Google Ads,752,71440,4286,3343,2106,34000,200,128
2024-05-13,Google Ads,1957,183958,3679,2391,1888,7021,119,59
2024-08-05,tiktok,4197,159486,9569,6411,4487,41472,576,374
2024-08-05,tiktok,4041,238419,16689,10514,7570,137924,841,353
12/02/2024,Google Ads,659,15816,158,99,73,218,2,1
2024-01-22, google ads ,2413,207518,14526,11766,7294,26085,705,387
2024-03-18,TikTok Ads,4211,277926,5558,3835,2185,32130,306,146
2024-02-19, google ads ,2279,200552,8022,4973,2635,87612,447,312
2024-10-21,Affiliate,2123,144364,2887,2049,1188,18584,184,92
2024-04-15,Facebook Ads,1664,49920,1497,1167,665,14415,93,38
2024-07-29,Affiliate,1963,53001,1590,1208,724,7200,48,24
2024-04-01,Google Ads,1680,77280,1545,927,611,5292,27,17
2024-08-19,tiktok,4916,452272,27136,17909,9133,146064,1074,730
2024-01-01,tiktok,4666,135314,4059,3571,2356,13490,71,54
2024-06-17,Facebook Ads,2370,232260,11613,9754,6145,70200,780,507
2024-11-18,Affiliate,3364,292668,14633,12291,6760,62357,491,211
2024-07-22,Facebook Ads,3055,274950,2749,2034,1139,3159,81,32
2024-12-09, google ads ,1650,66000,3300,2574,1827,4620,154,93
2024-04-01,Affiliate,1489,38714,1548,1021,643,1880,20,14
2024-04-15,Google Ads,3014,123574,4942,3706,1964,28231,259,189
2024-12-09, google ads ,683,29369,293,187,136,2072,14,8
08/12/2024,Google Ads,4210,416790,12503,7751,4960,36270,310,192
07/08/2024,tiktok,2919,64218,642,430,245,2940,21,12
2024-04-15,tiktok,2822,149566,5982,4486,2691,60144,358,200
2024-02-19,TikTok Ads,3407,102210,3066,1900,950,18582,114,50
2024-08-19, google ads ,1158,72954,3647,3136,1944,7254,62,48
2024-01-08,tiktok,3561,238587,4771,3912,2151,64416,352,179
05/06/2024,Affiliate,3863,366985,7339,5063,3898,56295,405,247
2024-02-26,TikTok Ads,1037,97478,5848,5204,4111,9568,208,128
2024-08-05,Google Ads,3735,253980,15238,10818,6058,75600,432,298
2024-04-22,Google Ads,1216,119168,2383,2240,1590,6996,44,25
2024-01-22,TikTok Ads,879,48345,1933,1739,1078,13520,104,68
2024-11-04, google ads ,4490,237970,11898,10589,8047,99060,635,330
2024-10-21, google ads ,3160,97960,3918,3604,2054,43092,252,133
2024-05-20,Affiliate,3775,335975,16798,10078,5139,19617,503,316
2024-03-04,TikTok Ads,3029,218088,10904,10249,7686,94644,717,566
2024-01-08, google ads ,1150,27600,1656,1391,737,2952,41,23
2024-02-05,Affiliate,2235,98340,5900,4484,2331,36288,224,174
2024-03-18,TikTok Ads,3870,205110,2051,1743,1045,9048,104,73
2024-03-18,tiktok,507,30420,608,528,295,2604,31,23
2024-10-28,TikTok Ads,3427,137080,9595,9019,5501,77904,541,313
2024-03-18,Facebook Ads,2669,114767,2295,1445,1054,4472,86,35
2024-07-22,TikTok Ads,3606,173088,1730,1332,959,7332,39,18
2024-06-03,Facebook Ads,3210,314580,6291,4969,3180,4851,99,68
2024-02-05,tiktok,1881,112860,3385,2335,1704,17112,93,59
2024-07-15,Google Ads,645,56760,1135,885,637,9450,70,50
2024-11-04,tiktok,3010,213710,6411,5257,3837,18060,105,55
2024-08-19, google ads ,799,58327,1166,967,734,4221,67,43
2024-12-09, google ads ,2004,94188,1883,1374,865,11424,68,39
2024-07-15,Google Ads,2962,204378,8175,5313,2922,9540,318,228
2024-05-13,Google Ads,1112,37808,2268,1814,1324,17280,90,39
2024-07-22,Google Ads,1397,53086,3716,2564,1794,-22017,179,98
2024-09-23, google ads ,2446,185896,11153,9033,4968,64960,812,357
2024-01-08,Google Ads,1210,38720,1161,1044,709,17670,93,60
2024-01-22,TikTok Ads,3534,314526,15726,14625,8043,12556,292,204
02/19/2024, google ads ,3402,173502,12145,11051,8619,114310,994,417

