CampaignID,LaunchDate,Channel,TargetAudience,SpendAmount,Impressions,Clicks,Conversions,Status
30001,2023-08-17,Search Engine,Gen Z,10300,287526,11213,459,Paused
30002,2024-06-07, social media ,General,12066,910947,29150,2798,Active
30003,08/28/2024,Social Media,B2B ,775,474023,3792,295,Active
30004,2023-07-26,Affiliate,B2B,6703,347363,11810,94,Paused
30005,2023-11-03,Affiliate,  Gen Z,3715,366005,13176,1067,Completed
30006,10/09/2023,Social Media,Gen Z,13769,987478,17774,604,Completed
30007,2024-12-12, social media ,  Gen Z,5221,805370,13691,438,Active
30008,2024-09-09,Email,Gen Z,2783,530224,19088,152,Active
30009,2024-08-04,Affiliate,Millennials,6166,549105,18669,1437,Active
30010,2023-05-25,Affiliate,Gen Z,4623,50700,2281,120,Paused
30011,2024-11-04,Affiliate,General,12083,917001,36680,2310,Paused
30012,2023-01-15,Search Engine,B2B,733,615751,23398,1520,Paused
30013,2024-02-10, social media ,General,1210,908805,31808,572,Completed
30014,2024-02-06,Email,B2B ,12124,906733,34455,3411,Paused
30015,2023-05-26,Search Engine,  Gen Z,13615,122259,2078,164,Completed
30016,2024-03-02,Social Media,B2B ,4334,138066,6074,583,Paused
30017,2024-01-29,Affiliate,  Gen Z,4315,227031,9535,858,Paused
30018,2024-10-04,Search Engine,Millennials,2353,313301,9085,808,Completed
30019,2024-07-17, social media ,General,766,322858,10331,123,Paused
30020,2024-10-16,Affiliate,B2B,13826,987488,7899,758,Completed
30021,2024-06-22,email,General,1155,254570,7637,313,Paused
30022,2024-10-06,Email,Millennials,10045,100129,2803,78,Paused
30023,2024-04-12,Social Media,General,11394,968274,29048,2381,Completed
30024,2023-12-10,Social Media,General,6570,855536,17966,988,Active
30025,2023-12-29,Affiliate,  Gen Z,10938,880894,42282,1902,Paused
30026,2023-11-05,Affiliate,B2B,6658,290925,9018,757,Completed
30027,2023-04-21,Social Media,Gen Z,14891,18012,612,55,Completed
30028,2024-11-21,email,  Gen Z,12984,294950,10323,867,Paused
30029,2024-01-19,email,Gen Z,13832,152075,1216,115,Active
30030,01/27/2023,Search Engine,B2B ,8891,198767,9540,753,Completed
30031,2023-06-16, social media ,General,7150,49944,898,14,Completed
30032,2023-02-15,Search Engine,Millennials,14324,356369,9978,818,Completed
30033,2024-12-07,email,B2B ,2470,604206,16313,1435,Completed
30034,2023-10-08, social media ,Millennials,5156,300984,2106,134,Active
30035,2023-02-18,Search Engine,B2B,6421,426952,13662,382,Completed
30036,2023-08-19,Social Media,B2B ,10258,381902,13748,893,Completed
30037,2024-05-28,Affiliate,B2B,11018,158777,2222,171,Active
30038,2024-09-20,email,General,10324,867337,6938,180,Paused
30039,2023-03-10,Affiliate,Millennials,8844,584448,20455,1902,Paused
30040,2024-08-04, social media ,  Gen Z,,973069,25299,151,Active
30041,2024-01-24,Search Engine,  Gen Z,,128188,5512,319,Completed
30042,2023-07-04,Search Engine,B2B ,8177,627424,20704,227,Active
30043,2024-06-28,Affiliate,  Gen Z,12330,858648,7727,610,Paused
30044,2023-01-10,Email,  Gen Z,10597,548710,15912,143,Completed
30045,11/27/2024,Search Engine,General,6022,108924,4683,192,Active
30046,2023-06-11,Email,Millennials,3856,930842,45611,2189,Completed
30047,2024-11-12,Email,B2B,9967,223667,2013,110,Active
30048,2023-09-21,Affiliate,B2B ,3360,384166,1920,180,Completed
30049,2023-05-31, social media ,B2B,6308,330716,10913,109,Paused
30050,2023-12-22, social media ,Millennials,1044,924173,30497,945,Paused
30051,2024-08-07,Email,B2B ,,130547,4177,196,Completed
30052,2024-04-15, social media ,General,3108,49078,1914,176,Active
30052,2024-04-15, social media ,General,3108,49078,1914,176,Active
30053,2024-10-29,Email,  Gen Z,507,556092,4448,142,Paused
30054,2024-03-06,Affiliate,Gen Z,10031,307992,8315,407,Completed
30055,2024-12-20,Email,B2B,7326,156034,4837,261,Paused
30056,2024-08-03,email,Millennials,,357461,2502,100,Completed
30057,2024-08-30,Social Media,  Gen Z,2655,409882,10656,458,Paused
30058,2023-12-03,Social Media,B2B,9569,906123,41681,3042,Active
30059,02/15/2023,Search Engine,Gen Z,5859,285778,3143,135,Paused
30060,2023-04-11, social media ,B2B,7391,38698,503,3,Active
30061,2024-06-16,Email,Millennials,2305,60493,665,30,Completed
30062,2024-02-19,Social Media,B2B ,1724,363687,4727,132,Active
30063,2024-05-11,Email,General,4457,413356,18601,1004,Active
30064,2023-04-08,Email,General,1726,882816,7945,222,Active
30065,2023-10-25,Search Engine,B2B,11526,287284,12065,1049,Completed
30066,2023-06-03,Social Media,  Gen Z,7552,234030,8893,498,Paused
30067,2023-11-07, social media ,Millennials,7717,440798,8375,150,Completed
30068,2024-09-08,Search Engine,B2B,14115,994173,32807,2329,Active
30069,2023-09-29,Search Engine,B2B,3134,760087,33443,1772,Paused
30070,2024-06-15, social media ,General,7699,619615,13631,763,Paused
30071,2024-07-18,Search Engine,General,1587,170430,6476,602,Completed
30072,2023-03-31, social media ,  Gen Z,1044,999405,28982,898,Paused
30073,2023-10-27, social media ,General,5572,87744,438,14,Paused
30074,2023-12-30,email,Millennials,9327,576997,20771,1620,Paused
30075,2023-06-16, social media ,  Gen Z,8228,141814,3119,3,Paused
30076,2024-09-19,email,  Gen Z,6660,598358,20942,1926,Paused
30077,2023-12-17,Email,  Gen Z,11522,642292,31472,1888,Paused
30078,2024-05-01,Search Engine,  Gen Z,,208465,9172,843,Paused
30079,2024-12-14,Social Media,Millennials,11208,740226,7402,81,Paused
30080,09/14/2023,Social Media,General,8674,266694,10134,30,Completed
30081,2024-01-25,email,B2B ,6910,563965,14663,87,Paused
30082,2023-05-20,email,  Gen Z,7025,705791,11292,542,Paused
30083,2023-07-30,Search Engine,  Gen Z,13880,91790,2937,52,Paused
30084,2023-01-21,email,Millennials,1454,350448,10513,672,Paused
30085,2023-03-10,Email,General,10552,132708,928,71,Active
30086,2024-09-24,Email,General,8199,97661,2148,94,Active
30087,2024-04-23,Social Media,Gen Z,2241,216993,9764,898,Completed
30088,2023-09-13,Email,B2B,5758,420672,11358,136,Completed
30089,01/29/2024,email,  Gen Z,8702,874262,22730,568,Active
30090,2023-11-14,email,B2B,10536,63864,2682,233,Paused
30091,2024-08-08, social media ,Gen Z,1559,317704,15249,1433,Active
30092,2023-10-15,Social Media,Gen Z,2462,253885,1523,70,Paused
30093,2024-05-10,Social Media,General,13018,868470,20843,583,Completed
30094,2024-09-28,Email,Millennials,6359,767132,9205,257,Active
30095,2024-03-11, social media ,B2B,9474,555074,17207,1445,Completed
30096,2024-10-21, social media ,Gen Z,7423,233028,2097,106,Completed
30097,2023-12-16, social media ,B2B ,14347,363100,5809,174,Active
30098,2023-04-25,Email,B2B ,6203,460278,20252,1377,Active
30099,2024-07-23,Email,B2B,6341,524684,24135,410,Completed
30100,2024-05-29,Affiliate,B2B ,13281,456370,6845,397,Paused
30101,2023-06-09,Search Engine,General,10533,761091,25877,1630,Active
30102,2023-11-26,Email,Millennials,7355,945003,35910,1328,Active
30103,2024-01-04,Social Media,Gen Z,10999,997513,23940,1053,Paused
30104,2024-12-24,Affiliate,Millennials,11770,671649,8059,411,Active
30105,2024-10-27,Search Engine,Millennials,8720,756497,13616,1143,Active
30106,2023-06-22,Email,General,8280,181834,6182,117,Completed
30107,2023-01-10,Email,General,3101,231944,1855,37,Paused
30108,2023-02-03,Search Engine,  Gen Z,,22787,797,11,Completed
30109,2023-09-03,Email,  Gen Z,3703,545511,26730,2272,Completed
30110,2024-04-07, social media ,B2B ,13820,836147,6689,508,Active
30111,2023-08-29,Email,B2B,9377,163858,5407,275,Paused
30112,2024-08-01,Email,Millennials,4428,50117,1453,29,Completed
30113,2023-09-05,Email,Gen Z,10705,215681,9274,74,Completed
30114,2023-08-10,Search Engine,B2B,13240,944147,39654,872,Paused
30115,01/19/2023, social media ,Millennials,10433,144502,867,20,Completed
30116,2023-08-14,Search Engine,  Gen Z,7900,65351,1568,103,Paused
30117,2024-03-10,email,Gen Z,12908,474431,14707,514,Paused
30118,2023-06-26,Search Engine,B2B,5927,676817,24365,121,Completed
30119,2023-01-27,Email,Millennials,13672,59601,2384,185,Completed
30120,2023-08-24,email,B2B,10077,322753,9682,619,Paused
30121,2024-04-27,Social Media,General,2795,645077,25158,2390,Paused
30122,2023-06-13, social media ,B2B ,10288,414034,12006,672,Completed
30123,2024-05-12,email,B2B,502,995140,21893,1050,Active
30124,2023-08-22, social media ,Millennials,4283,535605,5891,11,Completed
30125,2023-08-02,Search Engine,General,,410345,4513,49,Completed
30126,2024-06-12,Social Media,B2B ,11913,888711,34659,1940,Active
30126,2024-06-12,Social Media,B2B ,11913,888711,34659,1940,Active
30127,2023-08-26,Social Media,  Gen Z,7684,510348,2551,107,Completed
30128,2024-03-26,Affiliate,Gen Z,5558,991754,48595,1603,Completed
30129,2023-09-30, social media ,Gen Z,7498,21808,348,9,Active
30130,2023-07-31,email,General,700,756280,25713,257,Paused
30131,2024-02-02,Email,Gen Z,10141,120953,4717,268,Completed
30132,09/02/2023,Search Engine,Millennials,6392,395908,19399,310,Paused
30133,2024-02-22, social media ,Millennials,12808,488876,7333,491,Completed
30134,2023-05-09,Email,General,5485,843402,9277,445,Paused
30135,2023-06-06, social media ,Millennials,12439,590035,9440,94,Active
30136,2024-02-16,Social Media,B2B,6008,356887,6423,211,Active
30137,2024-09-01,Social Media,B2B ,11943,939765,10337,20,Active
30138,2023-06-09,Social Media,B2B,9968,388335,13203,554,Completed
30139,2023-12-14, social media ,B2B,14131,525375,21015,399,Active
30140,2024-12-10,email,Millennials,1681,764178,14519,1364,Active
30141,2023-06-05,Social Media,Millennials,13445,418000,18810,1279,Paused
30142,2024-05-01,Search Engine,Gen Z,5074,869714,28700,631,Completed
30143,2024-10-05,Email,General,7153,79132,3481,34,Completed
30144,2024-08-02,Social Media,B2B,10678,853848,18784,525,Paused
30145,2023-12-06,Affiliate,  Gen Z,996,878994,21974,681,Active
30146,2023-04-29,email,B2B ,5431,559794,23511,1857,Paused
30147,2024-08-19, social media ,  Gen Z,13130,693521,27740,2302,Paused
30148,2023-04-15,Email,Gen Z,8146,82232,411,26,Paused
30149,2024-11-18,Affiliate,General,13478,646574,27156,1194,Completed
30150,2024-07-05,email,Millennials,2625,698730,27250,1417,Active
30151,2024-06-16,Search Engine,B2B,5340,735512,28684,2237,Completed
30152,2023-02-23,Email,B2B,5049,854013,9394,9,Active
30153,2024-10-22,Social Media,Gen Z,5326,947712,18006,1584,Completed
30154,2024-04-11,email,B2B,7049,961374,8652,579,Active
30155,2024-01-26,Search Engine,B2B ,11594,414577,18655,708,Active
30156,2023-03-31,Search Engine,Millennials,4550,66351,2720,127,Completed
30157,03/14/2024, social media ,B2B,14515,354965,4614,415,Paused
30158,2024-01-15,email,B2B ,7917,143833,6472,627,Paused
30159,2023-11-21,Email,Gen Z,2266,615685,3694,313,Paused
30160,2023-07-25,Search Engine,Gen Z,6008,577606,17328,363,Paused
30161,2024-02-14,email,B2B,8089,154647,5412,303,Completed
30162,2023-10-20,Search Engine,  Gen Z,13658,132502,3975,341,Paused
30163,2023-03-15,Email,B2B,6718,296841,5936,249,Paused
30164,2024-05-14,Search Engine,Gen Z,11058,776462,34940,628,Active
30165,2024-03-22, social media ,  Gen Z,6101,861229,20669,1322,Paused
30166,2024-02-27, social media ,Gen Z,1243,619071,13619,313,Paused
30167,2024-02-18,Search Engine,B2B ,11370,428236,17129,1661,Paused
30168,2024-05-03,Search Engine,B2B ,8796,358289,9315,912,Completed
30169,2024-01-01,Search Engine,B2B,10573,371792,6320,492,Completed
30170,2023-08-22, social media ,General,10640,875745,4378,367,Paused
30171,2024-03-27,Search Engine,  Gen Z,4755,475938,2855,214,Paused
30172,2023-06-18,email,B2B,6126,774760,18594,1282,Paused
30173,2024-08-12,Affiliate,  Gen Z,14852,171962,5330,511,Completed
30174,2024-06-09,Social Media,Gen Z,12769,533539,21875,1618,Active
30175,2024-07-15,Email,B2B ,5353,588034,8820,370,Completed
30176,2023-11-27,Social Media,Millennials,5798,35123,1545,24,Paused
30177,2023-11-05,Social Media,B2B,5276,421842,18982,1670,Completed
30178,2024-01-23,Search Engine,B2B,4984,369801,1849,134,Paused
30179,2024-02-14,Affiliate,  Gen Z,8817,685189,27407,2357,Completed
30180,2023-03-22, social media ,General,14680,148056,6218,323,Completed
30181,2023-08-31, social media ,Gen Z,13310,915716,25640,358,Completed
30182,2023-11-22,email,  Gen Z,6314,430676,6029,66,Active
30183,2024-09-28,Search Engine,B2B ,11760,893731,39324,3539,Completed
30184,2023-07-29,Affiliate,Millennials,7740,153050,6734,235,Completed
30185,2024-11-08, social media ,B2B ,2263,275959,6347,196,Completed
30186,2023-03-16,Email,B2B ,3168,784490,25103,652,Completed
30187,2023-10-30,email,Millennials,3382,324141,2593,62,Completed
30188,2023-03-16, social media ,Gen Z,,824668,26389,1319,Paused
30189,2023-01-28,Email,B2B ,10197,389759,3118,224,Paused
30190,2024-05-26,email,B2B ,11953,898225,7185,172,Paused
30191,04/01/2024,Social Media,Gen Z,2891,773668,30946,2011,Paused
30192,2023-06-10,Social Media,  Gen Z,6727,399779,13992,223,Completed
30193,2023-08-20,Affiliate,Gen Z,4620,952444,34287,1440,Paused
30194,2023-12-08,Email,B2B ,8818,716646,13616,1252,Completed
30195,2023-03-31,Social Media,B2B ,13250,202594,7293,393,Paused
30196,2024-04-11,Email,B2B,669,554829,23857,2242,Active
30197,2024-04-01, social media ,B2B,11053,638701,30657,2575,Active
30198,2023-01-10, social media ,Gen Z,7590,515402,14431,1053,Completed
30199,2024-09-14, social media ,Millennials,2235,334858,13059,104,Completed
30200,2024-12-04, social media ,Gen Z,6131,74919,524,29,Paused
30201,2023-12-25,email,B2B ,14244,216517,4330,186,Active
30202,2023-12-16,Search Engine,B2B ,,889219,30233,241,Completed
30203,2024-07-16,Affiliate,Millennials,7223,798941,19973,1358,Active
30204,2023-07-16,Social Media,B2B,6766,437194,12678,938,Paused
30205,2024-05-10,Search Engine,  Gen Z,9666,65725,788,72,Paused
30206,2023-06-21,Search Engine,Millennials,10135,262734,7619,739,Paused
30207,2024-11-14,Social Media,B2B ,14891,98147,1374,71,Active
30208,2024-09-18, social media ,  Gen Z,9282,517515,11385,580,Paused
30208,2024-09-18, social media ,  Gen Z,9282,517515,11385,580,Paused
30209,2024-04-13,Social Media,Gen Z,4307,998552,17973,359,Paused
30210,2024-05-24,Social Media,B2B ,14108,484408,3875,275,Active
30211,11/19/2023,Email,B2B,10728,934786,5608,330,Active
30212,2024-11-06,Search Engine,General,12684,954946,13369,307,Active
30213,2024-03-12,email,B2B ,12159,228682,10519,462,Completed
30213,2024-03-12,email,B2B ,12159,228682,10519,462,Completed
30214,2023-06-16,Social Media,B2B ,12685,179573,3771,67,Completed
30215,2023-03-12,Affiliate,General,6388,173017,1730,84,Completed
30216,2023-04-06,Search Engine,General,,555969,22794,1527,Completed
30217,2024-11-01, social media ,B2B,1581,530079,3710,315,Completed
30218,2023-12-15,Social Media,Millennials,3152,771733,29325,909,Active
30219,2024-08-27, social media ,General,5316,156668,6423,237,Active
30220,2023-05-03,Search Engine,  Gen Z,14878,693582,21501,967,Completed
30221,2024-06-08,Social Media,General,9998,579199,3475,319,Paused
30222,2024-05-23,Email,B2B ,7679,980326,44114,220,Paused
30223,2023-02-16,Social Media,  Gen Z,4964,398595,2790,198,Completed
30224,2023-07-17, social media ,B2B,12525,314839,4722,155,Active
30225,2023-11-01, social media ,B2B,4118,553014,17696,973,Completed
30226,2024-01-22,Social Media,B2B,10668,594160,19607,1686,Completed
30226,2024-01-22,Social Media,B2B,10668,594160,19607,1686,Completed
30227,2023-10-18,email,Gen Z,14981,99064,3070,245,Active
30228,2023-02-01, social media ,Millennials,13206,515609,13921,139,Active
30229,2023-05-17, social media ,B2B,5457,777821,26445,1798,Paused
30230,2023-10-17,Affiliate,General,3573,243466,6817,654,Active
30231,2024-04-15,Affiliate,B2B ,8240,856161,9417,329,Paused
30232,12/16/2024, social media ,Millennials,9920,902069,36984,591,Paused
30233,2024-05-25, social media ,General,4900,631341,10732,611,Active
30234,2023-06-30,email,B2B ,8857,128338,5133,282,Active
30235,2024-02-11,Affiliate,B2B ,14634,272407,8989,134,Completed
30236,2023-05-26,Affiliate,  Gen Z,14048,338032,9126,73,Active
30237,2024-04-09,Email,Millennials,13974,253591,9129,328,Completed
30238,2024-11-13,email,Gen Z,8255,400273,2001,188,Active
30239,2024-07-12, social media ,Millennials,9740,769316,19232,96,Active
30240,2024-11-13, social media ,B2B,10308,871939,19182,882,Paused
30241,2024-09-06,email,Gen Z,13132,784973,7849,54,Active
30242,06/02/2023,Search Engine,General,10876,530181,24388,2194,Completed
30243,2023-05-11,Affiliate,Millennials,2827,99173,1090,62,Paused
30244,2023-05-20,Affiliate,Millennials,9336,949784,33242,3091,Completed
30245,2023-10-06, social media ,Millennials,2740,122340,5260,278,Paused
30246,12/28/2023,Search Engine,B2B,8612,911564,4557,419,Paused
30247,2023-09-01, social media ,  Gen Z,6937,679279,32605,717,Completed
30248,2023-12-20,Affiliate,General,14572,506513,3039,215,Active
30249,2023-12-14,Affiliate,  Gen Z,3603,299181,11668,1061,Active
30250,2023-11-19,email,B2B,3139,966077,12559,690,Paused
30251,2023-03-07,Social Media,B2B ,14712,201118,5631,506,Completed
30252,2023-03-22,email,B2B,7526,392286,13730,617,Active
30253,2023-07-27, social media ,B2B ,9152,363411,2543,134,Paused
30254,2024-05-16,email,  Gen Z,6020,609365,18280,712,Active
30255,2024-03-04,Affiliate,B2B,10804,41685,1667,143,Completed
30256,2024-05-24,Search Engine,Gen Z,4922,660898,7930,666,Active
30257,2023-08-21,Social Media,General,9036,85684,685,59,Paused
30258,2024-09-26,Search Engine,Gen Z,2905,700042,4200,310,Completed
30259,2024-10-26,Affiliate,General,,520311,23934,550,Active
30260,2023-07-13,email,Millennials,3048,484223,17916,1397,Active
30261,2023-11-01,Social Media,B2B ,3130,834217,20855,1689,Paused
30262,2024-01-03,Social Media,  Gen Z,14261,81000,2430,230,Paused
30262,2024-01-03,Social Media,  Gen Z,14261,81000,2430,230,Paused
30263,2024-05-29,email,Millennials,13462,629507,18255,54,Completed
30264,2024-07-05,Search Engine,General,8708,595487,4763,361,Paused
30265,2024-03-23,Social Media,Millennials,4813,306281,10107,222,Active
30266,2023-10-22,Social Media,  Gen Z,,191524,8044,217,Paused
30267,2024-07-31,Email,General,5498,255901,12283,1068,Paused
30268,2023-02-06,Social Media,Gen Z,10574,508574,8137,309,Paused
30269,2024-12-24,Affiliate,General,9953,565708,25456,2341,Active
30270,09/07/2024,Social Media,B2B ,10153,688756,15152,378,Active
30271,2024-09-06, social media ,B2B ,12640,833366,16667,33,Active
30272,06/12/2023,Social Media,Gen Z,12389,375194,8629,828,Completed
30273,2024-10-04,Social Media,  Gen Z,13535,728885,21866,2142,Paused
30274,2024-09-15,email,B2B ,12497,233792,1870,110,Active
30275,2024-06-20,Social Media,General,8847,726693,4360,361,Active
30276,2023-12-08,Search Engine,B2B ,12997,154310,4937,222,Active
30277,2024-11-06, social media ,Millennials,972,333404,4334,385,Active
30278,2024-08-15,Search Engine,  Gen Z,3986,770993,32381,3076,Paused
30279,2023-11-05,Social Media,General,1658,791853,36425,3533,Completed
30280,2023-01-30,email,  Gen Z,5910,593788,21376,1389,Paused
30281,2023-07-11,Email,B2B,622,45192,1898,115,Active
30282,2024-11-11, social media ,Gen Z,7508,154896,3407,330,Active
30283,2024-09-20,Email,  Gen Z,4783,845334,13525,351,Completed
30284,2023-03-23,Social Media,Gen Z,9476,597926,26906,376,Active
30285,2024-11-04,Search Engine,Millennials,4619,539959,15658,407,Paused
30286,2024-07-18, social media ,Gen Z,2269,305506,14969,538,Completed
30287,2023-09-09,Social Media,  Gen Z,6426,974763,39965,359,Active
30288,2023-02-19,Email,General,2059,408196,15103,1057,Completed
30289,2024-11-19,Social Media,Millennials,8920,696478,21590,302,Completed
30290,2024-06-18,Affiliate,Gen Z,,109003,3379,152,Paused
30291,10/11/2023,email,General,7323,847049,26258,1706,Active
30292,2023-05-18,Social Media,  Gen Z,1742,925410,8328,408,Completed
30293,2023-05-07,email,Gen Z,14741,375692,12022,156,Active
30294,2024-07-27,Social Media,B2B,982,901535,34258,1849,Active
30295,2023-06-05,email,  Gen Z,7163,252946,8600,301,Completed
30296,2024-06-28,email,General,6784,741601,11124,44,Active
30297,2023-10-06,Affiliate,  Gen Z,10860,351950,4927,364,Paused
30298,2023-12-11,Affiliate,Gen Z,14960,428043,8988,422,Completed
30299,2024-01-03,Social Media,B2B,6154,98918,494,15,Active
30300,10/27/2024,Social Media,B2B,9061,429852,7737,108,Active
30301,2023-05-25,Social Media,Gen Z,5325,101128,4146,273,Paused
30302,2023-11-11, social media ,B2B ,3797,207587,2075,153,Active
30303,2024-09-04,Email,Gen Z,9482,197786,9295,158,Completed
30304,2024-02-12, social media ,B2B,4161,283631,13047,665,Paused
30305,2023-12-22,Affiliate,General,,992848,8935,17,Paused
30306,2024-06-04,Social Media,General,4512,45198,1446,102,Paused
30307,2024-03-06,Search Engine,  Gen Z,11649,392690,16492,1352,Paused
30308,2024-08-07,email,B2B,1377,192639,9054,54,Completed
30309,2024-04-09,Search Engine,B2B,9254,91602,4030,358,Completed
30310,2024-08-07, social media ,Millennials,14126,815828,30185,543,Paused
30311,2024-04-03,Affiliate,B2B ,13216,860050,20641,1568,Paused
30312,2023-03-28,Email,B2B ,6241,851732,33217,3122,Paused
30313,2023-05-23,email,General,11089,948750,10436,344,Paused
30314,2023-06-17,Email,B2B ,12926,949514,4747,218,Completed
30315,2024-09-02,Affiliate,  Gen Z,3726,246536,10847,455,Paused
30316,2023-06-15,email,  Gen Z,4904,625298,16257,1007,Active
30317,2023-05-21,Social Media,Millennials,9952,199018,8159,750,Active
30318,2024-12-10,Social Media,  Gen Z,,116867,5259,241,Active
30319,11/22/2023,email,B2B ,713,550407,12108,1186,Active
30320,2023-11-02, social media ,  Gen Z,14705,525649,18397,1103,Completed
30321,2024-06-28,Social Media,B2B ,5765,610828,12827,923,Paused
30322,2024-09-23,Social Media,Millennials,13270,836995,13391,709,Active
30323,2024-08-05,Email,Millennials,,920345,20247,1559,Paused
30324,2024-08-20,Email,General,3372,894901,35796,2183,Paused
30325,2023-04-05,Social Media,B2B ,10057,819351,35232,1197,Active
30326,2024-02-13, social media ,B2B,1824,576270,14406,504,Completed
30327,2023-06-02, social media ,  Gen Z,4311,844478,17734,1294,Paused
30328,2023-06-08,Affiliate,Gen Z,1601,615757,18472,1699,Active
30329,2023-09-28,Affiliate,  Gen Z,10946,124338,1740,27,Active
30330,2023-09-25,Email,  Gen Z,10360,319178,1595,154,Paused
30331,2024-11-18,Email,  Gen Z,14561,204285,8579,669,Completed
30332,2024-05-26,Social Media,B2B,6249,942409,15078,768,Paused
30333,2023-11-28,email,B2B ,1688,571378,9142,841,Active
30334,2023-12-24,email,B2B,11515,418971,2513,77,Paused
30335,2024-07-27,Social Media,  Gen Z,4252,532257,3725,264,Completed
30336,2024-02-04,Affiliate,Gen Z,4834,505516,8593,464,Completed
30337,2024-03-14,Search Engine,B2B,,20421,857,41,Active
30338,2024-02-28,email,General,3040,919560,34023,2925,Paused
30339,2023-01-20,email,B2B ,10698,794774,22253,89,Completed
30340,2023-11-02,Search Engine,General,12514,507463,3552,309,Paused
30341,2024-03-07,Email,Gen Z,11362,72930,1531,124,Active
30342,2023-10-18,Social Media,General,3369,384351,2690,258,Active
30343,2024-05-04, social media ,Millennials,8923,287707,4027,326,Paused
30344,2024-05-03,Email,B2B,9760,354035,8850,601,Active
30345,2024-02-06,Email,General,4509,188955,6613,542,Paused
30346,2024-01-29, social media ,B2B,7474,460645,3685,217,Active
30347,2024-03-13,Email,Millennials,12688,499951,17998,917,Paused
30348,2024-09-20, social media ,B2B ,1544,841804,5050,70,Completed
30349,2023-10-06,Email,General,4188,488432,2442,146,Paused
30350,2023-08-13,Search Engine,Gen Z,1511,502722,6535,84,Completed
30351,02/24/2024,Affiliate,General,10381,132097,1981,110,Active
30352,2023-06-23,Email,B2B ,3942,101769,1424,71,Completed
30353,2023-09-05,Email,B2B,686,248060,7193,690,Completed
30354,2023-12-22,Email,  Gen Z,9739,694154,30542,1130,Completed
30355,2024-09-24,Affiliate,B2B ,5516,78313,626,56,Paused
30356,2023-03-18, social media ,Gen Z,3490,862612,42267,84,Active
30357,2024-08-09, social media ,Millennials,3954,378275,10591,656,Paused
30358,2024-12-06,Email,  Gen Z,4939,879343,22862,1988,Completed
30358,2024-12-06,Email,  Gen Z,4939,879343,22862,1988,Completed
30359,2023-10-07, social media ,Millennials,7367,912606,4563,168,Completed
30360,2023-03-20,Search Engine,  Gen Z,2000,284749,10535,400,Completed
30361,2024-02-24, social media ,B2B ,4742,945619,9456,510,Active
30362,2024-08-03,Email,B2B,501,858977,27487,1649,Active
30363,2024-07-24,Social Media,General,6724,756455,9833,167,Paused
30364,2024-05-28,Social Media,B2B,10469,444162,3553,92,Paused
30365,2023-04-03,Email,B2B,10358,960042,41281,3137,Active
30366,2024-12-06,email,B2B ,10139,141046,2961,103,Active
30367,2024-03-04,Affiliate,Millennials,8427,639344,7672,406,Completed
30368,2024-10-25,Affiliate,Millennials,14489,633648,9504,294,Paused
30368,2024-10-25,Affiliate,Millennials,14489,633648,9504,294,Paused
30369,2023-02-26,Search Engine,General,601,400716,18833,1676,Active
30370,2024-02-05,Search Engine,  Gen Z,5998,335986,4703,272,Completed
30371,06/23/2024,Search Engine,Gen Z,6733,999552,37982,455,Completed
30372,2024-02-27, social media ,Gen Z,631,87834,3513,203,Completed
30373,2023-05-16, social media ,Gen Z,1510,62129,2795,25,Active
30374,2023-07-05,Search Engine,B2B,14342,322420,15153,242,Completed
30375,2024-03-25,Social Media,Millennials,4659,708854,7797,623,Active
30376,2024-01-30,email,Millennials,,253495,8872,186,Completed
30377,2023-06-26,Affiliate,  Gen Z,9838,951952,24750,1584,Completed
30378,2023-08-13,Email,  Gen Z,13083,489605,6364,598,Active
30379,2023-09-06,Email,B2B,9788,313139,11273,541,Completed
30380,2024-06-28,Search Engine,General,6248,46860,609,20,Paused
30381,2023-07-07,Email,  Gen Z,7145,781414,10158,20,Completed
30382,2024-12-23,email,General,,230498,2765,259,Active
30383,2023-05-16,Email,B2B ,3709,564687,6776,508,Completed
30384,2023-05-15,email,  Gen Z,11424,172984,7957,222,Completed
30385,2023-04-13, social media ,B2B ,13368,19018,912,15,Paused
30386,2024-05-11,Affiliate,General,11393,711844,23490,1973,Active
30387,2023-05-13,Affiliate,General,4427,952784,46686,140,Active
30388,2024-10-04,Search Engine,  Gen Z,8227,894571,9840,767,Completed
30389,2023-08-14,Affiliate,B2B,3742,251984,3527,225,Completed
30390,2023-12-08,Email,Gen Z,4069,737054,3685,66,Paused
30391,2024-08-05,email,Millennials,11518,530907,20174,1392,Active
30392,09/27/2024,email,Gen Z,12865,438822,16675,1367,Paused
30393,2024-04-06,Email,General,7203,502631,11560,890,Paused
30394,2023-11-14,Social Media,General,14584,858611,30051,2704,Active
30395,02/10/2024,Email,Gen Z,2602,686441,21279,893,Paused
30396,2024-07-10,Affiliate,  Gen Z,2692,593697,9499,265,Paused
30397,2023-01-22,Social Media,Gen Z,5026,677139,30471,426,Paused
30398,2024-04-25,Email,Millennials,5556,954957,36288,689,Active
30399,2024-11-02,Search Engine,  Gen Z,1928,932918,8396,545,Completed
30400,2023-06-18, social media ,Gen Z,2470,607471,27336,1448,Paused
30401,2024-10-04,email,General,13562,800038,14400,777,Active
30402,2024-09-05,email,B2B ,6675,75164,3607,18,Completed
30402,2024-09-05,email,B2B ,6675,75164,3607,18,Completed
30403,2023-05-17,Email,B2B,5271,726361,7263,203,Paused
30404,2024-09-23,Social Media,  Gen Z,8873,362491,6524,241,Paused
30405,2023-02-21,Social Media,Gen Z,6351,626008,26292,1472,Paused
30406,2024-09-29,Affiliate,Millennials,6577,150950,4528,185,Active
30407,2023-05-01, social media ,General,8138,365048,11681,876,Paused
30408,2023-01-20,Search Engine,B2B,4888,919416,24824,1092,Active
30409,2024-03-25,Social Media,B2B,6455,117871,1296,102,Completed
30410,2024-02-04,Search Engine,Millennials,11970,226257,5882,558,Completed
30411,2023-05-27,Search Engine,  Gen Z,1033,891347,30305,2727,Paused
30412,2024-12-02,Email,B2B,3097,79885,2156,127,Paused
30413,2024-10-16,Search Engine,Gen Z,1206,644001,11592,1101,Active
30414,2024-08-11,Search Engine,Gen Z,6886,172898,2766,41,Active
30415,03/10/2023,Social Media,B2B ,5260,233095,5361,246,Active
30416,11/29/2023,Email,B2B ,14280,434890,2174,132,Paused
30417,2023-12-17,Search Engine,Millennials,764,821173,15602,514,Paused
30418,2023-09-19,Search Engine,  Gen Z,3686,545918,3821,206,Paused
30419,2024-04-11,Social Media,B2B ,10268,276174,11599,162,Paused
30420,2024-07-03, social media ,General,1534,675946,20954,272,Completed
30421,2024-06-20,Affiliate,General,14594,303477,7586,409,Active
30422,2023-04-04,Affiliate,Gen Z,3784,523350,3663,183,Paused
30423,2023-11-29,Affiliate,Millennials,10208,465871,10249,963,Paused
30424,2024-12-05,Email,Gen Z,1639,597007,17313,1159,Completed
30425,2023-02-14,email,  Gen Z,14603,795739,6365,44,Active
30426,2023-11-13, social media ,  Gen Z,,242715,1213,18,Active
30427,2024-02-21,Affiliate,General,1663,197815,5143,493,Completed
30428,2024-04-16,Search Engine,Millennials,10752,610054,18911,1645,Paused
30429,2024-04-14,Search Engine,B2B,2005,590676,10632,712,Completed
30430,2024-10-12,Search Engine,Millennials,5469,993299,43705,2578,Active
30431,2023-01-05, social media ,B2B ,7013,154902,3407,187,Active
30432,2023-08-13,Social Media,B2B,9321,584608,25722,1697,Active
30433,12/16/2024,Email,Gen Z,5958,833706,26678,2614,Completed
30434,2024-12-29,Affiliate,B2B ,5233,294324,3237,87,Active
30435,2023-05-10,Social Media,Millennials,14234,303627,5465,388,Completed
30436,2023-08-11, social media ,B2B,6037,406417,12192,1146,Active
30437,2023-10-03,Affiliate,B2B ,13558,426128,13209,673,Completed
30438,2024-03-02, social media ,Gen Z,2744,669636,12053,819,Active
30439,2023-09-22,Social Media,  Gen Z,13464,370649,14084,985,Active
30440,2023-08-27,email,General,3357,927135,40793,489,Active
30441,07/23/2024,email,General,6024,605676,27255,1717,Paused
30442,2023-03-28,Email,B2B ,14095,645721,9685,726,Active
30443,2023-12-11,Affiliate,Gen Z,8114,407157,8957,716,Active
30444,2023-12-06,Social Media,Gen Z,4307,600215,6602,528,Paused
30445,04/03/2024,Social Media,Millennials,7504,455823,6837,594,Paused
30446,2023-12-22,Email,  Gen Z,4964,10022,270,6,Completed
30447,2023-01-17,email,B2B ,13219,252479,8331,499,Active
30448,2024-11-29,Affiliate,  Gen Z,4494,82948,3815,213,Active
30449,2024-03-20,Email,B2B ,4344,359678,3956,118,Paused
30450,12/11/2024,email,Millennials,11822,244463,11978,287,Completed
30451,2024-08-01,Email,B2B,6098,882626,21183,677,Active
30452,2023-09-07,Social Media,Millennials,3444,164074,2789,125,Completed
30453,2023-06-27,Affiliate,Gen Z,14618,627179,22578,1264,Completed
30454,2024-12-24,email,Millennials,12867,391877,6661,579,Active
30455,2023-12-18,Social Media,Millennials,8294,295578,12414,1179,Paused
30456,2023-11-22,Affiliate,  Gen Z,4915,548256,22478,1393,Completed
30457,2023-12-15,email,B2B,901,457901,20605,370,Active
30458,2024-07-18,email,  Gen Z,10284,382450,8796,624,Completed
30459,2023-08-18,Affiliate,General,504,398021,14726,103,Paused
30460,2024-10-26,Email,B2B,2789,201127,4424,26,Active
30461,2023-04-05,Social Media,  Gen Z,5730,746037,17904,393,Completed
30462,2024-12-19,Social Media,  Gen Z,6831,63226,1707,76,Active
30463,2024-12-22, social media ,General,3788,165115,2311,76,Completed
30464,2024-05-31,email,B2B,,82195,4027,257,Active
30465,2023-08-09,Social Media,Millennials,4706,106990,2139,117,Completed
30466,2023-06-11,Affiliate,Millennials,12726,110139,1872,185,Paused
30467,2024-05-19,Affiliate,  Gen Z,14951,25680,616,28,Paused
30468,2023-05-07,Email,B2B,13901,380101,3801,376,Paused
30469,2023-03-16,Email,B2B ,10894,980913,43160,1596,Active
30470,2024-03-11,Email,B2B ,5657,36233,688,8,Active
30471,2024-01-06,Email,  Gen Z,5653,751450,33815,2975,Paused
30472,2023-04-21,Search Engine,General,3167,822909,20572,1193,Completed
30473,2024-12-30,email,Gen Z,3272,591768,5325,356,Active
30474,2024-09-16,email,B2B,12953,814609,8960,421,Active
30475,2023-06-25, social media ,General,11594,675171,18229,1221,Completed
30476,2024-12-21, social media ,  Gen Z,3531,754918,13588,1073,Completed
30477,2024-10-24,Email,General,11766,982025,32406,1425,Paused
30478,2023-12-15,Affiliate,B2B,10261,985546,22667,408,Paused
30479,2024-03-12,Affiliate,General,13833,837573,18426,313,Paused
30480,2023-03-24,Social Media,Gen Z,1983,184378,5162,15,Active
30481,2024-07-23,Email,B2B,12360,525899,9992,379,Completed
30482,2023-10-06,Affiliate,Gen Z,2693,358131,14683,88,Paused
30483,2024-11-13,Social Media,B2B,8082,168547,2528,164,Paused
30484,2024-09-15,Affiliate,Millennials,8052,537012,23091,1939,Active
30485,2024-02-01,email,General,14290,603912,7246,166,Active
30486,03/08/2023,Social Media,Millennials,7051,398193,4778,66,Active
30487,2023-04-06,Email,General,13887,544044,9248,184,Paused
30488,2023-05-26,email,B2B,13265,491329,16213,794,Active
30489,2023-12-03,Affiliate,Gen Z,3289,754124,19607,1333,Active
30490,2024-01-02,Affiliate,Millennials,5903,549077,18119,1721,Active
30491,2024-02-04,Email,B2B,14684,222055,7771,380,Paused
30492,2023-03-13,Email,Gen Z,12415,187255,5243,382,Completed
30493,2024-03-24,Social Media,  Gen Z,10152,738175,6643,571,Paused
30493,2024-03-24,Social Media,  Gen Z,10152,738175,6643,571,Paused
30494,2024-02-24, social media ,B2B ,12752,852825,13645,13,Paused
30495,2024-07-13, social media ,B2B ,5760,684700,17117,753,Active
30496,2023-01-12,Search Engine,Millennials,2233,414846,19497,760,Completed
30497,2023-03-01,email,Millennials,,798911,27961,1342,Completed
30497,2023-03-01,email,Millennials,,798911,27961,1342,Completed
30498,2024-05-20,Social Media,Gen Z,13404,808596,18597,781,Completed
30499,2024-01-13,Affiliate,General,8053,620536,26683,160,Active
30500,2023-10-05,Affiliate,B2B ,2182,666899,22674,1723,Completed
30501,2023-01-04, social media ,Gen Z,1352,966813,10634,1031,Paused
30502,2023-09-15,Affiliate,B2B ,8992,538956,3772,237,Completed
30503,2024-02-19,Email,General,2119,995912,37844,2876,Active
30504,2023-07-30,Social Media,B2B ,5715,279294,12288,1130,Active
30505,2024-10-25, social media ,Millennials,6904,174791,1747,124,Active
30506,2023-04-01,Affiliate,B2B ,8517,643637,7080,162,Paused
30507,2023-11-15,Social Media,General,11584,337225,13489,1011,Completed
30508,2024-08-24,email,B2B ,13615,773094,23965,1557,Paused
30509,2024-08-28,Social Media,Millennials,8947,48599,728,56,Completed
30510,2024-03-05,Email,Gen Z,12706,38785,1551,144,Paused
30511,2023-10-17,Email,B2B ,13202,757705,15911,1018,Completed
30512,2024-05-27,email,B2B,8821,682903,25950,1323,Active
30513,2024-05-20,email,Millennials,12787,317081,9512,818,Paused
30514,2023-06-07,Social Media,B2B ,11569,713389,18548,779,Active
30515,2024-05-27, social media ,Millennials,6105,479510,4315,86,Completed
30516,2024-03-11,email,  Gen Z,9062,715153,5006,40,Active
30517,2023-10-20,email,B2B,12722,905825,5434,16,Paused
30518,2024-01-16, social media ,General,9831,429226,3433,260,Active
30519,2024-04-27,Affiliate,  Gen Z,13733,237143,9248,332,Active
30520,2023-08-19,Email,Millennials,14563,686021,9604,163,Completed
30521,2023-03-06,email,Millennials,1781,65319,2155,213,Paused
30522,2023-01-16,Affiliate,B2B ,14828,723392,29659,771,Active
30523,2023-11-22, social media ,Gen Z,6186,385846,8488,475,Active
30524,2024-07-02, social media ,  Gen Z,11278,398033,14727,1060,Active
30525,2023-06-21,Affiliate,General,3076,806074,20957,754,Paused
30526,2024-07-30,Email,B2B,14660,375654,6010,360,Completed
30527,2024-01-26,Email,Gen Z,2354,628470,14454,780,Paused
30528,2024-05-28,email,B2B,11941,330754,10253,82,Completed
30529,2023-04-03,Search Engine,B2B,5858,947168,18943,890,Paused
30530,2023-08-05, social media ,Millennials,2209,672019,28896,2745,Active
30531,2024-05-29,Social Media,B2B,8095,861891,39646,39,Completed
30532,2024-05-16,Social Media,B2B ,10585,510401,12760,255,Active
30533,06/20/2024,Affiliate,B2B ,9467,402261,18504,425,Completed
30534,2023-02-16,Affiliate,B2B,13931,297515,7735,417,Paused
30535,2023-04-11, social media ,Gen Z,5494,903824,18076,885,Completed
30536,06/20/2023,Social Media,  Gen Z,,474823,13769,110,Paused
30537,2024-11-15,Search Engine,Millennials,5716,910944,10931,776,Paused
30538,2023-12-01,email,  Gen Z,7088,172333,1033,89,Active
30539,2023-03-10,Affiliate,Millennials,1704,260134,1300,1,Paused
30540,2024-08-09,Social Media,  Gen Z,2171,72688,1744,55,Active
30541,2023-10-01,Social Media,  Gen Z,12138,428742,9003,54,Paused
30541,2023-10-01,Social Media,  Gen Z,12138,428742,9003,54,Paused
30542,2023-03-10, social media ,B2B ,1755,74185,3412,235,Paused
30543,2024-04-18,Search Engine,  Gen Z,8843,298598,14332,630,Active
30544,2024-05-11,email,Gen Z,3339,672591,20850,1313,Paused
30545,2024-08-07,Email,Gen Z,6636,313784,6589,263,Paused
30546,2023-02-08,Social Media,General,,496804,3974,35,Active
30547,11/25/2023, social media ,B2B ,14708,32042,512,5,Completed
30548,2023-11-11,Affiliate,General,7649,510579,17359,121,Paused
30549,2024-08-21,Social Media,Gen Z,8597,664677,5982,329,Paused
30550,2024-08-14,Search Engine,B2B,10925,748770,14975,239,Paused
30551,2023-06-09, social media ,  Gen Z,5198,983839,29515,1298,Active
30552,2023-08-16,Affiliate,General,,873108,27066,2679,Paused
30553,2023-09-26,Email,Millennials,1852,702648,31619,2244,Paused
30554,2024-10-05,Affiliate,Millennials,8604,154906,1549,150,Completed
30555,2023-11-09,Social Media,B2B ,1977,746611,19411,1087,Paused
30556,2024-07-23,Search Engine,General,1722,202666,8917,472,Paused
30557,2024-03-02, social media ,Gen Z,10599,54942,1318,114,Paused
30558,2023-10-20,Affiliate,Gen Z,5061,842362,10108,232,Completed
30559,2023-08-17,Affiliate,  Gen Z,1005,727478,33463,368,Paused
30560,2024-01-05, social media ,Gen Z,1977,307810,7387,88,Paused
30561,2023-08-11,Search Engine,  Gen Z,14704,512403,3074,113,Active
30562,2023-07-18, social media ,B2B,11320,310270,11479,1090,Active
30563,2024-08-22,Email,Millennials,5049,681655,29311,2315,Completed
30564,2023-04-09, social media ,B2B ,2469,621507,14294,114,Active
30565,2023-12-15, social media ,Millennials,9446,893554,8935,357,Paused
30566,2023-07-11, social media ,General,10624,923000,18460,923,Paused
30567,2023-12-29,email,B2B ,1123,545404,4908,265,Active
30568,2023-10-19,Email,B2B,902,269733,12947,854,Paused
30569,2023-06-28,email,Gen Z,9145,826131,22305,1583,Paused
30570,2023-06-13,email,Millennials,14228,623782,19337,599,Active
30571,2023-07-31,Affiliate,Millennials,4004,954452,8590,455,Completed
30572,2023-08-11,Email,B2B ,1073,481778,8190,40,Paused
30573,2023-09-10,email,B2B,,890408,17808,124,Active
30574,2024-02-20,Email,B2B,6633,68269,1979,122,Active
30575,2023-09-05,Email,  Gen Z,3568,944301,9443,28,Active
30576,2024-10-08, social media ,Millennials,11329,933262,13065,235,Paused
30577,04/25/2023,Search Engine,Millennials,10162,657418,9203,460,Completed
30578,2023-01-01, social media ,Gen Z,12506,560234,12885,1224,Active
30579,2023-10-15,Search Engine,General,2239,991579,31730,1332,Completed
30580,01/16/2024,Search Engine,General,14011,693594,17339,1404,Paused
30581,2024-01-16,Search Engine,General,9127,131595,4474,344,Completed
30582,2023-01-08,email,  Gen Z,1627,582419,8736,777,Paused
30583,2023-08-03,Affiliate,  Gen Z,3543,889758,32921,1613,Active
30584,2023-03-11,Search Engine,Millennials,7689,754642,19620,1510,Active
30585,06/24/2024,Affiliate,B2B ,14626,561671,24713,1458,Paused
30586,2023-01-11,Search Engine,  Gen Z,,252421,9844,59,Active
30587,2023-09-20,Social Media,B2B ,11626,106495,2768,113,Completed
30588,2023-07-19,Affiliate,Millennials,8065,306233,3674,224,Paused
30589,2023-07-04,Email,Gen Z,7988,725478,10882,21,Active
30590,2023-05-14,Social Media,General,3494,920592,36823,441,Active
30591,2024-03-09,Social Media,B2B,8019,347735,8693,773,Paused
30592,2023-08-13,Email,B2B,11376,360383,13694,246,Completed
30593,2023-11-21,email,Gen Z,14455,482395,7235,593,Paused
30594,2023-03-09, social media ,  Gen Z,2797,222857,10028,551,Active
30595,2023-07-13, social media ,Millennials,11961,800765,19218,711,Active
30596,2023-05-29,email,B2B,6012,647519,31728,2094,Completed
30597,2023-11-19,Social Media,General,11818,137699,3993,111,Active
30598,2023-05-25,Affiliate,B2B,11304,411136,9867,394,Active
30599,2024-03-16,Affiliate,  Gen Z,11500,673058,10768,613,Paused
30600,2024-09-26,Affiliate,Gen Z,2826,837817,15080,1251,Completed
30601,2024-11-19,Search Engine,B2B ,725,739841,22195,488,Paused
30602,2024-03-05,Social Media,  Gen Z,12058,291406,12530,37,Paused
30603,2024-05-31, social media ,B2B ,10320,122666,3925,39,Active
30604,06/15/2023, social media ,B2B ,14447,870967,24387,2414,Active
30605,2024-04-06,email,  Gen Z,3329,635934,3179,305,Completed
30606,2023-04-25,Search Engine,Gen Z,3564,991034,24775,1511,Active
30607,2023-12-10,Social Media,Millennials,538,460474,22563,1128,Paused
30608,2024-02-28,Email,  Gen Z,11650,623369,29921,239,Paused
30609,2023-10-15,Affiliate,General,12898,749358,20982,1112,Paused
30610,2024-06-12,Affiliate,B2B ,14569,396321,11889,1141,Active
30611,2024-04-01,email,B2B ,5678,445444,18708,1197,Active
30612,2023-02-20,Search Engine,B2B ,7302,838759,13420,1301,Active
30613,2024-06-13,Affiliate,Millennials,14619,136728,4238,216,Paused
30614,2023-03-22,email,General,2140,399039,3192,220,Active
30615,2023-05-13,Affiliate,General,,13250,490,35,Active
30616,2024-06-21,Email,Millennials,1507,860494,31838,191,Completed
30617,2024-10-05,email,B2B ,13552,580588,24965,2221,Active
30618,2023-02-18, social media ,B2B ,6320,114500,3549,276,Completed
30619,2024-09-06,email,Millennials,13285,22714,340,32,Completed
30620,2023-01-27, social media ,General,7118,732184,8054,692,Paused
30621,2024-09-10,Social Media,General,5713,552238,17671,848,Completed
30622,11/08/2024,Email,  Gen Z,10994,391238,16431,1084,Paused
30623,2023-03-11, social media ,Gen Z,11915,983436,42287,2664,Completed
30624,2024-10-20,Social Media,Millennials,5958,43814,1533,55,Paused
30625,2024-02-20,Affiliate,Millennials,9501,344036,13417,40,Completed
30626,2024-10-17,Affiliate,B2B ,5543,695848,22962,1446,Active
30627,2023-08-21, social media ,B2B ,,557833,22871,2241,Completed
30628,2023-01-19,email,B2B,9231,588865,16488,1434,Completed
30629,2023-08-23,Email,General,10562,844318,41371,3020,Completed
30630,2024-10-30,Affiliate,B2B,13821,328554,4599,96,Completed
30631,2023-10-27,email,  Gen Z,14948,464029,2784,33,Paused
30632,2023-10-11,email,Millennials,845,78762,3780,374,Active
30633,2023-06-11,Search Engine,B2B ,2872,738296,9597,633,Paused
30634,2024-06-21,Affiliate,General,12953,260951,7306,504,Completed
30635,2023-02-11, social media ,B2B,9230,10130,111,2,Completed
30636,2024-07-01,email,General,2969,151764,2731,253,Completed
30637,2023-04-23,Affiliate,General,5753,586200,21689,1019,Paused
30638,2024-08-16,email,Gen Z,10471,911310,11847,616,Paused
30639,2023-10-29,Social Media,General,3592,829569,18250,711,Completed
30640,2024-07-22,Affiliate,  Gen Z,14249,541954,16258,861,Active
30641,2024-08-04,Search Engine,B2B ,1305,435593,9583,709,Active
30642,2024-03-28,email,B2B,10600,272275,11980,107,Active
30643,04/12/2023, social media ,B2B,12104,453009,15402,1463,Completed
30644,2024-04-26,Email,B2B,7575,98973,4651,455,Active
30645,2024-09-03,email,  Gen Z,7113,294918,5308,345,Active
30646,2024-03-30,Social Media,  Gen Z,8831,668172,31404,282,Active
30647,08/17/2023,Social Media,Gen Z,3614,13365,534,6,Active
30648,2024-05-11,Search Engine,General,13220,684334,14371,948,Active
30649,2023-03-08,email,Millennials,8739,160678,2892,11,Completed
30650,2024-05-26,email,B2B ,6845,530966,9557,812,Active
30651,2023-12-20,email,General,1414,362318,6159,443,Paused
30652,2023-04-22,email,Gen Z,13319,323322,10669,896,Active
30653,2023-12-17,Social Media,General,1827,138313,5809,214,Active
30654,2024-06-08,Social Media,B2B,14405,100898,4742,365,Active
30655,06/09/2024,Social Media,  Gen Z,5475,339584,16300,342,Active
30656,2023-08-04,Email,B2B,7986,489710,5386,473,Active
30657,2023-01-06,Search Engine,Gen Z,7895,695690,20175,1815,Paused
30658,2024-09-28,Social Media,B2B,3956,467584,12624,504,Active
30659,2024-01-01,Affiliate,  Gen Z,7442,131777,3294,207,Paused
30660,01/31/2023,email,General,4906,107620,1829,120,Active
30661,2023-08-31, social media ,B2B,807,956835,33489,1272,Completed
30662,2023-01-30, social media ,B2B,9185,589231,14141,650,Completed
30663,2023-12-19,Social Media,General,9161,311756,7170,86,Paused
30664,2024-04-30,Social Media,Millennials,1934,398655,10763,1022,Completed
30665,2023-11-29,Social Media,  Gen Z,13999,349629,12586,289,Completed
30666,06/02/2024,email,Millennials,6047,734852,15431,1496,Completed
30667,09/09/2023, social media ,Millennials,5976,503796,3022,290,Completed
30668,2024-10-30,Social Media,B2B,11283,748957,5242,220,Active
30669,2024-02-26,Social Media,Millennials,12083,266899,10409,614,Completed
30670,2023-08-09,Social Media,Gen Z,10756,689556,8964,179,Completed
30671,2023-02-05, social media ,Millennials,13629,444563,14670,1320,Active
30672,2023-12-08,Search Engine,Gen Z,2150,797149,31088,621,Active
30673,2023-02-08,Email,B2B,8983,570073,11971,263,Active
30674,2023-07-22,email,General,9172,871368,16555,1589,Active
30675,2023-09-13, social media ,  Gen Z,9187,830329,19097,802,Paused
30676,2023-10-03, social media ,B2B ,8612,854536,5981,316,Active
30677,2023-11-23,email,Gen Z,8190,996925,44861,3902,Active
30678,2023-12-13,Search Engine,B2B ,11220,503902,14613,1183,Paused
30679,2023-05-12,email,  Gen Z,12986,75040,1951,175,Paused
30680,2023-10-21,Affiliate,  Gen Z,7579,573204,13183,672,Completed
30681,2024-07-26,Social Media,B2B,13422,867643,26029,2550,Active
30682,2023-03-03,Social Media,Millennials,9949,760598,31945,1309,Active
30683,2024-12-02,Affiliate,Gen Z,13164,962775,47175,1934,Active
30684,2023-08-22,Email,B2B ,6591,10659,341,11,Paused
30685,2023-01-30,Affiliate,  Gen Z,4982,178596,6072,406,Paused
30686,2024-06-25,email,  Gen Z,11012,374092,11596,11,Completed
30687,2023-12-31,email,  Gen Z,12853,416534,17494,1399,Completed
30688,2024-05-21,email,General,951,86817,3559,270,Paused
30689,2024-08-01, social media ,  Gen Z,8537,810981,12164,900,Paused
30690,2024-06-30, social media ,  Gen Z,,199894,2998,248,Paused
30691,2023-07-13, social media ,  Gen Z,1449,186554,5223,104,Active
30692,2023-07-28,Email,Gen Z,13664,790241,4741,270,Active
30693,2023-07-09, social media ,B2B ,1097,54294,1737,92,Paused
30694,2023-07-05, social media ,Millennials,9587,652160,4565,104,Paused
30695,2024-09-14,email,General,5492,769989,19249,1539,Completed
30696,2023-09-15,Search Engine,Gen Z,3930,465327,12098,689,Paused
30697,2024-04-10,Search Engine,B2B,9735,238770,5252,267,Active
30698,2024-10-17,email,  Gen Z,7375,920620,39586,316,Completed
30699,2024-11-29,Social Media,Gen Z,7740,534163,16559,1241,Completed
30700,2024-01-12,Search Engine,Millennials,14893,970530,13587,570,Paused
30701,2024-08-15,Affiliate,Millennials,5641,94949,2753,198,Paused
30702,2024-12-20,Email,Millennials,9268,911500,39194,3566,Active
30703,2023-02-27, social media ,General,2903,437493,19249,1655,Active
30704,2024-05-06,Search Engine,B2B,5140,885582,23910,478,Active
30705,2024-11-14,Affiliate,  Gen Z,11228,675400,12157,692,Paused
30705,2024-11-14,Affiliate,  Gen Z,11228,675400,12157,692,Paused
30706,2023-02-18,Affiliate,B2B,11945,707287,7072,594,Paused
30707,08/17/2024,Email,  Gen Z,3824,945270,45372,1860,Active
30708,2024-06-15,Affiliate,  Gen Z,4915,553054,7742,425,Completed
30709,2024-04-22,Affiliate,B2B ,13180,411076,16854,134,Active
30710,2024-05-17,Affiliate,B2B,12207,697106,14639,878,Active
30711,2023-10-14,Email,  Gen Z,13071,72125,2163,138,Active
30712,2023-06-02,Affiliate,Millennials,6946,770499,23114,1386,Completed
30713,2024-12-21,Social Media,Millennials,13414,895617,25077,476,Active
30714,2024-05-25,Affiliate,Millennials,14037,238071,9046,452,Paused
30715,2023-05-27,Search Engine,  Gen Z,7688,594603,18432,92,Paused
30716,2024-11-20,Social Media,  Gen Z,9016,236282,8269,107,Completed
30717,2024-07-11,email,General,2244,464067,8817,749,Paused
30718,2023-08-09,email,  Gen Z,14862,688325,31662,1868,Active
30719,2024-06-24,Affiliate,Millennials,1692,946834,26511,2147,Paused
30720,2024-09-29,Affiliate,  Gen Z,12594,426368,4690,332,Completed
30721,2023-03-04, social media ,  Gen Z,9256,891219,43669,873,Active
30722,2024-10-03,Email,  Gen Z,12301,739113,16260,552,Completed
30723,2023-12-22,Email,B2B,1408,600140,16203,745,Paused
30724,2023-07-20,email,General,2155,656177,21653,1775,Active
30725,2024-04-29, social media ,General,12656,339574,7470,239,Paused
30726,2024-05-20,Email,General,4415,391950,8622,603,Completed
30727,2024-05-26,email,Gen Z,4618,621982,23013,1633,Completed
30728,2024-11-23,email,General,7900,327693,3932,23,Active
30729,2023-12-23, social media ,Gen Z,8999,427551,6413,269,Paused
30730,2024-09-21,Social Media,B2B ,12485,365840,14633,863,Paused
30731,2024-02-16, social media ,General,10345,722690,5781,306,Completed
30732,2024-10-12,Social Media,Millennials,2858,772167,14671,689,Paused
30733,2023-06-16,Social Media,B2B,12427,336415,13793,386,Paused
30734,2024-02-13,Affiliate,B2B,14034,704203,19717,690,Active
30735,2023-04-20,email,General,9261,972383,4861,136,Active
30736,01/03/2023,email,General,3389,881765,33507,2412,Paused
30737,2024-06-19, social media ,B2B ,11300,604590,19346,1837,Active
30738,2023-07-15,Social Media,General,3117,506170,21259,573,Active
30739,2023-02-15,Affiliate,General,4739,805195,26571,1567,Active
30740,2024-11-13,Email,  Gen Z,13914,523035,12029,805,Active
30741,2023-12-19,Search Engine,General,10477,649030,10384,913,Active
30742,2024-07-06,Affiliate,Gen Z,3228,634306,26006,832,Paused
30743,2024-08-01, social media ,Gen Z,5281,423318,8043,683,Paused
30744,2024-04-23, social media ,B2B,10502,94873,4648,162,Paused
30745,2024-11-18,email,Millennials,11681,363143,14525,1249,Completed
30746,2023-07-28,Email,B2B ,8645,342200,14372,804,Paused
30747,2023-01-03, social media ,B2B,12099,355219,13143,420,Active
30748,2024-01-27,Search Engine,Millennials,789,526753,25284,202,Completed
30749,2024-06-25, social media ,  Gen Z,13354,701027,23834,1239,Completed
30750,2024-01-03,email,General,6184,886169,21268,297,Paused
30751,2024-01-22,Affiliate,B2B,4839,798818,14378,862,Active
30752,2023-04-27,Search Engine,General,12430,632240,3793,250,Paused
30753,2024-04-15,email,Millennials,7516,432122,3456,221,Paused
30754,2024-12-10,Email,B2B,6293,336935,14488,304,Active
30755,2024-07-07,email,Millennials,12536,306820,12579,150,Completed
30756,2024-04-25,Search Engine,General,1008,653579,28757,1495,Paused
30757,2024-10-20,Email,Gen Z,6903,215510,7758,620,Paused
30758,2023-02-03,Affiliate,B2B,3975,162039,6481,544,Paused
30759,2024-08-27,Affiliate,Gen Z,11368,451927,6326,208,Completed
30760,2024-02-20, social media ,  Gen Z,10120,123018,3813,160,Active
30761,2023-02-24, social media ,Gen Z,9850,340126,12584,931,Completed
30762,2024-02-19,Social Media,General,5498,823476,13175,777,Active
30763,2023-03-12,Social Media,B2B ,5359,329150,11191,279,Active
30764,2023-03-15,email,B2B,9439,804220,35385,2123,Active
30765,2024-08-21,Email,  Gen Z,2174,681286,26570,478,Paused
30766,2023-07-10, social media ,Gen Z,14654,683496,15720,125,Paused
30767,2023-09-15, social media ,General,14693,89839,2245,159,Paused
30768,2024-11-30,Search Engine,Millennials,7410,837510,41037,1928,Completed
30769,2023-12-01,Search Engine,General,8943,498327,6478,129,Completed
30770,2023-03-06,Search Engine,Gen Z,7101,859880,30955,2259,Completed
30771,2023-12-15,Affiliate,B2B ,10722,151178,4535,40,Active
30772,2024-05-01,email,B2B,5722,322619,15163,788,Active
30773,2023-10-10, social media ,Gen Z,6951,334932,3349,257,Active
30774,2023-08-09,Affiliate,Gen Z,12047,664280,4649,288,Completed
30775,2023-05-27,Email,Gen Z,1204,624959,13124,1023,Active
30776,2024-04-19,Affiliate,Gen Z,9313,69574,1043,100,Active
30777,2024-08-02,Email,B2B ,5209,263375,4740,218,Paused
30778,2024-10-30,email,B2B ,,188906,5100,204,Active
30779,2023-11-15,Search Engine,General,11533,280706,13754,536,Completed
30780,11/05/2023,email,B2B ,3679,188487,1884,92,Completed
30781,2024-05-18,Affiliate,Gen Z,13839,36040,252,11,Completed
30782,06/09/2023,Affiliate,General,12070,805904,4029,189,Active
30783,2024-07-12,email,B2B ,7845,364449,6924,193,Completed
30784,2023-06-20,email,  Gen Z,9837,176105,8453,278,Paused
30785,2024-12-14,email,Millennials,,505304,9600,451,Paused
30786,2024-04-08,Search Engine,Millennials,3099,219574,7904,102,Paused
30787,2023-12-17,Email,General,,279226,12006,600,Completed
30788,2024-01-28,Social Media,B2B ,4689,339995,14279,1370,Paused
30789,2023-08-15,Search Engine,B2B ,6407,573020,22347,1385,Active
30790,2023-09-30,Social Media,B2B ,1286,469619,3287,203,Completed
30791,2023-01-24, social media ,Millennials,5710,85223,1789,53,Completed
30792,2023-03-21,email,Millennials,3308,920039,15640,1157,Paused
30793,2024-11-28, social media ,B2B ,7576,221429,4650,423,Completed
30794,2023-09-08,Search Engine,Gen Z,3862,265951,9308,232,Active
30795,2023-04-11,Affiliate,  Gen Z,11181,837247,8372,284,Active
30796,2024-07-02,Affiliate,B2B,10171,994547,11934,1121,Completed
30797,2024-03-19,Email,Gen Z,3241,926624,4633,32,Active
30798,2023-02-13,Email,Gen Z,9176,294619,8249,651,Paused
30799,2024-06-03,Social Media,B2B,11776,442062,15472,154,Active
30800,2024-04-19,Affiliate,B2B,9996,444435,6222,199,Active
30801,2023-12-26,Affiliate,  Gen Z,9474,653149,28738,1206,Completed
30802,2023-06-20, social media ,  Gen Z,11937,603524,18709,710,Completed
30803,2024-11-13,email,General,2617,555000,4440,261,Active
30804,2023-05-01,Social Media,B2B ,12301,220577,1323,30,Paused
30805,2024-02-16,Social Media,B2B ,10550,821509,26288,1919,Completed
30806,2023-08-18,Search Engine,Gen Z,1591,960106,18242,601,Paused
30806,2023-08-18,Search Engine,Gen Z,1591,960106,18242,601,Paused
30807,2024-11-06,Email,  Gen Z,919,893168,18756,637,Completed
30808,2024-08-02,Email,B2B,6430,606318,10307,1010,Paused
30809,2024-03-19,email,B2B,10902,143652,1149,103,Paused
30810,2024-02-12, social media ,Millennials,12024,24330,875,31,Paused
30811,2024-08-09,Affiliate,General,9316,963264,35640,213,Paused
30812,2023-08-13,Affiliate,  Gen Z,9124,267326,4009,104,Completed
30813,2023-02-05,Social Media,General,2795,686273,10980,307,Completed
30814,2024-08-15,Affiliate,  Gen Z,,471609,4716,94,Active
30815,2024-10-17,Social Media,B2B ,12649,927415,23185,301,Active
30816,2024-04-05,Email,General,14339,763247,4579,366,Active
30817,2023-01-29,Email,B2B,11157,243446,9494,142,Paused
30818,2024-06-03,email,B2B,7462,365079,6936,575,Completed
30819,2024-09-25,Search Engine,B2B,7675,956316,19126,306,Paused
30820,2023-06-11,Search Engine,Millennials,7661,938550,13139,473,Completed
30821,2024-06-23,Social Media,B2B ,,402737,14095,676,Active
30822,2024-09-20,email,Gen Z,4212,174453,7152,565,Paused
30823,2024-01-06, social media ,Millennials,4326,771518,16973,1035,Paused
30824,2024-03-02, social media ,B2B,11347,926398,44467,2178,Completed
30825,2023-10-19,Email,Millennials,7493,449579,3147,169,Active
30826,2023-08-22,Social Media,Gen Z,4512,531173,23902,239,Completed
30827,2024-03-30,Search Engine,Millennials,13012,559651,25184,2115,Active
30828,2024-03-19,Email,  Gen Z,933,441462,20748,1182,Completed
30829,2024-08-06, social media ,B2B,11253,167741,4025,233,Completed
30830,2023-03-01,email,  Gen Z,3904,701207,18932,1230,Active
30831,2024-10-15,Email,General,6768,147062,3823,57,Active
30832,2024-01-22, social media ,General,,228823,8466,347,Paused
30833,2023-10-15,email,  Gen Z,1040,965686,15450,123,Active
30834,2023-01-19,Search Engine,Gen Z,3677,428691,7716,92,Completed
30835,2024-06-14,Email,Millennials,10524,697022,11849,1078,Completed
30836,2023-09-30, social media ,B2B ,8248,985417,26606,2394,Active
30837,2024-06-25,Search Engine,Millennials,6813,325994,5867,70,Active
30838,2023-08-06, social media ,General,13046,976107,28307,2264,Paused
30839,2024-05-11,Search Engine,Millennials,8426,726577,13078,797,Completed
30840,2024-05-17, social media ,  Gen Z,6283,909763,42758,2608,Completed
30841,2024-03-18,email,  Gen Z,14876,528231,14790,517,Active
30842,2024-09-12,Social Media,Gen Z,2419,952219,29518,2390,Completed
30843,2023-06-28,Email,B2B ,14829,427612,14111,1199,Completed
30844,2024-04-17,Email,B2B,9476,891099,35643,320,Paused
30845,2023-02-03,email,B2B ,4812,673705,33011,99,Completed
30846,2024-05-21, social media ,General,3946,465908,4193,293,Paused
30847,2024-06-23,Affiliate,B2B ,10719,580039,20881,62,Paused
30848,2023-11-09,email,  Gen Z,4175,10183,488,41,Completed
30849,2023-08-22,email,B2B ,1548,54003,1026,99,Completed
30850,2023-05-21,Affiliate,Gen Z,9567,60542,1453,47,Completed
30851,2023-07-31,Affiliate,B2B ,6104,697995,6281,458,Paused
30852,2024-03-09, social media ,B2B ,14613,443173,15067,1054,Paused
30853,2024-12-25,Social Media,Millennials,2158,290481,13362,574,Paused
30854,2024-03-22, social media ,Millennials,6192,457886,15110,1314,Active
30855,2023-03-14, social media ,B2B,13061,508976,24939,1695,Active
30856,2024-05-15,Affiliate,General,3391,559181,22926,1857,Active
30857,2023-10-12,Search Engine,  Gen Z,12178,688967,8956,71,Completed
30858,2023-03-03,email,B2B,10917,544409,12521,550,Completed
30859,2024-02-04, social media ,General,12168,975002,7800,39,Active
30860,2023-11-13,Email,Millennials,14010,356089,6409,314,Active
30861,04/22/2023, social media ,B2B ,11480,288003,4896,190,Paused
30862,2023-10-31,Search Engine,Millennials,4277,142151,2132,2,Completed
30863,2023-07-17,Social Media,Gen Z,7786,605698,4845,72,Active
30864,2023-07-05, social media ,B2B ,2353,223380,8935,679,Completed
30865,2024-01-10, social media ,  Gen Z,11023,999862,11998,323,Active
30866,2024-10-05,Email,General,11420,939295,32875,1084,Paused
30867,2024-03-11,Affiliate,B2B,7707,345033,1725,37,Completed
30868,2023-03-23, social media ,Millennials,9047,924899,7399,717,Completed
30869,2024-05-12,email,B2B,8771,959235,41247,371,Paused
30870,2024-09-12,Search Engine,B2B,3916,780200,32768,851,Completed
30871,2023-12-15,Email,B2B ,6694,329061,12833,333,Paused
30872,2024-11-04, social media ,General,2046,303500,2124,76,Completed
30873,12/02/2023,email,Gen Z,4206,746170,13431,201,Completed
30874,2023-02-17,Email,  Gen Z,11476,298661,8362,275,Active
30875,2023-05-14,Email,General,10940,135255,3787,79,Paused
30876,2024-03-28,Email,  Gen Z,4467,942076,4710,452,Paused
30877,2023-05-11,Email,Millennials,3307,684874,26710,2216,Paused
30878,2023-09-07,Social Media,B2B ,10046,673043,8076,492,Paused
30879,2023-08-18,Search Engine,B2B,13671,881130,27315,874,Active
30880,2023-07-03,Affiliate,Millennials,8457,239767,10309,463,Completed
30881,2023-02-09,Affiliate,B2B ,7295,287938,5758,460,Completed
30882,2023-01-04,Affiliate,  Gen Z,10827,347136,15273,366,Active
30883,2024-03-20,Email,Millennials,6783,791582,36412,2767,Active
30884,2023-03-16,Email,  Gen Z,2924,135395,2437,236,Paused
30885,2024-09-11,Social Media,General,8495,253549,6845,397,Paused
30886,2024-08-17,email,Millennials,4167,177075,5135,441,Active
30887,2024-02-20,email,General,12088,473377,17988,1672,Active
30888,2024-04-16, social media ,Gen Z,12628,625235,21883,568,Paused
30889,2023-03-22,Social Media,  Gen Z,12905,808641,8895,373,Paused
30890,2024-01-14, social media ,General,13542,432876,2597,212,Paused
30891,2023-03-16,Search Engine,General,3131,612140,28158,535,Completed
30892,2024-04-03,Social Media,General,12717,850023,39951,3156,Completed
30893,2024-05-18,Affiliate,Millennials,3079,260133,4162,91,Completed
30894,2023-09-24,Affiliate,B2B ,4856,329969,9239,452,Paused
30895,2024-05-16,Affiliate,General,5913,469226,6099,536,Completed
30896,2023-02-04,email,  Gen Z,13717,947725,33170,3051,Paused
30897,2023-07-01,Search Engine,  Gen Z,1635,416356,13323,346,Paused
30898,2023-12-21,Search Engine,B2B ,8944,729209,29168,58,Completed
30899,2023-11-22, social media ,B2B ,6265,27435,850,68,Paused
30900,2024-01-20, social media ,Millennials,6297,803050,32122,867,Paused
30901,2023-12-10,Email,B2B ,3549,662921,31157,405,Paused
30902,2024-04-10,Affiliate,Millennials,4287,885100,28323,1925,Paused
30903,08/21/2024,email,Gen Z,4506,285801,14004,336,Paused
30904,2024-09-23,Search Engine,B2B,10218,301460,13867,1178,Paused
30905,2023-04-21,Search Engine,B2B ,1892,540486,24321,1605,Completed
30906,2023-11-22,Email,B2B ,3543,773970,27088,379,Active
30907,2024-01-24,Search Engine,Gen Z,12586,572039,10296,772,Completed
30908,2024-05-07,Email,B2B ,8242,100975,2524,85,Completed
30909,2024-08-17, social media ,Gen Z,13410,849027,9339,168,Active
30910,2023-08-06, social media ,B2B,1431,941455,17887,643,Active
30911,2024-09-10,Email,B2B,7576,980114,30383,2035,Completed
30912,2023-07-06,Email,B2B,11574,466761,11669,700,Paused
30913,2024-08-17,Search Engine,Gen Z,1951,741342,20757,20,Paused
30914,2023-11-16, social media ,General,7281,935223,11222,673,Paused
30915,2023-08-11,email,  Gen Z,11030,243899,10731,955,Paused
30916,2024-01-29,email,Gen Z,7566,259837,10913,174,Completed
30917,2023-02-08,Affiliate,General,2986,844608,23649,1016,Completed
30918,2024-10-19,Email,Gen Z,,157798,2682,37,Paused
30919,2024-02-11, social media ,B2B ,5494,130516,6003,450,Paused
30920,2024-08-19, social media ,B2B,3086,999371,5996,221,Active
30921,2024-09-07,Affiliate,General,7237,258537,9307,809,Completed
30922,2023-08-25,Social Media,  Gen Z,7383,714901,16442,838,Active
30923,2024-11-10, social media ,B2B,11655,734015,12478,137,Active
30924,2024-02-21,Affiliate,Gen Z,10913,479948,16798,100,Paused
30925,2024-11-17,email,Millennials,5296,115867,2201,211,Paused
30926,2024-03-16,Social Media,  Gen Z,2166,433849,20824,1249,Completed
30927,2024-04-15,Affiliate,B2B,6245,55186,2538,210,Active
30928,2024-07-15,Search Engine,B2B,7567,790182,9482,749,Active
30929,2024-06-14,Search Engine,  Gen Z,12662,601029,9015,90,Completed
30930,2023-08-12, social media ,B2B ,14922,933348,15866,63,Completed
30931,2024-11-16,Affiliate,General,10497,936641,11239,472,Completed
30932,2024-01-04,Affiliate,Gen Z,7400,499263,9485,559,Completed
30933,2023-08-11,Affiliate,B2B ,11234,248614,3729,193,Active
30934,12/05/2024, social media ,Millennials,4570,214657,3863,355,Paused
30935,2024-11-25,Search Engine,Millennials,13729,601251,23448,1641,Active
30936,2023-07-06,Email,Gen Z,642,444141,20874,375,Paused
30937,2023-02-22,Affiliate,Millennials,3310,635910,6359,184,Active
30938,2024-06-29,Search Engine,B2B,8499,178191,6058,454,Paused
30939,2023-05-19,Affiliate,  Gen Z,4301,561188,24692,2419,Paused
30940,2024-09-04, social media ,B2B ,9127,547095,6018,349,Completed
30941,2023-04-04,Social Media,B2B ,9549,854921,33341,1800,Paused
30942,2024-06-30, social media ,B2B ,5380,782286,23468,985,Active
30943,2024-02-22,Social Media,General,13330,299676,2697,161,Completed
30944,2023-12-17,Social Media,B2B ,7841,463902,2319,53,Completed
30945,2023-07-14,Affiliate,  Gen Z,12950,752492,15802,15,Paused
30946,2023-10-03, social media ,B2B ,1156,864771,22484,966,Active
30947,2023-07-01,Social Media,General,9805,556510,5008,205,Completed
30948,2023-01-21,Affiliate,Gen Z,14395,754402,15088,377,Completed
30949,2024-09-11,Search Engine,  Gen Z,12215,252646,2779,208,Paused
30950,2024-04-25, social media ,  Gen Z,4368,469130,19234,1711,Completed
30951,2023-12-09,Affiliate,Gen Z,14653,734664,27182,244,Completed
30952,2023-04-19, social media ,Millennials,10440,375559,16149,419,Active
30953,2024-01-10,Email,B2B,2219,854435,37595,1616,Active
30954,2023-02-23,Email,B2B,10812,990120,22772,91,Active
30955,2023-01-03, social media ,Gen Z,14344,985678,23656,94,Completed
30956,2024-12-08,Social Media,B2B ,9186,868710,38223,764,Paused
30957,2023-01-30,Social Media,  Gen Z,5014,170954,7521,631,Active
30958,2024-07-23,Email,General,1808,643140,28941,2865,Active
30959,2023-10-22,Social Media,Millennials,625,854994,24794,421,Active
30960,10/24/2023, social media ,Gen Z,1753,226341,3847,61,Completed
30961,2024-08-03,Affiliate,B2B,14201,958020,14370,416,Paused
30962,2024-05-01,Search Engine,B2B ,798,559417,2797,81,Completed
30963,2023-10-19,Search Engine,B2B ,1475,740045,25901,1838,Completed
30964,08/12/2024,Affiliate,B2B ,9797,809231,25086,2332,Completed
30965,2024-08-29,Email,  Gen Z,5403,465569,17226,241,Paused
30966,2024-07-05,Affiliate,Gen Z,2205,142930,3859,231,Paused
30967,2023-05-17,Social Media,Millennials,5121,893366,12507,862,Completed
30968,2023-10-03,email,B2B,3578,857322,12859,1260,Completed
30969,2023-03-31,Email,Millennials,9057,830075,20751,933,Active
30970,2023-03-31,Affiliate,B2B ,2913,349621,14684,1350,Completed
30971,2024-02-14,Search Engine,Gen Z,9548,652645,21537,818,Paused
30972,2023-08-18,email,B2B ,2199,353727,7781,186,Paused
30973,2023-01-04, social media ,  Gen Z,7505,300153,13206,211,Completed
30974,2023-10-28,Affiliate,  Gen Z,7793,71109,2915,236,Completed
30975,2023-04-14,Social Media,  Gen Z,6684,817938,21266,1148,Completed
30976,2024-03-17,Social Media,Millennials,11794,337162,6743,337,Paused
30977,2023-09-15,Social Media,Gen Z,,431854,8205,352,Completed
30978,2023-08-01,email,B2B ,9101,849011,5943,398,Active
30979,2023-06-15,email,  Gen Z,3614,780460,20291,953,Paused
30980,2024-12-08,email,B2B ,5593,794253,5559,116,Active
30981,2024-01-05,Social Media,B2B,786,443956,11986,527,Completed
30982,2023-02-17,email,Millennials,4960,291105,8442,793,Active
30983,03/02/2023,Email,B2B ,12335,564879,9602,585,Active
30984,2024-07-05,Email,B2B ,13188,97057,582,56,Completed
30985,2023-02-20,Social Media,B2B ,3083,983211,38345,2530,Active
30986,2024-07-12,Social Media,  Gen Z,3331,898516,41331,702,Active
30987,2023-01-20,Email,B2B ,8780,169910,4247,382,Active
30988,2024-05-29,Social Media,B2B ,940,585301,10535,884,Paused
30989,2024-01-20,Social Media,General,14798,221734,2439,12,Completed
30990,2023-06-16,email,B2B,6825,58470,1871,39,Paused
30991,2024-11-21,Social Media,  Gen Z,6022,539433,10788,938,Paused
30992,2023-07-30,Affiliate,B2B ,13917,242044,3630,275,Active
30993,2024-02-02,Affiliate,  Gen Z,9477,181079,2716,62,Active
30994,2024-02-14,Email,General,2177,376489,12047,831,Completed
30995,2024-07-25,Search Engine,  Gen Z,11185,109972,2419,232,Paused
30996,2024-10-09,Email,Millennials,6409,612218,7958,501,Active
30997,2024-11-22,Affiliate,B2B,6526,691234,30414,486,Paused
30998,2024-07-11,Email,B2B ,11093,692917,7622,640,Active
30999,08/15/2024,Search Engine,Gen Z,12942,154217,771,39,Active
31000,2024-01-18,Social Media,Millennials,6246,276025,9936,89,Paused
31001,2024-06-07,Email,B2B ,9675,424583,11463,561,Active
31002,2023-06-23,Affiliate,Gen Z,5074,553879,20493,327,Active
31003,2023-04-10,Search Engine,General,7145,626231,27554,440,Active
31004,2024-03-04,email,General,1895,655213,20311,60,Completed
31005,2023-12-23,email,B2B ,4491,301575,3317,119,Active
31006,2024-08-08,Social Media,B2B,,629283,27688,1716,Active
31007,2023-01-07,Search Engine,Millennials,10368,52972,423,24,Completed
31008,2024-08-16,Email,B2B ,11857,871885,26156,52,Completed
31009,2023-09-28,Affiliate,General,10067,619910,29755,476,Active
31010,2024-03-05,Social Media,B2B,14986,422401,3801,110,Completed
31011,2024-04-21,Social Media,Gen Z,2860,116497,5708,28,Active
31012,2023-03-19, social media ,B2B ,1805,516873,12921,788,Completed
31012,2023-03-19, social media ,B2B ,1805,516873,12921,788,Completed
31013,2024-04-09,Email,General,6345,801324,9615,874,Paused
31014,2023-04-12,Search Engine,B2B,9435,370019,15910,270,Active
31015,2023-12-04,email,General,5271,206465,6400,524,Active
31016,2024-04-18, social media ,General,7959,592807,7706,678,Active
31017,2024-12-01,email,B2B,9366,151912,1367,103,Paused
31018,2024-03-07,Affiliate,B2B ,12364,819882,39354,1298,Paused
31018,2024-03-07,Affiliate,B2B ,12364,819882,39354,1298,Paused
31019,2024-06-17,Email,B2B ,1100,519222,8307,797,Active
31020,2024-08-26, social media ,General,12667,600604,14414,1037,Paused
31021,2024-06-27,email,  Gen Z,,404886,8907,819,Completed
31022,2024-11-27, social media ,Gen Z,13571,296248,9183,468,Completed
31023,2024-07-07, social media ,Gen Z,3140,453832,9530,848,Completed
31024,2024-12-19,Search Engine,B2B ,2207,488461,21003,1239,Active
31025,2024-09-17,Search Engine,  Gen Z,11226,45748,503,7,Completed
31026,2023-02-11, social media ,Gen Z,9195,57702,2654,148,Completed
31027,2023-08-24,Search Engine,  Gen Z,1645,161230,1451,92,Active
31028,2024-08-09,email,  Gen Z,4804,980218,18624,1378,Completed
31029,2024-11-12, social media ,  Gen Z,14822,637999,26157,1726,Completed
31030,2024-08-25, social media ,General,12575,597503,2987,14,Active
31031,2024-04-30,Affiliate,Millennials,10898,442897,20816,478,Active
31032,2024-02-13,email,Gen Z,1801,619909,15497,1286,Paused
31033,2024-09-03,Search Engine,Gen Z,10777,594786,22601,1672,Completed
31034,2024-12-24,Social Media,B2B,11349,91454,1920,134,Paused
31035,03/07/2024,Search Engine,B2B ,10334,147161,3237,187,Paused
31036,2023-01-08,Search Engine,  Gen Z,9361,662585,13914,681,Paused
31037,2023-01-15,Search Engine,Gen Z,11174,798579,17568,808,Completed
31038,2023-03-30,Search Engine,  Gen Z,805,298229,9245,323,Active
31039,2024-01-02,Search Engine,Gen Z,12378,246601,9124,319,Active
31040,2023-03-18, social media ,General,9778,437562,13564,271,Completed
31041,2024-09-24,Email,General,11458,563739,4509,401,Active
31042,09/27/2024,Email,B2B ,9872,592297,6515,482,Paused
31043,2024-10-31,Search Engine,Gen Z,7774,730459,8765,666,Completed
31044,2024-07-07,Affiliate,General,3127,422593,5071,141,Active
31045,2024-07-30, social media ,Gen Z,13827,549007,26901,161,Active
31046,2024-06-23, social media ,B2B,9436,108413,2168,158,Paused
31047,2024-04-22,Affiliate,Gen Z,1069,144221,5336,309,Active
31047,2024-04-22,Affiliate,Gen Z,1069,144221,5336,309,Active
31048,2024-09-29,Social Media,B2B,6722,812603,26003,1976,Completed
31049,2023-10-29,email,B2B ,12600,105262,736,68,Paused
31050,2023-11-23,Email,B2B,12653,839830,36112,1191,Paused
31051,2024-06-20,email,Millennials,2815,563016,15764,173,Paused
31052,2024-04-05,Email,Millennials,3965,306310,10108,535,Active
31053,2023-06-12, social media ,Gen Z,14246,933653,37346,3361,Paused
31054,2023-05-20,email,  Gen Z,9921,212764,5744,235,Active
31055,2023-01-18,Affiliate,Gen Z,9729,966803,29004,2001,Active
31056,2023-03-30,Email,B2B,2100,857405,26579,877,Completed
31057,2023-06-08,Social Media,Millennials,5714,626507,15036,45,Completed
31058,2023-05-26,email,General,14166,301318,12354,420,Completed
31059,2023-04-22,Search Engine,B2B,2694,268790,8870,718,Completed
31060,2023-05-20,email,  Gen Z,6683,747015,35109,947,Active
31061,2024-07-31,Social Media,General,,791974,14255,727,Paused
31062,2024-10-10,email,  Gen Z,14458,66013,792,30,Completed
31063,2024-10-21,Search Engine,General,959,25019,200,8,Paused
31064,2024-10-13,email,Millennials,7668,267902,11519,587,Paused
31065,2023-07-05,Email,Gen Z,8360,677052,29790,327,Completed
31066,2023-10-30,email,B2B,14649,158706,2698,118,Completed
31067,2024-03-26,Email,Gen Z,9677,105751,4758,252,Paused
31068,2024-12-27,Email,Millennials,14368,701753,15438,787,Paused
31069,2024-03-14,Search Engine,B2B,1244,298382,10741,236,Active
31070,2024-11-18, social media ,B2B ,8002,106539,4261,89,Active
31071,2023-12-18,email,  Gen Z,,62109,1925,9,Paused
31072,01/15/2023,Search Engine,B2B ,2621,121531,3888,318,Active
31073,03/01/2023,Email,General,4103,25087,451,32,Active
31074,2024-07-15, social media ,General,1701,285753,9715,612,Completed
31075,2023-04-18, social media ,B2B,11946,576841,20189,1191,Active
31076,2024-02-07,email,General,2705,477746,14332,1060,Completed
31077,2024-02-19, social media ,  Gen Z,8222,830256,16605,298,Paused
31078,2024-04-21,Search Engine,  Gen Z,12879,483257,17880,89,Completed
31079,05/13/2023,Search Engine,B2B ,7265,519145,6748,40,Active
31080,2024-05-04,Email,General,,139160,5983,155,Active
31081,2024-02-29,email,B2B,4936,684936,6164,12,Completed
31082,2023-11-12, social media ,B2B ,11568,699562,28682,2839,Paused
31083,2024-12-20, social media ,B2B,3384,478698,14839,296,Paused
31084,2023-05-31,Email,B2B ,1954,607747,16409,1575,Active
31085,2024-11-02,Email,  Gen Z,1041,163424,1797,79,Active
31086,2024-08-30, social media ,General,13624,685309,22615,949,Paused
31087,2023-11-15,Search Engine,B2B,14389,871804,12205,610,Paused
31088,2023-01-26,Affiliate,Gen Z,4295,239825,5755,28,Active
31089,2024-07-28,Affiliate,Gen Z,7011,893322,36626,1245,Completed
31090,2024-04-12,Affiliate,General,10584,287025,4879,107,Paused
31091,2023-07-29,Email,Gen Z,13185,722655,15898,1542,Paused
31092,2024-03-01, social media ,B2B ,13642,950155,18052,1245,Active
31093,2024-03-17,email,General,9226,949276,11391,865,Completed
31094,2024-12-04, social media ,General,6441,448062,4032,379,Completed
31095,2023-10-17,Email,  Gen Z,13807,855230,16249,1446,Completed
31096,2024-01-23, social media ,Gen Z,5524,458511,11004,891,Completed
31097,2023-09-27,Email,Gen Z,,904613,39802,2348,Active
31098,2024-04-17,email,Gen Z,9361,576043,10368,456,Completed
31099,2023-10-17,Affiliate,B2B ,5083,598622,19754,1007,Active
31100,2024-12-08,Search Engine,General,13429,839109,20138,40,Paused
31101,2024-03-03,Affiliate,Millennials,3954,112941,4969,248,Active
31102,2023-03-19,Affiliate,B2B,8414,212090,3605,342,Completed
31103,2023-10-17,Social Media,B2B ,14554,518410,13478,13,Completed
31104,2023-04-13,email,Millennials,1735,364197,10561,675,Paused
31105,2023-12-02,Affiliate,Gen Z,6443,145897,2188,159,Paused
31106,2024-04-13,Search Engine,Gen Z,6757,650176,13653,54,Active
31107,2023-05-26,Email,B2B,5355,745434,34289,1440,Active
31108,2023-10-31,Affiliate,Millennials,13352,11126,222,17,Active
31109,2024-05-16, social media ,  Gen Z,,99324,4469,125,Paused
31110,2024-09-17,email,B2B ,13728,527020,13702,1096,Completed
31111,2023-05-22,Email,General,3472,603198,12063,844,Paused
31112,2024-05-22, social media ,B2B ,6328,716025,30073,1593,Completed
31113,2024-05-24,Social Media,Millennials,2803,825351,33839,1049,Paused
31114,2023-10-18,Social Media,B2B,7230,711932,12814,1178,Completed
31115,2023-11-11,Social Media,  Gen Z,3917,911814,35560,3413,Paused
31116,06/02/2023,Email,B2B,14675,469433,13144,1156,Active
31117,2023-05-11,Email,General,13886,889554,8895,213,Completed
31118,2023-11-29,Email,Gen Z,3764,57499,2587,139,Paused
31119,2024-12-27,Social Media,  Gen Z,1339,491785,20654,826,Completed
31120,2023-10-06,Affiliate,General,9671,766123,33709,2797,Active
31121,2024-12-22,email,  Gen Z,12902,568973,14793,1449,Paused
31122,2023-03-31,Search Engine,General,14008,50935,1680,68,Paused
31123,2023-10-09,email,General,10906,203643,2240,147,Paused
31124,2024-02-06,Email,Gen Z,1532,494526,7912,719,Completed
31125,2024-07-02,Social Media,Millennials,1275,677743,28465,540,Completed
31126,2024-04-15, social media ,Gen Z,5466,304726,5180,440,Completed
31127,2023-08-05,Social Media,Gen Z,,59085,649,9,Paused
31128,2024-11-22,Email,B2B,7428,282091,7052,578,Paused
31128,2024-11-22,Email,B2B,7428,282091,7052,578,Paused
31129,2024-05-03,Search Engine,Millennials,14545,217750,10452,648,Active
31130,2024-05-30,Social Media,Gen Z,,659859,26394,105,Completed
31131,2023-05-19,Email,General,14112,93399,466,18,Active
31132,2023-07-31,Affiliate,  Gen Z,9845,406309,19096,343,Active
31133,2023-12-18,Email,Millennials,5363,252003,10332,41,Paused
31134,2023-11-19,email,  Gen Z,5401,414025,18217,1111,Paused
31135,2023-02-14,email,General,14698,610937,13440,120,Paused
31136,2024-07-20, social media ,Millennials,10564,778014,30342,1759,Active
31137,2024-12-01,Search Engine,  Gen Z,11955,692911,20094,602,Paused
31138,2023-05-02,Affiliate,B2B,11581,860014,11180,726,Active
31139,2023-06-26,Search Engine,Gen Z,,942328,8480,712,Active
31140,2024-07-24,Social Media,B2B,724,896653,32279,1775,Active
31141,2023-01-11,Social Media,B2B ,5258,452017,20340,772,Paused
31141,2023-01-11,Social Media,B2B ,5258,452017,20340,772,Paused
31142,2023-04-03, social media ,B2B ,9626,676707,20977,419,Paused
31143,2024-12-05,Affiliate,Millennials,6713,270177,4863,461,Completed
31144,2023-12-03,Affiliate,Gen Z,5097,247263,8406,781,Completed
31145,2024-07-20,Email,General,3913,254832,1528,146,Active
31146,2023-08-25,Search Engine,Gen Z,524,141352,4805,38,Paused
31147,2023-12-26,Social Media,Millennials,8134,985387,19707,1044,Paused
31147,2023-12-26,Social Media,Millennials,8134,985387,19707,1044,Paused
31148,2023-06-18,email,  Gen Z,11637,303435,2124,195,Completed
31149,2023-07-07,email,  Gen Z,3870,966438,27060,784,Paused
31150,2023-12-24,Search Engine,General,890,916879,5501,335,Paused
31151,2023-08-24,Social Media,Gen Z,2206,63741,1274,3,Paused
31152,2024-09-22,email,Millennials,9586,305772,6726,6,Paused
31153,2023-01-10, social media ,General,3940,857940,9437,830,Active
31154,2024-05-22,Affiliate,B2B ,1495,466002,12116,1126,Paused
31155,2024-12-04,Email,General,11282,819058,31124,684,Paused
31156,2024-11-10,Affiliate,B2B,8332,12805,345,30,Completed
31157,2024-05-29,Social Media,B2B ,,732681,33703,1819,Paused
31158,2023-10-09,Search Engine,Gen Z,9409,52859,1004,15,Completed
31159,2023-12-27,Social Media,Millennials,,200447,5211,229,Completed
31160,2024-03-06,Search Engine,General,14571,789232,3946,114,Completed
31161,04/02/2023,email,Millennials,6149,698073,17451,977,Paused
31162,2023-01-05,Social Media,General,9354,704359,26765,187,Completed
31163,12/02/2023,Affiliate,  Gen Z,507,90234,2616,36,Paused
31164,2024-06-06,Social Media,Millennials,5955,543216,21185,2076,Active
31165,2023-04-20,Affiliate,General,4931,341510,6147,344,Completed
31166,2023-01-18,email,General,7494,364058,7645,22,Paused
31167,2023-06-18,Search Engine,General,4573,71793,933,27,Completed
31168,2023-03-06,email,B2B,,732162,10250,850,Active
31169,2024-11-03,Affiliate,B2B,11881,886527,20390,1264,Active
31170,2023-09-16,Affiliate,B2B,11125,266247,4259,153,Paused
31171,2023-02-18,email,General,2357,332585,10975,899,Paused
31172,2023-08-14,Email,Gen Z,12489,906762,17228,1516,Paused
31173,2023-04-08,Email,B2B ,1224,662187,31122,1805,Completed
31174,2023-03-30,Social Media,B2B,,662397,5961,578,Active
31175,2024-04-16,Affiliate,  Gen Z,10576,968091,19361,96,Completed
31176,2023-06-16,Email,Gen Z,5608,36569,1791,157,Active
31177,2024-11-19,Affiliate,  Gen Z,5780,878540,29870,2359,Paused
31178,2024-07-14,Email,Millennials,1232,420816,20199,484,Completed
31179,2024-05-23, social media ,Gen Z,14658,487730,3414,337,Paused
31180,2024-04-30,Affiliate,B2B,10985,810691,20267,810,Completed
31181,2024-05-15,Affiliate,B2B ,1978,428556,12856,1157,Completed
31182,2023-07-07,Social Media,Millennials,5755,209094,2509,180,Paused
31183,2023-10-25,Search Engine,General,10291,539960,6479,505,Active
31184,2024-05-01,Social Media,B2B,3186,363082,11981,515,Paused
31185,2023-09-24,Email,Millennials,7489,629966,10079,231,Active
31186,2024-02-11,Email,General,6962,546431,3278,242,Completed
31186,2024-02-11,Email,General,6962,546431,3278,242,Completed
31187,2023-12-01,Search Engine,Gen Z,14085,630590,25854,232,Completed
31188,2024-08-13,Search Engine,Millennials,6282,27953,810,42,Active
31189,2023-01-26,Social Media,Gen Z,8752,906963,8162,326,Completed
31190,2023-09-13, social media ,Gen Z,6357,632650,20877,855,Active
31191,2024-11-13,Affiliate,B2B,2653,151511,757,15,Paused
31192,2024-08-22,email,Gen Z,13083,503323,22649,2219,Paused
31193,2023-05-24, social media ,General,6020,443516,19958,1756,Paused
31194,2023-09-27,Affiliate,General,3330,855649,41071,1601,Paused
31195,2023-10-15,Search Engine,Gen Z,5259,208804,2296,117,Active
31196,2023-02-27,email,General,9810,156537,4696,136,Paused
31197,2023-07-10,Affiliate,B2B,4859,523121,3661,14,Active
31198,2023-02-06,Social Media,Millennials,5389,728217,26215,1939,Active
31199,2023-07-17,Email,General,9029,191232,7840,635,Active
31200,2023-03-01,Social Media,B2B,13602,968197,30982,1394,Active
31201,2024-07-26,email,B2B,6189,486521,20920,1213,Completed
31202,2024-07-31,Email,  Gen Z,11101,188634,8299,190,Paused
31203,12/24/2023, social media ,Gen Z,13833,320562,12181,158,Completed
31204,2023-09-14,Email,B2B ,1874,850679,16162,1551,Completed
31205,2024-10-26,Search Engine,Gen Z,14643,329970,7919,459,Completed
31206,2024-07-09,email,B2B ,3892,721081,20911,1756,Completed
31207,2023-10-04,email,General,1202,242615,1213,107,Paused
31208,2024-07-15,Social Media,  Gen Z,12930,636740,14645,1010,Active
31209,2024-08-08, social media ,B2B ,5180,440502,14096,606,Completed
31209,2024-08-08, social media ,B2B ,5180,440502,14096,606,Completed
31210,2023-11-06,Affiliate,Millennials,6873,775574,10858,608,Completed
31211,2023-11-06, social media ,General,4436,931300,41908,1760,Active
31212,2024-08-08,Social Media,B2B ,3747,528223,16374,474,Completed
31213,2024-07-10,email,Millennials,10130,10895,370,18,Paused
31214,2024-04-27,email,Gen Z,10236,879031,30766,1599,Paused
31215,2023-01-29,email,Gen Z,10387,550719,19275,1869,Paused
31216,2024-11-12,Social Media,B2B ,14436,586669,26400,2032,Paused
31217,2023-04-28,email,B2B ,2513,92604,3333,203,Paused
31218,2024-07-24,Email,B2B,9409,596746,5370,429,Paused
31219,2024-01-01,email,Gen Z,13829,985116,8866,549,Paused
31220,2023-05-21, social media ,Millennials,12938,990651,30710,829,Active
31221,2024-09-24,Email,Millennials,8637,917097,16507,1122,Completed
31222,2023-05-04,Email,  Gen Z,1919,608485,22513,1170,Completed
31223,2023-09-06,Search Engine,General,6385,330052,2970,62,Active
31224,2024-08-08,Affiliate,General,9866,709526,9223,285,Completed
31225,2024-10-25,Search Engine,B2B ,13345,360686,17673,972,Paused
31226,2023-11-21,email,Gen Z,14861,116807,5723,326,Paused
31227,2023-06-06,email,B2B,6949,689934,3449,117,Paused
31228,2024-04-07,Social Media,Millennials,10206,160303,6091,134,Completed
31229,2024-11-18,Affiliate,B2B ,9091,835768,6686,220,Paused
31230,2024-10-30,Email,B2B ,7256,370194,6663,353,Active
31231,2024-12-23,Email,  Gen Z,10195,193541,8128,658,Active
31232,2024-07-23,email,B2B ,10885,761925,9905,267,Active
31233,2023-11-27,Search Engine,  Gen Z,13575,430915,9480,862,Active
31234,2024-03-22,Search Engine,B2B,10208,634699,27926,1368,Paused
31235,2024-05-02,Affiliate,  Gen Z,,966276,28022,980,Completed
31236,2024-11-10, social media ,B2B ,12346,731592,16826,723,Paused
31237,2024-01-20,email,General,5684,505862,14669,557,Completed
31238,2024-02-27,Social Media,Millennials,1138,420616,10094,373,Completed
31239,2023-12-21,Email,General,531,336362,4036,36,Active
31240,2024-04-07,Email,Gen Z,1630,245236,1716,135,Paused
31241,2023-11-27, social media ,General,9180,911861,44681,44,Active
31242,2023-05-19, social media ,Millennials,11081,68604,960,22,Paused
31243,2023-03-14,Affiliate,B2B ,885,764317,9936,317,Active
31244,2023-02-24,Social Media,  Gen Z,7675,81611,1305,11,Active
31245,2023-12-07, social media ,Millennials,13704,516331,25300,1442,Active
31246,2023-04-04,Email,  Gen Z,11932,179337,2690,217,Completed
31247,2023-10-10,Social Media,Gen Z,12991,224023,2464,239,Paused
31248,2024-04-18,Search Engine,Gen Z,10804,840498,29417,1000,Paused
31249,2023-08-06,email,B2B,8900,843201,6745,573,Paused
31250,2023-09-27,Social Media,Millennials,12701,287314,11205,481,Active
31251,2024-11-28,Affiliate,B2B ,9884,348337,7663,107,Paused
31252,2024-10-14,Email,Gen Z,6524,170039,3060,275,Completed
31253,2024-10-20,Search Engine,Gen Z,6441,779564,17150,977,Active
31254,2023-02-19,Email,  Gen Z,13225,328366,12149,558,Active
31255,2024-07-12,Affiliate,  Gen Z,10285,631856,20219,242,Paused
31256,2023-03-30,Social Media,B2B,7902,360384,11532,853,Completed
31257,2024-06-16,email,B2B ,8058,756779,37082,667,Active
31258,2024-01-17,Social Media,B2B,8691,139946,5457,523,Completed
31259,2024-01-23, social media ,  Gen Z,6282,219162,4821,404,Paused
31260,2023-06-16,Email,  Gen Z,13019,855247,36775,514,Active
31261,2023-12-20,Search Engine,B2B,671,50563,1314,127,Completed
31262,2024-12-24,Email,Gen Z,10320,858941,33498,2646,Paused
31263,2024-11-18, social media ,Gen Z,8810,16383,753,8,Completed
31264,2023-06-15,Affiliate,General,1159,669264,13385,481,Paused
31265,2024-04-12,Affiliate,General,11537,483467,23689,852,Paused
31266,2023-08-08, social media ,General,12854,595528,15483,108,Completed
31267,2024-01-04,Email,General,2625,972839,8755,402,Active
31268,2023-05-27,Email,General,14300,563341,13520,162,Paused
31269,2023-08-16,Email,B2B ,,696752,26476,2329,Paused
31269,2023-08-16,Email,B2B ,,696752,26476,2329,Paused
31270,2024-09-26,Social Media,Millennials,4051,156747,940,23,Active
31271,2024-03-08,email,Millennials,,904106,41588,2620,Paused
31272,2023-12-17, social media ,Gen Z,6593,940273,21626,1535,Active
31273,05/19/2023,Affiliate,General,10680,265445,4512,40,Active
31273,05/19/2023,Affiliate,General,10680,265445,4512,40,Active
31274,2023-11-07,Email,B2B ,3901,676454,28411,2727,Completed
31275,2024-02-10, social media ,General,2436,275336,2202,182,Active
31276,2023-08-05,email,B2B ,10670,465167,15815,537,Paused
31277,2023-12-03,Affiliate,B2B ,9627,177690,6752,580,Active
31278,2024-08-04,Social Media,B2B ,2324,383612,1918,1,Paused
31279,2024-05-17,Affiliate,  Gen Z,8157,361247,7947,238,Paused
31280,2023-11-26,email,Gen Z,6978,626154,28803,288,Paused
31281,2024-07-26,Email,General,14093,158478,2694,88,Paused
31282,2024-06-22, social media ,Gen Z,11725,109531,2409,115,Completed
31283,2024-11-12,Search Engine,B2B ,2197,134985,2969,29,Active
31284,04/12/2023,Affiliate,B2B,14117,170591,2558,5,Active
31285,2024-06-10,email,Millennials,6204,509796,20901,1463,Completed
31286,2024-06-03,Email,B2B,2889,294115,3529,324,Paused
31287,2023-11-22, social media ,B2B,6433,969484,14542,363,Completed
31288,2024-03-09,email,  Gen Z,13072,652756,29374,822,Paused
31289,2023-12-17,Affiliate,  Gen Z,8286,95804,4502,382,Active
31290,2023-07-21,email,General,14694,333152,13992,671,Completed
31291,2024-07-06,Search Engine,B2B,4353,819258,22119,88,Active
31292,2023-03-18,Email,  Gen Z,8338,12611,138,4,Active
31293,2024-05-16,Search Engine,Gen Z,5594,585635,17569,755,Active
31294,2024-05-21,Social Media,General,2369,879413,8794,307,Active
31295,2023-10-25,Email,Gen Z,2557,688131,28901,982,Paused
31296,2024-12-24,Search Engine,Gen Z,4301,333524,15342,721,Completed
31297,2023-12-06,email,B2B ,13491,308854,4941,88,Completed
31298,2024-11-13,Affiliate,General,4230,63718,2803,165,Completed
31299,2024-11-05,Search Engine,B2B,14543,30861,1265,53,Completed
31300,2024-04-09,Affiliate,Millennials,6522,180774,5242,47,Active
31301,2023-10-05,Affiliate,General,10002,978290,43044,2539,Active
31301,2023-10-05,Affiliate,General,10002,978290,43044,2539,Active
31302,2023-06-14,Search Engine,B2B,7436,864642,12969,479,Active
31303,2024-10-21,Email,Gen Z,914,428828,15437,92,Completed
31303,2024-10-21,Email,Gen Z,914,428828,15437,92,Completed
31304,2024-08-22,Email,B2B ,6499,426982,17933,986,Active
31305,2024-03-30, social media ,  Gen Z,783,632223,22127,1858,Completed
31306,2023-11-26, social media ,Gen Z,9776,54239,1355,119,Active
31307,2023-06-05,Social Media,  Gen Z,10621,89198,3657,201,Completed
31308,2023-01-01,Email,Millennials,1954,277536,2220,84,Completed
31309,2024-12-07,Affiliate,Gen Z,4674,851436,34057,340,Active
31310,2023-07-26,Affiliate,B2B ,2101,503324,15603,46,Active
31311,2024-03-26,Email,General,5335,139570,1814,145,Completed
31312,2023-02-13,Email,B2B,9231,937126,44982,3418,Paused
31313,05/08/2023, social media ,General,4657,817309,25336,1976,Completed
31314,2024-08-15,Affiliate,B2B ,9765,385191,13096,1191,Paused
31315,2024-07-19,Affiliate,B2B,11341,659409,22419,134,Paused
31316,2024-12-26,Search Engine,  Gen Z,10308,334228,7018,161,Completed
31317,2023-06-10,Search Engine,B2B ,12980,135220,4191,50,Completed
31318,2023-02-06,Social Media,Gen Z,12888,963220,44308,531,Completed
31319,2023-07-07,email,B2B,11071,202834,3853,211,Active
31320,2023-02-23,Search Engine,Millennials,14890,458072,13284,624,Paused
31321,2024-07-21,Social Media,  Gen Z,8849,279096,6419,192,Completed
31322,11/06/2024,Social Media,  Gen Z,6690,992969,21845,1725,Active
31323,2024-09-09,Affiliate,B2B ,10466,971248,25252,1464,Active
31324,2023-10-08,Social Media,B2B,13263,866324,6064,97,Completed
31325,2023-03-31,Search Engine,Gen Z,1674,978486,28376,227,Paused
31326,2024-06-28,email,Millennials,11385,216503,5196,426,Active
31327,2023-02-13, social media ,B2B ,922,440765,12341,913,Completed
31328,2023-11-21,Social Media,General,10126,411932,11122,55,Active
31329,2024-04-12,Search Engine,General,9692,230290,9672,696,Active
31330,2023-11-26,Affiliate,Millennials,4839,390341,3513,189,Completed
31331,2024-03-14, social media ,Millennials,3071,234107,1404,46,Active
31332,2024-08-27,Search Engine,General,7311,631812,11372,1023,Active
31333,2023-07-09,Affiliate,  Gen Z,6882,871481,7843,737,Paused
31334,2024-09-27,email,B2B ,7120,251542,8049,563,Completed
31334,2024-09-27,email,B2B ,7120,251542,8049,563,Completed
31335,2024-12-22,Affiliate,Gen Z,11794,429847,11176,268,Completed
31336,2024-01-12,Social Media,General,3635,547972,6027,132,Active
31337,2023-12-19,Search Engine,B2B ,10264,998453,6989,202,Paused
31338,2023-06-30,email,B2B,6558,806096,28213,1297,Paused
31339,2023-09-17, social media ,General,13174,708553,5668,306,Paused
31340,2023-05-18,Email,B2B ,1892,921361,23955,431,Completed
31341,2023-04-28,Affiliate,General,13089,642965,12859,694,Completed
31342,2023-03-29, social media ,Gen Z,743,589190,12372,272,Active
31343,2023-12-07, social media ,  Gen Z,9187,417391,16278,1595,Active
31344,2023-10-15, social media ,Gen Z,3990,589230,14141,282,Completed
31344,2023-10-15, social media ,Gen Z,3990,589230,14141,282,Completed
31345,08/14/2024, social media ,Gen Z,1748,298216,13419,1100,Paused
31346,2023-08-17,Social Media,  Gen Z,578,833002,39151,3014,Completed
31347,2023-11-22,Email,Millennials,13051,49505,1930,152,Completed
31348,2023-11-29, social media ,Gen Z,7778,45326,1178,10,Paused
31349,11/21/2023,Search Engine,Gen Z,6211,73023,2336,60,Active
31350,2024-05-12,Email,B2B ,12554,903375,38845,194,Completed
31351,2023-11-16,Email,Gen Z,,118253,5321,159,Completed
31352,2023-06-26,Email,  Gen Z,11715,505176,18186,345,Paused
31353,2023-06-20,Social Media,B2B ,12177,530201,15906,381,Paused
31354,2023-08-17,Search Engine,B2B ,4712,53782,1452,50,Completed
31355,2024-12-17,Email,Millennials,13263,908487,18169,617,Paused
31356,2024-07-10,Email,  Gen Z,1059,226554,4757,342,Paused
31357,2024-06-08, social media ,General,2022,817285,27787,1945,Active
31358,2024-06-01, social media ,B2B,,790820,26887,2366,Active
31359,2024-06-27,Affiliate,Millennials,5330,831828,14141,1371,Active
31360,2024-04-29, social media ,B2B,3938,211220,6125,410,Completed
31361,2024-12-24,Email,Millennials,9530,216296,6705,46,Paused
31362,2024-05-17,Social Media,Gen Z,13640,177613,7459,320,Active
31363,2024-04-18,Social Media,General,788,165379,4134,140,Paused
31364,2023-10-11,Email,B2B ,,126288,884,34,Active
31365,2023-10-11,email,B2B,2529,833768,17509,1470,Paused
31366,2023-10-18,Search Engine,Gen Z,14819,440827,10579,634,Active
31367,2023-11-29,Search Engine,General,3465,154508,5716,205,Completed
31368,2023-05-04,Search Engine,B2B ,8513,437094,14424,1399,Paused
31369,2023-07-15,Social Media,General,,430478,14205,1349,Paused
31370,2023-12-19,Email,Millennials,8264,630420,9456,122,Active
31371,2024-11-03,Search Engine,B2B ,4238,803890,4019,389,Active
31372,2024-03-09, social media ,General,10514,119066,2143,156,Completed
31373,2024-11-10, social media ,Millennials,4589,911315,4556,341,Paused
31374,2024-12-29,email,Millennials,5435,291811,12256,1164,Paused
31375,2023-03-19,Search Engine,B2B,776,576553,5765,478,Active
31376,2024-12-03, social media ,Gen Z,14225,707102,6363,610,Paused
31377,2024-06-25,Search Engine,General,6934,338900,1694,152,Completed
31378,2024-11-30, social media ,Gen Z,11923,89251,2142,137,Paused
31379,2024-04-01,Affiliate,B2B,3990,432347,4323,371,Paused
31380,2023-04-07,email,Millennials,5658,859643,34385,2819,Paused
31381,2024-02-05,Email,Millennials,12587,629220,3146,169,Completed
31382,2023-05-04, social media ,Gen Z,885,505822,15680,1223,Active
31383,2024-01-02,Affiliate,Gen Z,8790,696539,20896,1776,Completed
31384,2023-05-24,Search Engine,  Gen Z,14306,362862,9797,832,Active
31385,2024-06-17,Email,B2B,4002,391055,6647,166,Paused
31386,2024-06-03,Search Engine,General,10600,903530,17167,1648,Active
31387,2024-12-08, social media ,  Gen Z,2055,508021,7620,220,Active
31388,2024-11-05,Affiliate,B2B ,1922,340117,4421,256,Paused
31389,2024-09-10,Email,General,5086,859393,26641,1438,Active
31390,02/24/2023,email,B2B ,5299,865102,33738,101,Active
31391,2024-10-25, social media ,  Gen Z,14100,426960,20921,1631,Paused
31392,2023-09-20,Email,General,7559,209814,4406,304,Completed
31393,2023-09-26,Affiliate,B2B ,6019,89900,1708,136,Paused
31394,2024-06-13,Email,B2B ,5478,463027,5556,305,Active
31395,2024-11-03,Email,Millennials,11816,662277,19868,1291,Paused
31396,2023-05-08,Email,Millennials,,278088,12513,575,Paused
31397,2023-02-10,Social Media,Gen Z,10607,840174,37807,1965,Active
31398,2023-07-07,email,B2B,2594,321689,10937,251,Completed
31399,2023-08-03,email,B2B,675,443484,19956,1297,Completed
31400,2023-06-29,Affiliate,Gen Z,10212,799334,30374,2247,Active
31401,2024-06-13,email,B2B,12079,901889,27958,2208,Paused
31402,2023-09-25,email,Millennials,5500,635491,16522,1007,Paused
31403,2024-07-31,Email,B2B ,848,253603,11158,546,Active
31404,2024-12-28,Affiliate,B2B,10083,566974,2834,19,Active
31405,2023-10-17,Social Media,Millennials,6968,948343,8535,238,Paused
31406,2023-03-17, social media ,  Gen Z,1025,208797,4175,384,Completed
31407,2024-07-19,Email,General,14385,231433,10414,635,Paused
31408,2024-06-28,Social Media,B2B ,12510,526914,24238,921,Completed
31409,2023-05-15,Social Media,General,10416,714240,29283,2108,Active
31410,2024-04-02,Affiliate,B2B ,12285,761674,33513,1239,Completed
31411,2024-01-11,email,  Gen Z,,947350,38841,38,Paused
31412,2024-04-30,Social Media,General,4978,853229,11091,898,Completed
31413,2024-04-08, social media ,Millennials,1837,758238,9098,454,Paused
31414,2024-08-01,Search Engine,B2B ,,691526,29735,2676,Active
31415,2024-04-25,Search Engine,General,4328,262066,1572,26,Active
31416,2023-01-22, social media ,Millennials,2776,510555,3573,303,Active
31417,2023-11-08,Search Engine,Millennials,8751,816527,22046,2094,Completed
31418,2023-02-22,email,Gen Z,7091,305352,13740,645,Active
31419,2023-03-12,Search Engine,Gen Z,10193,760097,15201,1276,Active
31420,2023-04-02,Affiliate,B2B,1086,595461,8336,550,Active
31421,2024-04-10,Social Media,Millennials,2671,335185,13072,1228,Paused
31422,2023-06-29,Email,Gen Z,8252,935272,35540,2167,Completed
31423,2024-02-10,Email,B2B,1494,415829,7900,205,Paused
31424,2023-05-22,Social Media,  Gen Z,5803,288700,1443,11,Active
31425,2024-09-17,Social Media,  Gen Z,745,600661,10211,929,Paused
31426,2023-12-26, social media ,B2B ,11401,199893,3997,251,Active
31427,2023-05-02,Search Engine,  Gen Z,10080,212258,5518,325,Completed
31428,2024-03-23,Email,Millennials,2183,65627,2428,235,Completed
31429,2023-06-28,Affiliate,Gen Z,8626,875176,36757,2646,Completed
31430,2023-05-18,email,B2B ,2531,967929,7743,340,Completed
31431,2024-04-18,Search Engine,B2B,7721,81378,1464,133,Paused
31432,02/27/2024,Affiliate,Millennials,8155,233537,7239,550,Active
31433,2024-12-20,Email,B2B,6550,369568,14043,1263,Active
31434,05/08/2023, social media ,  Gen Z,2331,586567,22876,960,Completed
31435,2023-06-01,email,Gen Z,13728,900060,38702,3250,Active
31436,2023-12-13, social media ,Gen Z,2197,101558,4773,81,Paused
31437,2024-10-14,Affiliate,B2B,8815,747904,3739,3,Completed
31438,2024-05-21,Social Media,General,4635,206192,8866,53,Paused
31439,2023-07-11,email,Gen Z,1997,711032,24175,1184,Paused
31440,2023-12-11,email,General,7012,957227,8615,715,Active
31441,2023-02-11,Affiliate,  Gen Z,8939,34906,1326,42,Paused
31442,2023-09-13,email,General,6622,388144,6986,237,Active
31443,2024-09-02,Affiliate,General,10388,610534,27474,2582,Paused
31444,2023-03-06,Affiliate,General,2096,127878,4219,312,Active
31445,2023-04-07,Email,General,12853,126670,4686,248,Completed
31446,2023-06-17,email,B2B,1088,412915,4129,173,Paused
31447,2024-11-20,Email,  Gen Z,13648,604586,7859,550,Paused
31448,2023-09-19,Email,Gen Z,1133,442911,17273,397,Active
31449,2023-05-03,Search Engine,General,10046,219836,3297,201,Completed
31450,2023-09-15,email,Millennials,13787,395082,3950,138,Active
31451,05/11/2024,Email,Gen Z,13588,644371,23197,1484,Active
31452,2023-09-02,Search Engine,General,5301,861174,41336,1942,Completed
31453,2023-08-17,Search Engine,Millennials,13015,183045,4026,44,Completed
31454,2024-07-04,Search Engine,Millennials,9346,355055,11006,1012,Active
31455,2024-03-16,Affiliate,Gen Z,4477,325300,5204,192,Paused
31456,2024-12-22,Social Media,  Gen Z,,793029,22204,577,Active
31457,2024-08-22,Affiliate,B2B,2401,31420,1036,91,Completed
31458,2023-12-11,Email,General,13005,251017,2008,168,Active
31459,2023-06-17,Affiliate,Gen Z,11686,354761,14190,567,Completed
31460,01/28/2024,email,B2B,13787,859533,12892,954,Completed
31461,2024-01-07,Affiliate,B2B,524,223271,3795,72,Active
31462,2024-11-10,email,B2B ,1885,852301,14489,115,Paused
31463,2024-06-19,Search Engine,B2B ,6947,448800,6283,376,Paused
31464,2024-05-05,Email,B2B,4621,218321,6767,87,Completed
31465,2024-07-26,Affiliate,B2B,2610,177547,3906,183,Paused
31466,2024-12-18,Email,Millennials,5242,560732,23550,2284,Paused
31467,2024-07-25,email,B2B,9440,684866,4794,239,Paused
31468,2023-07-05,Search Engine,Gen Z,517,741151,4446,93,Active
31469,2024-05-10,email,  Gen Z,2111,522119,3132,93,Completed
31470,2024-03-11,email,General,11187,766988,27611,1104,Active
31471,2023-06-11,Search Engine,  Gen Z,4761,52314,470,43,Paused
31472,2023-08-07, social media ,General,9556,841221,24395,1146,Active
31473,2023-11-14,email,Gen Z,6764,653913,11116,555,Completed
31474,2023-03-31,Affiliate,B2B ,2603,827091,40527,810,Completed
31475,01/04/2024,email,B2B ,3393,476474,20964,1781,Completed
31476,2023-06-27,Affiliate,Gen Z,3761,273615,6566,433,Completed
31477,2024-12-18,email,  Gen Z,12604,298549,11046,530,Completed
31478,2023-02-14,email,Gen Z,9486,195019,7995,503,Completed
31479,2024-05-30, social media ,Millennials,1396,569745,21080,1602,Active
31480,03/17/2023,Social Media,  Gen Z,4798,329548,9886,128,Active
31481,2023-03-23,Search Engine,Millennials,2267,692502,11080,941,Active
31482,2023-09-26,Search Engine,Gen Z,8611,968578,11622,883,Active
31483,2024-04-06, social media ,Gen Z,10183,562551,14626,87,Completed
31484,2023-06-16,Social Media,  Gen Z,12632,925944,5555,277,Active
31485,2024-01-29,email,B2B ,3770,243807,7801,756,Paused
31486,2023-04-30,Search Engine,B2B,2073,414848,14934,567,Active
31487,2024-12-08,Affiliate,  Gen Z,9420,769296,11539,842,Completed
31488,2024-01-09,Social Media,Gen Z,13884,493890,7902,355,Completed
31489,2024-11-09,email,B2B ,6713,953288,30505,2440,Completed
31490,2024-05-12,email,Gen Z,4071,986409,41429,3065,Completed
31491,2024-01-30, social media ,Millennials,704,360467,5046,65,Completed
31492,01/20/2023,Search Engine,  Gen Z,13873,677470,11516,138,Completed
31493,2024-04-13,Email,Gen Z,12740,44274,708,43,Completed
31494,2023-08-15,Email,  Gen Z,2873,904504,15376,907,Completed
31495,2024-02-11,email,B2B ,4128,173244,2078,95,Paused
31496,2024-09-25,email,B2B ,13484,549919,6599,574,Active
31497,2024-08-10,Email,General,14134,599617,12591,1057,Active
31498,2024-02-23, social media ,Gen Z,1265,507755,4569,201,Paused
31499,2024-02-16,Email,Gen Z,5409,701455,25953,1090,Completed
31500,2023-11-08,Search Engine,B2B,9783,512160,15364,138,Completed

