TransactionID,Date,Department,Type,Amount,Budget,Status,Notes
20001,2024-04-17,Marketing,Income,18674,9509,Cleared,
20002,2023-02-05,Operations,Income,23768,12011,Cleared,
20003,2024-07-23,Sales,Expense,1670,2668,Cleared,
20004,2024-05-18,Admin,Expense,3174,4159,Cleared,
20005,2023-01-15,sales,Income,6297,14935,Cleared,
20006,2024-01-13,Marketing,Expense,6036,2187,Cleared,
20007,08/18/2024,Marketing,Expense,3409,2809,Cleared,
20008,2023-08-22,Operations,Expense,,6017,Pending,
20009,2023-12-21,Operations,Expense,5157,7987,Cleared,
20010,2024-04-16,R&D,Expense,4890,11888,Cleared,
20011,2024-10-16,sales,Expense,4490,5995,Cleared,
20012,2024-01-03,Sales,Expense,1658,2378,Cleared,
20013,2023-11-24,R&D,Expense,1082,5895,Cleared,
20014,2023-09-01,sales,Income,14369,18681,Cleared,
20015,2024-03-20,Admin,Expense,8615,1458,Cleared,
20016,2023-02-06,Marketing,Expense,7326,2104,Cleared,
20017,2024-09-04,sales,Income,16393,17643,Cleared,
20018,2023-11-04,sales,Expense,13997,2417,Cleared,
20019,2024-12-11, operations ,Income,9678,14642,Cleared,
20020,2024-09-24,Sales,Expense,1061,11721,Cleared,
20021,2023-09-16,sales,Expense,11236,4454,Cleared,
20022,2024-10-26,sales,Expense,12637,8579,Cleared,
20023,2023-12-12, operations ,Income,10257,18378,Cleared,
20024,2024-06-03, operations ,Expense,9534,10906,Cleared,
20025,2024-11-25,Admin,Income,14160,14443,Cleared,
20026,2023-04-17,Admin,Income,9370,19992,Cleared,
20027,2024-10-20,Admin,Expense,9555,3438,Cleared,
20028,2023-12-26,sales,Expense,14351,6753,Cleared,
20029,08/04/2023,Sales,Expense,12313,10424,Cleared,
20030,2024-05-09,Marketing,Expense,1251,6459,Cleared,
20031,2023-05-02,Operations,Expense,12517,8287,Cleared,
20032,2023-08-22,Operations,Expense,8519,10876,Cleared,
20033,2023-05-02,sales,Expense,4554,2141,Pending,
20034,2023-05-03,Operations,Expense,7209,1459,Cleared,
20035,2024-11-26,Marketing,Expense,5059,1805,Cleared,
20036,2023-11-16,Operations,Expense,1977,3234,Cleared,
20037,2023-08-29, operations ,Expense,8389,7752,Cleared,
20038,2024-12-27,Sales,Expense,12216,9750,Cleared,
20039,2024-09-01,sales,Expense,1269,10746,Cleared,
20040,2024-07-27, operations ,Expense,12426,3460,Cleared,
20041,2023-12-12,Sales,Expense,2738,10279,Cleared,
20042,2024-01-09,sales,Expense,13368,7166,Cleared,
20043,2024-12-21,Sales,Expense,10929,6497,Pending,
20044,2023-05-10,Marketing,Expense,10904,3602,Cleared,
20045,2024-12-16,Operations,Income,19585,17954,Cleared,
20046,2023-11-09,Admin,Expense,10655,1152,Cleared,
20047,2023-01-25,Sales,Expense,2357,4263,Cleared,
20048,2023-06-06,Marketing,Expense,10264,8577,Cleared,
20049,2023-01-03,Sales,Expense,3095,6512,Cleared,
20050,2024-11-07,Marketing,Income,7838,11528,Cleared,
20051,2023-05-06,R&D,Expense,1584,10028,Cleared,
20051,2023-05-06,R&D,Expense,1584,10028,Cleared,
20052,2024-04-07,Sales,Income,17419,12167,Cleared,
20053,2024-07-27,Marketing,Income,19409,10196,Cleared,
20054,2024-07-29,Marketing,Expense,10312,9546,Cleared,
20055,2023-02-28,sales,Income,6195,16764,Cleared,
20056,2023-07-11,Marketing,Expense,10066,3186,Cleared,
20057,2023-09-25,Admin,Expense,3971,10341,Cleared,
20058,2023-12-19,Operations,Income,15318,10034,Cleared,
20059,2024-10-25, operations ,Expense,14010,7691,Cleared,
20060,2024-07-23,Operations,Expense,14474,10365,Cleared,
20061,2024-09-06,Sales,Expense,3078,10956,Cleared,
20062,2023-04-04,Sales,Expense,11443,10529,Cleared,
20063,2023-08-26,R&D,Income,6280,17669,Cleared,
20064,2024-03-25,Sales,Expense,2141,1415,Cleared,
20065,2024-01-10,sales,Expense,5736,11701,Cleared,
20066,2023-10-01,R&D,Income,22698,14281,Cleared,
20067,2024-05-05,Marketing,Income,18088,9222,Cleared,
20068,2024-07-28,Marketing,Expense,2276,1636,Cleared,
20069,2024-03-04,sales,Expense,5067,8434,Pending,
20070,2024-05-13,Admin,Income,12046,12338,Cleared,
20071,2024-01-21,Admin,Expense,5331,1554,Cleared,
20072,2023-08-10,Admin,Expense,10899,9319,Pending,
20073,2023-03-07,Admin,Income,5511,4972,Cleared,
20074,2023-01-03,R&D,Expense,8881,10399,Cleared,
20075,2024-10-04,Operations,Income,7700,4344,Cleared,
20076,2023-10-18,Admin,Income,23445,7564,Cleared,
20077,09/11/2023,R&D,Expense,12538,7507,Cleared,
20078,2023-11-14,Admin,Expense,2383,9116,Cleared,
20078,2023-11-14,Admin,Expense,2383,9116,Cleared,
20079,2024-12-01,Operations,Expense,3399,3355,Cleared,
20080,06/05/2024, operations ,Income,22861,17509,Cleared,
20081,2024-10-09,Sales,Expense,3262,7803,Cleared,
20082,2024-11-05,Marketing,Expense,5047,10038,Cleared,
20083,2024-02-15,Operations,Expense,2931,5626,Cleared,
20084,2024-11-19,Marketing,Expense,2641,9425,Cleared,
20085,02/09/2023,Marketing,Expense,6823,1581,Cleared,
20086,2024-10-14,Operations,Expense,14731,1988,Cleared,
20087,2024-05-11,Marketing,Expense,4370,1772,Cleared,
20088,2024-03-10,Marketing,Expense,8783,6655,Cleared,
20089,2024-02-17,Operations,Expense,6048,11727,Cleared,
20090,2024-05-15,Admin,Expense,13222,2476,Cleared,
20091,2024-02-27,sales,Expense,7670,3256,Cleared,
20092,2024-01-30,Admin,Expense,3464,1944,Cleared,
20093,2023-07-17,sales,Income,21750,6041,Pending,
20094,2024-04-09,Operations,Expense,8091,3864,Cleared,
20095,2023-07-11,Sales,Income,14737,5731,Cleared,
20096,2023-09-16,sales,Income,6513,13776,Cleared,
20097,2023-03-09,Marketing,Expense,12627,5435,Cleared,
20098,2023-11-30,Marketing,Income,5053,14973,Cleared,
20099,2023-08-05, operations ,Income,,7043,Cleared,
20100,10/05/2024, operations ,Expense,1881,11750,Cleared,
20101,2024-04-29,sales,Expense,5627,2532,Cleared,
20102,2023-01-19, operations ,Income,6047,19293,Cleared,
20103,2023-05-29,Marketing,Income,5691,11040,Cleared,
20104,2023-09-15,R&D,Expense,,4566,Cleared,
20105,2024-10-29,sales,Income,22392,8282,Cleared,
20106,2023-12-07,Operations,Expense,13326,3744,Cleared,
20107,06/30/2024,Sales,Income,5745,5924,Pending,
20108,2024-05-26,Marketing,Expense,11164,7830,Cleared,
20109,2023-05-05,Sales,Income,16187,5482,Pending,
20110,2024-01-07,Sales,Expense,3500,10849,Cleared,
20111,2023-03-08,sales,Income,13119,19860,Pending,
20112,2024-07-10,Sales,Expense,11080,2917,Cleared,
20113,2023-07-08,Operations,Income,9385,6085,Cleared,
20114,2023-10-20,R&D,Expense,10458,10528,Cleared,
20115,2023-02-13, operations ,Expense,1740,6924,Cleared,
20115,2023-02-13, operations ,Expense,1740,6924,Cleared,
20116,07/19/2023,Sales,Income,14815,14618,Pending,
20117,2024-09-13, operations ,Income,22189,6048,Cleared,
20118,2023-12-10,R&D,Expense,13396,9058,Cleared,
20119,2024-10-29,Operations,Expense,8810,5304,Cleared,
20120,2024-04-01,Sales,Expense,11042,4247,Cleared,
20121,2023-04-12,Operations,Income,15672,18620,Cleared,
20122,2023-01-17,Admin,Income,12218,5739,Cleared,
20123,2024-08-27,Admin,Income,,12148,Cleared,
20124,2023-01-10,Admin,Income,15839,11597,Pending,
20125,2024-09-13, operations ,Income,24795,16919,Cleared,
20126,2024-02-17,Operations,Income,6926,19665,Cleared,
20127,2024-10-22,Marketing,Expense,11432,1385,Cleared,
20128,2024-01-04,Sales,Expense,9632,11071,Cleared,
20129,2023-06-06,sales,Expense,1359,7318,Cleared,
20130,2024-06-11,R&D,Expense,11343,4441,Cleared,
20131,2024-04-04,Sales,Income,7073,11749,Cleared,
20132,2024-03-25,Admin,Expense,12340,1163,Cleared,
20133,2023-04-04,R&D,Income,8274,16660,Cleared,
20134,2023-04-26, operations ,Income,20833,10955,Cleared,
20135,2023-11-07,Admin,Expense,14266,4594,Cleared,
20136,2024-05-03,Operations,Expense,12569,9536,Cleared,
20137,2024-10-18,sales,Income,5452,7082,Pending,
20138,2024-02-07,Operations,Income,19908,9954,Cleared,
20139,2024-06-01,Marketing,Expense,9891,11266,Cleared,
20140,2023-03-26,Admin,Income,17827,13577,Cleared,
20141,2024-05-28, operations ,Expense,3411,8679,Cleared,
20142,2024-02-07,Operations,Income,17060,5234,Cleared,
20143,2024-10-06, operations ,Expense,4631,5270,Cleared,
20144,2024-02-25, operations ,Expense,-2877,11508,Cleared,
20145,2024-06-11,Admin,Income,14288,10140,Cleared,
20146,2024-11-14,R&D,Expense,13209,5799,Cleared,
20147,2023-09-09,Marketing,Expense,13302,7168,Cleared,
20148,2023-02-23,Marketing,Expense,6139,5381,Cleared,
20149,2023-09-09,Marketing,Income,9196,8341,Cleared,
20150,2023-02-07,sales,Expense,9295,4500,Cleared,
20151,2023-10-10,Sales,Expense,7868,8244,Cleared,
20152,2024-09-18,R&D,Expense,7155,5262,Cleared,
20153,02/03/2023,Operations,Income,16913,19402,Cleared,
20154,2023-03-09,Admin,Expense,7841,11941,Cleared,
20155,2023-05-01,Admin,Income,21791,19620,Cleared,
20156,2023-03-27, operations ,Expense,13008,4998,Cleared,
20157,2023-06-25,Sales,Income,12615,11139,Cleared,
20158,2024-06-25,R&D,Expense,7193,3034,Cleared,
20159,2023-07-25,Admin,Income,23624,18163,Cleared,
20160,2024-07-28,sales,Income,11205,15930,Cleared,
20161,2024-03-02,Operations,Expense,7489,2811,Cleared,
20162,2024-11-01,Sales,Expense,4445,1410,Cleared,
20163,2024-10-10,Marketing,Income,18170,4294,Cleared,
20164,2024-06-30,Sales,Income,5712,11560,Cleared,
20165,2023-05-15,Operations,Income,9136,14245,Cleared,
20166,11/18/2024, operations ,Income,,9402,Pending,
20167,2023-03-14,Admin,Income,23481,15285,Cleared,
20168,2024-10-11, operations ,Expense,5365,5647,Cleared,
20169,2024-05-03,Admin,Income,20088,15409,Cleared,
20170,2024-08-31,Operations,Income,18346,18800,Cleared,
20171,2024-09-18,R&D,Income,12667,6062,Cleared,
20172,2023-04-15,Marketing,Expense,11855,2982,Cleared,
20173,2023-08-15,R&D,Income,23793,16234,Pending,
20174,2024-03-13,Operations,Income,8205,12642,Cleared,
20175,2024-01-13,Marketing,Expense,8765,4714,Cleared,
20176,2023-08-02,Operations,Expense,3686,3596,Cleared,
20177,2023-09-04,Marketing,Expense,7778,7630,Cleared,
20178,2024-05-28,Admin,Income,,5325,Cleared,
20179,2024-09-02,Sales,Expense,2325,3624,Cleared,
20180,12/16/2024,R&D,Income,10752,4739,Cleared,
20181,2024-10-04,Marketing,Income,20685,7862,Cleared,
20182,2024-10-07,sales,Expense,11949,7820,Cleared,
20183,2023-02-23, operations ,Expense,4574,8255,Cleared,
20184,2023-02-02,sales,Expense,11107,9587,Cleared,
20185,2024-02-04,sales,Income,5808,10754,Cleared,
20186,2024-12-01,Sales,Expense,13309,7245,Cleared,
20187,2024-05-03,Marketing,Expense,1911,4263,Cleared,
20187,2024-05-03,Marketing,Expense,1911,4263,Cleared,
20188,2023-05-16,sales,Expense,10769,6888,Cleared,
20189,2024-03-12,Operations,Income,18759,15181,Cleared,
20190,12/05/2023,R&D,Expense,3581,4851,Pending,
20191,2024-07-26,Marketing,Income,14632,6433,Cleared,
20192,2023-05-28,Admin,Income,15534,5160,Cleared,
20193,2023-02-17,sales,Expense,8519,2880,Cleared,
20194,2023-07-10, operations ,Income,5987,4281,Cleared,
20195,2023-09-04,sales,Income,24057,17817,Cleared,
20196,2023-07-03,R&D,Expense,10500,3506,Cleared,
20197,2024-07-19,Sales,Expense,2171,3516,Pending,
20198,2024-05-05,Admin,Income,5567,14121,Cleared,
20199,2024-07-01,Sales,Income,6917,6961,Cleared,
20200,2023-08-05, operations ,Income,-20220,10017,Cleared,
20201,2023-01-15,R&D,Expense,7152,10464,Cleared,
20202,2024-03-24,sales,Income,16205,16984,Cleared,
20203,2024-07-27,Operations,Income,9243,17487,Cleared,
20204,2024-04-02,Sales,Expense,10146,10278,Cleared,
20205,2024-06-15,Admin,Income,9137,6542,Cleared,
20206,2024-07-05,R&D,Income,23765,9467,Cleared,
20207,2023-08-23,Admin,Expense,6863,2677,Cleared,
20208,2023-08-04,Sales,Expense,3380,6985,Pending,
20209,2024-10-27,Admin,Expense,-13559,9673,Cleared,
20210,2023-02-05,R&D,Income,23297,13927,Pending,
20211,2023-10-27,Operations,Expense,10162,11184,Cleared,
20212,07/12/2023,Sales,Income,,11206,Cleared,
20213,2023-04-17,sales,Income,18371,5282,Cleared,
20214,2024-11-14, operations ,Expense,10011,11212,Pending,
20215,08/05/2023,sales,Expense,1661,1089,Cleared,
20216,2023-04-20,Admin,Income,23174,16065,Cleared,
20217,2024-02-07,R&D,Expense,7405,10638,Cleared,
20218,2024-06-10,Operations,Income,11682,6135,Cleared,
20219,2023-06-16,Admin,Income,12978,9528,Pending,
20220,2024-10-07,Sales,Income,13397,18812,Cleared,
20221,2024-07-27,R&D,Expense,11403,4583,Pending,
20222,2023-02-19, operations ,Expense,5843,4826,Cleared,
20223,2023-04-30,R&D,Expense,13221,11081,Cleared,
20224,2024-02-21,Marketing,Expense,13242,10409,Cleared,
20225,2024-08-12,R&D,Income,21445,6583,Cleared,
20226,2023-04-12,Marketing,Income,5157,5196,Pending,
20227,2024-08-22,Operations,Expense,3867,9511,Cleared,
20228,2024-05-07,Operations,Income,11086,5305,Pending,
20229,2024-09-24,Admin,Expense,4778,5131,Pending,
20230,2024-12-20,sales,Expense,4529,11274,Pending,
20231,2024-03-15,sales,Expense,6555,2673,Cleared,
20232,2024-10-20, operations ,Income,24212,19553,Cleared,
20233,2024-05-23, operations ,Expense,8062,9614,Cleared,
20234,2023-01-07,Sales,Expense,2531,7283,Cleared,
20235,2023-06-03,Sales,Income,22961,10724,Cleared,
20236,2024-05-12,Admin,Income,12033,6544,Cleared,
20237,2023-02-12,Marketing,Income,23357,15229,Cleared,
20238,2024-12-23,Sales,Income,17371,15729,Cleared,
20239,2024-06-26,sales,Expense,10638,5313,Cleared,
20240,2023-01-31,Operations,Expense,,7208,Cleared,
20241,2023-04-29,Admin,Income,10816,11973,Cleared,
20242,2023-03-07, operations ,Expense,13184,8230,Cleared,
20243,2023-05-13,R&D,Income,11964,18116,Cleared,
20244,2023-01-23,R&D,Expense,13902,8435,Cleared,
20245,02/27/2023,Admin,Expense,13048,3326,Cleared,
20246,10/08/2024,Sales,Expense,1214,1518,Cleared,
20247,2023-09-03,Sales,Expense,9221,1240,Cleared,
20248,2024-09-21,Sales,Expense,7262,2779,Cleared,
20249,2024-02-13,Operations,Expense,3351,1221,Cleared,
20250,2023-02-08,sales,Expense,12961,6788,Cleared,
20251,2024-11-13,Operations,Expense,8558,1158,Cleared,
20252,2024-01-20,Marketing,Expense,12891,3535,Cleared,
20253,2023-07-18,Operations,Income,7823,12580,Cleared,
20254,2024-01-21,Marketing,Expense,3818,2365,Cleared,
20255,2023-11-02, operations ,Income,11960,19444,Cleared,
20256,2023-02-17, operations ,Expense,8940,7510,Cleared,
20256,2023-02-17, operations ,Expense,8940,7510,Cleared,
20257,2023-04-10,Marketing,Income,11520,5710,Cleared,
20258,2023-04-13,R&D,Income,7961,9526,Cleared,
20259,2023-10-20,R&D,Income,22117,13022,Cleared,
20260,2024-05-23,Marketing,Income,5344,9701,Cleared,
20261,2023-03-07, operations ,Income,14670,7502,Cleared,
20262,2023-01-06,Operations,Income,17064,13205,Cleared,
20263,2023-12-05,sales,Expense,1398,10871,Cleared,
20264,2024-03-16,Marketing,Expense,2199,1182,Cleared,
20265,03/12/2023, operations ,Expense,9430,3748,Cleared,
20266,2024-08-13,Operations,Expense,11887,8403,Cleared,
20267,2024-04-21,R&D,Expense,9649,11222,Cleared,
20268,2024-09-17,Admin,Expense,10313,5664,Cleared,
20269,2024-05-12, operations ,Expense,14754,1351,Cleared,
20270,2024-01-11,sales,Expense,,11510,Cleared,
20271,2023-03-02,Operations,Expense,9195,6285,Cleared,
20272,2023-03-19,Admin,Expense,13655,3269,Cleared,
20273,2024-12-02,Admin,Expense,2020,2256,Cleared,
20274,2024-08-31,Marketing,Expense,10742,11074,Cleared,
20275,2023-03-13,Operations,Expense,5284,3664,Cleared,
20276,2024-02-23,Marketing,Expense,10963,3816,Pending,
20277,2023-03-15,Admin,Expense,8271,7334,Cleared,
20278,2024-08-12,Admin,Income,14772,9491,Cleared,
20279,2023-03-04,Admin,Expense,2918,11791,Cleared,
20280,08/05/2024,sales,Expense,6611,10396,Pending,
20281,2023-05-05,Admin,Income,24418,19478,Pending,
20282,2023-12-29,Operations,Income,12720,6891,Cleared,
20283,2023-06-30,Marketing,Income,8809,16711,Pending,
20284,2023-08-08,Marketing,Expense,10244,2964,Cleared,
20285,2024-06-22, operations ,Expense,14206,10680,Cleared,
20286,2023-07-10,Operations,Income,14646,17639,Cleared,
20287,2023-06-19,sales,Income,6362,7839,Cleared,
20288,2024-11-06,R&D,Income,21023,16671,Cleared,
20289,2024-08-16,Admin,Expense,6226,10191,Cleared,
20290,2024-01-12, operations ,Expense,14128,5911,Cleared,
20291,2023-06-21,Sales,Income,10906,8221,Cleared,
20292,2023-08-30,sales,Expense,6089,4176,Pending,
20293,2023-02-13,Marketing,Expense,10682,11765,Cleared,
20294,07/22/2023,Sales,Expense,2055,3618,Cleared,
20295,2024-11-04,Sales,Expense,7672,7448,Cleared,
20296,2024-09-04,R&D,Income,17873,11571,Cleared,
20297,2024-12-30,R&D,Income,13246,8544,Cleared,
20298,2024-06-10, operations ,Expense,5333,8681,Cleared,
20299,2024-11-10,Marketing,Expense,8225,11960,Cleared,
20300,2024-11-08,Marketing,Income,7201,15409,Cleared,
20301,2024-11-22,Admin,Income,23554,17612,Pending,
20302,2023-01-05,Admin,Income,12710,18637,Cleared,
20303,2024-07-09,Operations,Expense,3771,11119,Cleared,
20304,2024-09-02, operations ,Expense,3210,1813,Cleared,
20305,2024-01-24,Marketing,Income,16921,10872,Cleared,
20306,06/09/2024,Sales,Expense,7039,5286,Cleared,
20306,06/09/2024,Sales,Expense,7039,5286,Cleared,
20307,2023-03-23,sales,Income,7177,13596,Cleared,
20308,2024-01-24,Operations,Income,,18762,Cleared,
20309,2024-07-03,Operations,Expense,13271,9838,Cleared,
20310,2023-09-08,Admin,Expense,8750,9670,Cleared,
20311,2024-05-29,sales,Expense,10273,7410,Cleared,
20312,2023-01-10,R&D,Income,10100,9688,Cleared,
20313,2024-01-27,Marketing,Income,24372,19649,Cleared,
20314,2023-01-29,sales,Income,6280,8470,Cleared,
20315,2024-09-17,Sales,Expense,-11577,7811,Cleared,
20316,2023-02-07,R&D,Expense,7435,2413,Cleared,
20317,2023-04-12, operations ,Expense,7583,6636,Cleared,
20318,2023-12-13,R&D,Income,13973,16231,Cleared,
20319,2024-12-10,sales,Income,5879,13184,Cleared,
20320,2024-12-24,Marketing,Income,8087,8173,Cleared,
20321,2024-10-13,sales,Expense,11134,11133,Cleared,
20322,2024-12-03,sales,Income,19256,19927,Cleared,
20323,2023-12-03,R&D,Income,24681,6044,Pending,
20324,2024-07-26,Admin,Income,14133,7679,Cleared,
20325,2024-04-24,Operations,Income,24475,18232,Cleared,
20326,2024-01-27,Marketing,Expense,11940,6044,Cleared,
20327,2024-12-05,Sales,Income,23219,12949,Cleared,
20328,2024-08-22,sales,Expense,4351,8992,Cleared,
20329,2024-06-18,sales,Expense,,4248,Cleared,
20330,2024-11-10, operations ,Expense,3201,2086,Cleared,
20331,2023-11-20,R&D,Expense,5731,2955,Cleared,
20332,2023-02-14,Marketing,Expense,13095,2116,Cleared,
20333,2023-08-23,Operations,Expense,8732,3435,Cleared,
20334,2023-08-28,Operations,Income,18014,19134,Cleared,
20335,2024-06-10,Admin,Expense,14117,11396,Cleared,
20336,2023-11-06,R&D,Expense,2313,1233,Cleared,
20337,2024-05-01,Sales,Income,19533,14108,Cleared,
20338,2024-05-28,Operations,Expense,13525,9441,Cleared,
20339,2024-07-20, operations ,Income,19319,11134,Pending,
20340,2023-06-02,R&D,Income,21164,5284,Cleared,
20341,2023-02-11,Admin,Income,12052,14271,Cleared,
20342,2023-06-16,Marketing,Expense,5767,7319,Cleared,
20343,2024-07-04,Marketing,Income,19174,6273,Cleared,
20344,2024-02-27, operations ,Income,16009,11655,Pending,
20345,2024-03-12, operations ,Expense,6623,1191,Cleared,
20346,2023-07-07, operations ,Expense,8709,8301,Cleared,
20347,2023-08-15,R&D,Expense,11464,9915,Cleared,
20348,2023-04-04,Marketing,Expense,10564,6356,Cleared,
20349,2024-06-14,Admin,Expense,8809,6392,Cleared,
20350,2023-10-31,Operations,Expense,11688,5589,Cleared,
20351,2024-03-08,Sales,Income,7101,4821,Cleared,
20352,2023-02-13, operations ,Expense,7763,7571,Cleared,
20353,2023-06-19,sales,Income,13914,6929,Cleared,
20354,2024-05-22, operations ,Income,6988,5168,Cleared,
20355,2024-03-05,R&D,Expense,12576,1038,Cleared,
20356,2024-10-04,R&D,Expense,6028,5785,Cleared,
20357,2024-12-12,Admin,Expense,6160,4874,Cleared,
20358,2023-06-10, operations ,Expense,10361,1318,Cleared,
20359,2024-12-26,Marketing,Expense,6405,6265,Cleared,
20360,2023-09-08, operations ,Expense,8446,2894,Cleared,
20361,2023-10-21,Admin,Expense,14243,10041,Pending,
20362,2024-06-18,Sales,Income,23562,7638,Cleared,
20363,2023-05-31, operations ,Income,6325,16522,Cleared,
20364,2024-01-02, operations ,Income,5812,10537,Cleared,
20365,2023-01-31,Sales,Expense,14044,9448,Pending,
20366,2023-01-17, operations ,Expense,4752,1321,Cleared,
20367,2024-01-20,R&D,Expense,12598,11295,Cleared,
20368,2023-03-22,R&D,Expense,12865,9745,Cleared,
20369,2024-06-06,sales,Expense,7637,2281,Cleared,
20370,2024-04-07, operations ,Expense,1527,6646,Cleared,
20371,2024-11-19,Marketing,Expense,3712,4630,Cleared,
20372,2024-12-11,R&D,Expense,7260,8895,Pending,
20373,2024-10-06,R&D,Income,22716,13436,Cleared,
20374,2024-08-22,Admin,Income,12109,18822,Cleared,
20375,2023-07-28,Admin,Income,5749,7299,Pending,
20376,2024-11-21,sales,Expense,,4903,Cleared,
20377,2023-09-15,Admin,Income,18034,17115,Cleared,
20378,04/28/2023,Admin,Expense,-6969,11717,Cleared,
20379,2024-02-14,Marketing,Income,12759,8695,Pending,
20379,2024-02-14,Marketing,Income,12759,8695,Pending,
20380,2024-03-04,sales,Income,20819,13355,Cleared,
20381,2023-12-25,Marketing,Expense,3218,11074,Cleared,
20382,2023-09-05, operations ,Expense,1599,8117,Pending,
20383,2024-03-31,Sales,Income,23673,14152,Cleared,
20384,2024-04-19,Sales,Expense,3636,11092,Cleared,
20385,10/30/2023,Sales,Expense,10264,4795,Cleared,
20386,2023-01-27,Sales,Income,16862,13057,Cleared,
20387,2024-10-06,Marketing,Expense,7837,7195,Cleared,
20388,2023-03-31,Marketing,Expense,14222,7496,Cleared,
20389,2024-11-25,Sales,Expense,12271,8371,Cleared,
20390,2024-04-30,Marketing,Expense,9254,11871,Cleared,
20391,2023-12-30,R&D,Income,5413,6957,Cleared,
20391,2023-12-30,R&D,Income,5413,6957,Cleared,
20392,2024-11-13,Admin,Expense,9020,11847,Cleared,
20393,2023-03-03,R&D,Income,14214,15095,Cleared,
20394,2024-06-02,Marketing,Income,6803,6291,Cleared,
20395,2024-11-25,Admin,Income,18758,19151,Pending,
20396,2024-09-24, operations ,Expense,1192,8747,Cleared,
20397,01/05/2024,sales,Expense,5085,11353,Cleared,
20398,2024-02-10,R&D,Income,22340,10915,Cleared,
20399,2024-11-10, operations ,Income,6801,5952,Cleared,
20400,09/02/2024,Admin,Expense,2588,11288,Cleared,
20401,2023-10-18,Sales,Expense,1677,1231,Cleared,
20402,2024-02-16,Operations,Income,12919,5096,Cleared,
20403,2024-06-22,Operations,Expense,9309,6935,Cleared,
20404,2024-06-12,Operations,Expense,2626,6594,Cleared,
20405,2024-12-17,sales,Expense,12510,8232,Cleared,
20406,04/09/2024,sales,Expense,1130,6140,Pending,
20407,2024-10-10,R&D,Expense,13006,7970,Pending,
20408,2023-01-20,R&D,Income,8751,5489,Cleared,
20409,2024-02-27, operations ,Income,10895,14904,Cleared,
20410,2023-03-23,Marketing,Expense,3528,9533,Cleared,
20411,2024-01-20, operations ,Income,5376,12006,Cleared,
20412,2023-12-13,Sales,Income,23609,10669,Cleared,
20413,2024-02-15, operations ,Income,20518,18747,Cleared,
20414,2024-10-13,Sales,Expense,6726,1617,Cleared,
20415,2023-02-24,Sales,Expense,3437,1075,Cleared,
20416,2023-10-08, operations ,Expense,9772,6870,Cleared,
20417,2024-02-16,R&D,Income,5467,14712,Cleared,
20418,2024-05-04,Sales,Expense,2411,1710,Cleared,
20419,2023-03-29,sales,Income,5557,5053,Cleared,
20420,2023-09-26,Operations,Expense,4234,3025,Cleared,
20421,2023-08-22,R&D,Expense,2296,7319,Cleared,
20422,2024-11-27,Sales,Expense,14686,9793,Cleared,
20423,2024-03-11,Operations,Expense,8094,5016,Cleared,
20424,2023-01-29,R&D,Expense,,2893,Cleared,
20425,02/13/2024,Operations,Income,23417,17171,Pending,
20426,2023-06-08, operations ,Expense,13712,4866,Cleared,
20427,2024-10-12,Admin,Expense,8327,6258,Cleared,
20428,2024-03-07,sales,Expense,6564,7542,Cleared,
20429,2023-10-10,Sales,Expense,10787,2594,Cleared,
20430,2023-07-09,Admin,Expense,8863,5625,Cleared,
20431,2024-07-06,Marketing,Income,-21799,8145,Cleared,
20432,2024-01-03,sales,Expense,5772,8135,Pending,
20433,2024-08-22,Operations,Income,15927,7166,Cleared,
20434,2023-06-21,Operations,Income,23528,6049,Cleared,
20435,2023-04-10,R&D,Income,16886,5946,Cleared,
20436,2024-05-04,R&D,Income,17438,11370,Cleared,
20437,2024-10-18, operations ,Income,6579,5505,Cleared,
20438,2024-03-19,R&D,Expense,4385,2681,Cleared,
20439,2024-08-05,Marketing,Income,11134,12271,Cleared,
20440,2024-10-11,Admin,Expense,8568,6440,Cleared,
20441,2023-01-18,Operations,Expense,5275,2510,Cleared,
20442,2024-03-30,R&D,Income,21893,10595,Cleared,
20443,2023-04-14,sales,Income,11455,14059,Cleared,
20444,2023-05-31,Sales,Income,13002,4189,Cleared,
20445,07/27/2023,R&D,Income,21856,8580,Cleared,
20446,2023-01-30,Operations,Expense,6027,7722,Cleared,
20447,2023-05-24,sales,Income,10267,18559,Cleared,
20448,2024-12-29,Sales,Expense,4887,2120,Cleared,
20449,2023-05-02,Sales,Expense,10892,7860,Cleared,
20450,2023-03-04,Admin,Income,24457,4325,Cleared,
20451,2023-01-08,Admin,Expense,2823,9901,Cleared,
20452,2024-07-13,Marketing,Expense,,8118,Cleared,
20453,2023-08-03, operations ,Income,19955,9172,Cleared,
20454,2024-12-12,R&D,Expense,1376,2925,Cleared,
20455,2023-09-18,Operations,Expense,1319,9029,Cleared,
20456,2023-02-08,R&D,Income,17768,9036,Cleared,
20457,2023-04-26,Sales,Income,10656,5952,Cleared,
20458,2024-05-17,Sales,Expense,4956,11101,Pending,
20459,2024-10-16,Operations,Expense,3856,10739,Pending,
20460,2024-12-08,Sales,Expense,11353,1357,Cleared,
20461,2024-11-04,Sales,Expense,9917,6991,Cleared,
20462,2024-06-20,Admin,Income,23203,11684,Cleared,
20463,2023-01-13, operations ,Expense,6132,4405,Cleared,
20464,2024-10-16,Marketing,Income,6903,6566,Pending,
20465,2023-03-08,Operations,Income,24556,5894,Cleared,
20466,2024-07-28,sales,Expense,13366,4070,Cleared,
20467,2023-10-22, operations ,Expense,12526,1636,Pending,
20468,2023-05-25,sales,Income,11118,15015,Cleared,
20469,2024-01-16,Sales,Expense,7481,8372,Cleared,
20470,2023-05-23,Sales,Expense,4581,8218,Cleared,
20471,2023-12-15,Sales,Income,6240,5493,Cleared,
20472,2024-05-24,Admin,Expense,12287,7123,Cleared,
20473,2023-07-24,Sales,Income,16102,11069,Cleared,
20474,2023-03-22,Marketing,Expense,11784,3588,Cleared,
20475,2023-08-20,Operations,Income,7365,16798,Cleared,
20476,2024-02-09, operations ,Income,17807,8777,Cleared,
20477,2024-07-31,R&D,Expense,2175,4600,Cleared,
20478,01/20/2023,Marketing,Income,21732,4837,Cleared,
20479,2023-08-25,R&D,Income,6925,12314,Cleared,
20480,2023-06-30,Sales,Income,16582,7845,Pending,
20481,2024-03-13,Sales,Income,18457,12109,Cleared,
20482,2023-04-11,Operations,Expense,5140,11622,Cleared,
20483,2024-07-22,Sales,Expense,5530,8156,Cleared,
20484,2023-07-28,Sales,Income,8105,18013,Cleared,
20485,2023-06-04,Admin,Expense,5676,7021,Cleared,
20486,2024-04-21,R&D,Income,5237,9946,Cleared,
20487,2024-08-03,Sales,Expense,5237,3224,Cleared,
20488,2023-12-15,Sales,Income,12050,4548,Cleared,
20489,2023-10-09,Sales,Expense,,7453,Cleared,
20490,2024-07-13,Sales,Expense,12122,2150,Cleared,
20491,2023-06-02,R&D,Income,7731,9397,Cleared,
20492,2024-06-15,Sales,Income,17727,11231,Cleared,
20493,2024-08-03,Admin,Income,18058,14453,Cleared,
20494,2024-04-21,Marketing,Income,16332,19677,Cleared,
20495,2023-06-23,sales,Income,6102,8109,Cleared,
20496,2023-10-27,sales,Expense,5710,10594,Cleared,
20497,2023-10-18,Operations,Expense,5542,10682,Cleared,
20498,2024-05-01, operations ,Income,14572,16956,Pending,
20499,2023-04-26,Admin,Expense,12719,9901,Cleared,
20500,2023-05-20,Sales,Income,9144,12654,Pending,
20501,2024-10-24,Admin,Expense,10459,9398,Cleared,
20502,2024-01-20,R&D,Income,11491,15493,Pending,
20503,2024-12-16,Marketing,Expense,7508,5538,Cleared,
20504,2024-11-11,Sales,Expense,7845,9667,Cleared,
20505,2024-08-16,Marketing,Income,,16131,Cleared,
20506,2023-11-15,Sales,Expense,3735,11953,Pending,
20507,2023-11-24,Admin,Income,-16879,10576,Cleared,
20508,2024-06-28, operations ,Expense,10834,9633,Cleared,
20509,2024-06-07, operations ,Expense,8009,3132,Cleared,
20510,2024-05-06,Marketing,Income,17511,11319,Cleared,
20511,2024-06-24,Marketing,Income,19861,12349,Cleared,
20512,2023-07-23,Marketing,Income,15920,6344,Cleared,
20513,03/15/2024,Marketing,Income,22271,13982,Cleared,
20514,2023-07-11,Marketing,Expense,14519,9613,Cleared,
20515,2023-08-06,Marketing,Income,,11557,Cleared,
20516,2024-09-20,Operations,Income,8098,15464,Cleared,
20517,2024-09-17,Marketing,Expense,3081,5957,Cleared,
20518,2023-01-22,Sales,Expense,2422,3741,Cleared,
20519,2024-04-29,Sales,Expense,6371,10515,Cleared,
20520,2023-01-07,sales,Expense,2709,3366,Cleared,
20521,2023-11-16, operations ,Expense,7290,8468,Cleared,
20522,2024-12-04, operations ,Income,14111,7351,Cleared,
20523,2024-05-30,R&D,Income,20082,16182,Cleared,
20524,2023-04-04,sales,Income,24061,18926,Cleared,
20525,2024-08-01,Admin,Expense,4991,3234,Cleared,
20526,2023-12-01,Admin,Expense,1810,3454,Pending,
20527,2023-11-09,R&D,Income,20557,4122,Cleared,
20528,2023-08-17,Marketing,Income,14833,7484,Cleared,
20529,2023-06-10,Sales,Expense,6995,6409,Cleared,
20530,2024-04-23,Admin,Expense,4863,4952,Cleared,
20531,2023-08-25,Admin,Expense,9385,4354,Cleared,
20532,2024-02-29,Operations,Expense,-7548,1221,Pending,
20533,2024-07-05,Operations,Expense,13149,2671,Cleared,
20534,2023-07-26,R&D,Expense,4187,1526,Cleared,
20535,2023-02-02,sales,Expense,3078,11538,Cleared,
20536,2023-09-05,Marketing,Expense,8311,7714,Cleared,
20537,2024-07-28,Marketing,Income,16155,6456,Cleared,
20538,2023-08-19,R&D,Expense,4377,10007,Cleared,
20539,2024-12-25,R&D,Expense,12099,2185,Pending,
20540,2024-11-20,sales,Expense,5707,2962,Pending,
20541,2024-06-30,Operations,Expense,14160,1302,Cleared,
20542,2024-08-04,Operations,Expense,7367,6357,Cleared,
20543,2023-01-07,Admin,Expense,7655,10987,Cleared,
20544,03/05/2023,Admin,Income,8217,10072,Pending,
20545,2024-01-01,Operations,Income,21402,11199,Cleared,
20546,2024-07-02,Sales,Expense,14813,3421,Cleared,
20547,2024-03-03,Operations,Expense,9626,9233,Cleared,
20548,2023-06-06,R&D,Expense,14284,4715,Cleared,
20549,2024-01-28,R&D,Expense,5355,8749,Cleared,
20550,2023-10-06,R&D,Expense,3510,8884,Cleared,
20551,2024-04-28,Marketing,Income,17684,4699,Cleared,
20552,2024-08-11,Admin,Income,14890,5401,Cleared,
20553,2023-03-31,R&D,Expense,10713,5384,Cleared,
20554,2024-05-04, operations ,Expense,6085,11348,Pending,
20555,2024-07-05, operations ,Expense,2892,9458,Cleared,
20556,2023-12-05,Sales,Expense,14286,2420,Cleared,
20557,2024-08-13,R&D,Income,,4032,Cleared,
20558,2024-07-12,Sales,Expense,3194,4765,Cleared,
20559,2023-07-28,Marketing,Income,20369,10141,Cleared,
20560,2024-09-05, operations ,Expense,7420,4901,Cleared,
20561,2024-11-09,Sales,Expense,5564,6786,Cleared,
20562,2023-09-11,Admin,Expense,14304,10095,Cleared,
20563,2024-03-26,Sales,Expense,10994,9738,Cleared,
20564,2023-01-08,Marketing,Expense,14943,3136,Pending,
20565,2023-12-24,R&D,Income,22729,13704,Cleared,
20566,2023-03-25,sales,Income,15318,6564,Cleared,
20567,2023-10-06,Operations,Expense,-9348,1511,Cleared,
20568,2023-06-25,Marketing,Income,7096,15627,Cleared,
20569,2023-12-19, operations ,Expense,10622,10033,Cleared,
20570,2023-10-15,Marketing,Expense,13043,3592,Cleared,
20571,2024-03-07,Admin,Income,12815,7193,Pending,
20572,2024-11-01,Operations,Income,5971,10958,Cleared,
20573,2024-06-11,Operations,Expense,6075,5710,Cleared,
20574,2024-09-22,Admin,Expense,8234,4019,Cleared,
20575,2024-08-03,Marketing,Income,23348,16132,Cleared,
20576,2024-08-21, operations ,Expense,2634,9107,Cleared,
20577,2023-12-23,Sales,Income,23499,11367,Cleared,
20578,2023-03-02, operations ,Expense,14724,2294,Cleared,
20579,2024-04-21,Sales,Expense,1697,3148,Cleared,
20580,2023-04-03,Operations,Expense,14997,6316,Cleared,
20581,2024-07-08,Admin,Expense,5790,3138,Cleared,
20582,2023-03-11,sales,Income,11202,19449,Cleared,
20583,2024-06-18,Sales,Expense,10059,7177,Cleared,
20584,2024-08-28,R&D,Income,21890,4271,Cleared,
20585,2023-07-21,Operations,Expense,,9669,Cleared,
20586,2023-12-22,Operations,Expense,11153,8085,Pending,
20587,2024-05-09,Admin,Income,8383,13336,Cleared,
20588,2023-04-09,Admin,Income,-14066,6631,Cleared,
20589,2023-01-17,Operations,Expense,1135,10735,Cleared,
20590,2024-06-25,Admin,Expense,3490,7889,Cleared,
20591,2024-11-10, operations ,Expense,13585,2993,Cleared,
20592,2024-04-11,sales,Income,20166,7023,Cleared,
20593,2023-05-05,sales,Income,16015,8469,Pending,
20594,2023-05-20,sales,Expense,13994,1813,Cleared,
20595,2024-04-20, operations ,Income,16239,4769,Cleared,
20596,2023-02-24,R&D,Income,23608,19313,Cleared,
20597,2024-03-04,sales,Income,,11455,Cleared,
20598,2023-12-27,Sales,Expense,9866,8481,Cleared,
20599,09/24/2023, operations ,Income,20057,8455,Cleared,
20600,2023-02-07,sales,Income,9832,8404,Cleared,
20601,2023-08-24,Sales,Expense,7928,9162,Cleared,
20602,2024-06-11,Sales,Expense,4568,7433,Cleared,
20603,2024-09-19,Operations,Income,17666,12932,Cleared,
20604,2023-03-25,Operations,Income,8598,11342,Cleared,
20605,2024-08-01,sales,Expense,4478,10330,Cleared,
20606,2024-04-30,sales,Expense,4302,3628,Cleared,
20607,2023-08-10,sales,Income,7727,18562,Cleared,
20608,2024-12-19,Sales,Expense,5188,5209,Pending,
20609,2024-10-25,Admin,Expense,10705,6087,Cleared,
20610,2024-02-14,Admin,Expense,10910,8883,Cleared,
20611,2024-06-17,Sales,Expense,10418,5511,Cleared,
20612,2023-03-16,Marketing,Expense,1387,11259,Cleared,
20613,2024-11-28, operations ,Expense,4298,7209,Cleared,
20614,2024-09-03,Admin,Expense,1765,2866,Cleared,
20615,2023-06-04,Operations,Income,21765,18681,Cleared,
20616,2023-08-02,sales,Expense,6362,1584,Cleared,
20617,2024-06-20,R&D,Expense,-1226,7360,Pending,
20618,2024-12-21,R&D,Income,14245,8867,Cleared,
20619,2023-09-16,Marketing,Income,10798,14931,Cleared,
20619,2023-09-16,Marketing,Income,10798,14931,Cleared,
20620,2023-05-26,sales,Expense,8670,9616,Cleared,
20621,2024-10-30,Admin,Expense,12039,7115,Cleared,
20622,2023-12-11, operations ,Expense,11554,8143,Cleared,
20623,2023-01-17,Sales,Expense,10214,9379,Cleared,
20624,2023-03-23,Marketing,Expense,6639,8926,Cleared,
20625,2023-02-09,Marketing,Income,15604,15388,Cleared,
20626,2024-04-03,sales,Expense,4325,7733,Cleared,
20627,2024-07-22, operations ,Expense,14543,3446,Cleared,
20628,2023-06-07,Operations,Expense,4900,1838,Cleared,
20629,2023-10-14, operations ,Expense,1718,4373,Cleared,
20630,2023-10-29,R&D,Income,24110,7064,Cleared,
20631,2023-11-14,R&D,Expense,10551,1577,Cleared,
20632,2024-01-22,Sales,Income,17681,12794,Cleared,
20633,08/31/2024,sales,Income,17411,12018,Cleared,
20634,2024-11-08,sales,Income,15241,8394,Cleared,
20635,2024-03-19,Admin,Income,10229,8148,Cleared,
20636,2023-03-07,Admin,Expense,7637,5718,Cleared,
20637,2023-01-18,Sales,Expense,4272,10529,Cleared,
20638,2024-09-21,Admin,Expense,1738,7231,Pending,
20639,2023-03-14,Marketing,Income,24944,14613,Cleared,
20640,2023-01-30,R&D,Income,,16165,Pending,
20641,2023-02-11,sales,Income,15873,16444,Cleared,
20642,2023-01-27,Sales,Expense,2138,5994,Cleared,
20643,2024-09-30,Admin,Expense,5470,6492,Cleared,
20644,2024-04-10,Admin,Expense,5272,11069,Cleared,
20645,2023-02-08,sales,Expense,1660,6311,Pending,
20646,2023-04-15,R&D,Expense,8286,3861,Pending,
20647,10/22/2024,Marketing,Income,10399,14920,Cleared,
20648,2024-07-14,Operations,Income,15355,16872,Cleared,
20649,2024-01-05,Admin,Income,7990,14712,Cleared,
20650,2023-08-26,Operations,Expense,5413,1502,Cleared,
20651,2024-04-05, operations ,Expense,11545,6432,Cleared,
20652,2023-10-05,sales,Income,15772,11671,Cleared,
20653,2024-08-01, operations ,Expense,12766,6196,Cleared,
20654,2024-10-04,R&D,Income,9115,9137,Cleared,
20655,2024-08-27,Sales,Income,18293,13843,Cleared,
20656,05/06/2024,Admin,Expense,9001,1893,Pending,
20657,2024-09-27,Operations,Expense,12691,3404,Pending,
20658,2024-08-20,Sales,Income,20436,4187,Pending,
20659,2023-03-31,Operations,Income,20963,17591,Cleared,
20660,2024-10-23,sales,Income,,9211,Cleared,
20661,2023-09-05,Operations,Income,5333,6161,Cleared,
20662,2024-11-24,Marketing,Expense,3209,2856,Cleared,
20663,2024-06-13,Sales,Expense,5365,4116,Cleared,
20664,2023-08-06,sales,Expense,13400,8026,Cleared,
20665,2023-06-03,R&D,Expense,3437,11295,Cleared,
20666,2024-10-26,Sales,Expense,11080,8193,Cleared,
20667,2023-12-07,Admin,Expense,-4672,10089,Cleared,
20668,2023-12-22,Admin,Expense,11862,6604,Cleared,
20669,2024-10-17,Operations,Expense,8506,5897,Cleared,
20670,2024-01-08,Sales,Expense,3743,9159,Cleared,
20671,2024-11-04,Marketing,Expense,2807,7029,Cleared,
20672,2023-12-21,Admin,Income,21715,18930,Cleared,
20673,2023-03-11, operations ,Expense,1113,1541,Cleared,
20674,2024-12-02, operations ,Income,14057,6126,Cleared,
20675,2023-07-14, operations ,Expense,11441,9689,Cleared,
20676,2023-10-07, operations ,Expense,4540,5001,Cleared,
20677,2024-01-14,Admin,Expense,-4499,3297,Cleared,
20678,2024-05-13, operations ,Income,16009,16882,Cleared,
20679,07/06/2023,Admin,Expense,10113,1947,Cleared,
20680,2023-05-12,Operations,Expense,,4371,Cleared,
20681,2024-07-30,Operations,Expense,9126,7501,Cleared,
20682,2024-01-23, operations ,Income,21495,11631,Cleared,
20683,2024-06-18,Sales,Expense,,2049,Cleared,
20684,2023-05-28,sales,Income,13580,17608,Pending,
20685,2023-01-17,R&D,Expense,8810,5867,Pending,
20686,2024-11-21,sales,Income,-21092,14213,Cleared,
20687,08/28/2024,Operations,Income,9907,15718,Cleared,
20688,2024-01-22,Marketing,Expense,2978,11492,Cleared,
20689,08/07/2023,Operations,Expense,5175,9739,Cleared,
20690,2024-09-01,Sales,Expense,4218,11845,Cleared,
20691,2024-02-21, operations ,Expense,,3943,Cleared,
20692,2023-01-14,Operations,Income,8718,16535,Cleared,
20693,2024-11-06,sales,Income,7792,17967,Cleared,
20694,2023-06-25,R&D,Expense,8132,11526,Cleared,
20695,2024-05-04,Admin,Expense,11813,8198,Cleared,
20696,2023-01-13,Admin,Expense,13603,5175,Cleared,
20697,2024-10-03,Marketing,Expense,9550,10387,Cleared,
20698,2024-02-16,Marketing,Expense,11932,2404,Cleared,
20699,2023-07-11,Admin,Income,7761,19194,Cleared,
20700,2024-01-28,Marketing,Expense,3134,5424,Cleared,
20701,2023-01-02,Marketing,Income,22660,6106,Cleared,
20702,2024-08-27,Sales,Income,11555,11406,Cleared,
20703,2023-09-25,Operations,Expense,10687,1797,Cleared,
20704,2024-03-04,Marketing,Expense,7761,4036,Cleared,
20704,2024-03-04,Marketing,Expense,7761,4036,Cleared,
20705,2024-10-21,Admin,Expense,5232,4943,Cleared,
20706,2024-07-01,Operations,Expense,8732,1234,Cleared,
20707,2023-12-20,Sales,Expense,-3593,1290,Cleared,
20708,06/08/2023,R&D,Expense,11602,9922,Cleared,
20709,2024-12-20,Sales,Expense,9793,11983,Cleared,
20710,2023-10-16,Marketing,Expense,8316,6646,Cleared,
20711,2023-09-14,Operations,Income,14455,15257,Cleared,
20712,2024-04-09,Operations,Expense,12544,8852,Cleared,
20713,2023-06-15,Marketing,Expense,10185,6112,Cleared,
20714,2024-03-08, operations ,Income,24648,18367,Cleared,
20715,2024-11-15,Operations,Income,21519,17972,Cleared,
20716,2024-01-13, operations ,Income,5983,5690,Cleared,
20716,2024-01-13, operations ,Income,5983,5690,Cleared,
20717,2024-11-18,Operations,Expense,,2630,Cleared,
20718,2024-11-20,Operations,Income,,14966,Cleared,
20719,2024-08-31,Operations,Expense,11179,9885,Cleared,
20720,2024-11-28,Admin,Expense,14763,9734,Pending,
20721,2023-04-18,Sales,Expense,13098,8752,Cleared,
20722,2024-12-09,sales,Expense,-3436,6255,Cleared,
20723,2023-12-24,sales,Income,24435,16168,Cleared,
20724,2023-05-13,Operations,Expense,9902,3503,Cleared,
20725,2023-01-18,Sales,Expense,13688,1487,Cleared,
20726,2024-07-22,Operations,Expense,3631,10254,Cleared,
20727,2024-01-18,R&D,Expense,3544,6914,Cleared,
20728,2023-08-14,Operations,Expense,-5437,6675,Cleared,
20729,2024-02-22,Sales,Expense,10465,4352,Cleared,
20730,03/12/2024,Sales,Expense,7982,9983,Cleared,
20731,2023-05-28, operations ,Income,8928,4481,Cleared,
20732,2024-08-28,sales,Expense,8437,3227,Pending,
20733,2023-04-03,Sales,Income,11973,8924,Cleared,
20734,2023-02-17, operations ,Expense,,6151,Cleared,
20735,01/05/2024,Operations,Income,24296,8173,Pending,
20736,2024-11-15,Admin,Expense,4387,9850,Pending,
20737,2024-04-26,Marketing,Expense,9496,5837,Cleared,
20738,2024-03-18,Sales,Income,12416,5263,Cleared,
20739,2023-07-05, operations ,Expense,8877,6294,Cleared,
20740,2024-06-13,Operations,Expense,14809,4764,Cleared,
20741,2024-06-05,Marketing,Expense,10652,1914,Cleared,
20742,2024-02-02,Operations,Expense,9889,8757,Cleared,
20743,2024-05-08,R&D,Income,11762,10338,Cleared,
20744,2023-06-21,sales,Expense,6227,4238,Cleared,
20745,2023-08-11,sales,Expense,6264,4192,Pending,
20746,2024-10-19,Operations,Income,21989,9337,Cleared,
20747,2023-08-07,sales,Income,23561,13856,Cleared,
20748,2024-11-10,Marketing,Expense,,3054,Pending,
20749,2023-05-23,sales,Income,7567,15697,Cleared,
20750,2024-08-21,Sales,Expense,3530,11609,Cleared,
20751,06/09/2024,Admin,Expense,5912,4635,Cleared,
20752,2024-09-22,sales,Expense,2375,8898,Cleared,
20753,07/19/2024,Marketing,Expense,8290,1205,Cleared,
20754,2024-03-21,R&D,Income,11565,6450,Cleared,
20755,2023-10-15,Operations,Income,8515,10124,Cleared,
20756,2024-01-18,Admin,Income,24706,15106,Cleared,
20757,2023-03-30, operations ,Expense,1737,1878,Cleared,
20758,2024-09-10,Operations,Income,21070,8098,Cleared,
20759,2023-01-23,R&D,Income,11638,17800,Cleared,
20760,2023-07-16,Marketing,Income,18526,9461,Cleared,
20761,2023-12-05, operations ,Expense,9612,5276,Cleared,
20762,2024-06-05,sales,Expense,5220,9905,Cleared,
20763,2024-10-07,R&D,Expense,10460,3573,Cleared,
20764,2023-12-15,R&D,Income,18475,16584,Cleared,
20765,2023-06-05,Admin,Expense,13866,3258,Cleared,
20766,2024-08-01,Operations,Income,9235,15869,Cleared,
20767,2023-12-19,Admin,Income,10041,6243,Cleared,
20768,2023-07-09,Operations,Income,24546,19636,Cleared,
20769,2024-03-13,Admin,Expense,10377,4481,Pending,
20770,2023-03-08,R&D,Income,14204,8183,Cleared,
20771,2024-05-08,Operations,Expense,9504,10998,Cleared,
20772,2024-05-23,Admin,Expense,11946,10572,Cleared,
20773,2024-04-26, operations ,Income,13470,19513,Pending,
20774,2024-06-21,sales,Expense,,9383,Cleared,
20775,2023-07-16,Sales,Expense,4286,6279,Cleared,
20776,2024-10-26,Marketing,Income,-7388,13354,Cleared,
20777,2024-01-22, operations ,Expense,7975,4010,Cleared,
20778,2023-07-29, operations ,Expense,10334,10960,Cleared,
20779,2023-09-19,Admin,Income,21103,10478,Cleared,
20780,2024-07-03,sales,Expense,4239,3307,Cleared,
20781,2024-06-23,sales,Income,11049,13238,Cleared,
20782,2024-08-17,Admin,Income,10596,19408,Cleared,
20783,2023-03-03,Marketing,Expense,4747,5440,Cleared,
20784,2024-12-10, operations ,Income,9095,13943,Cleared,
20785,2024-09-01,sales,Expense,6540,10173,Cleared,
20786,2024-08-04,Sales,Income,22527,13444,Cleared,
20787,2023-03-16,Marketing,Income,9844,19398,Cleared,
20788,2023-08-17,R&D,Income,10180,12073,Cleared,
20789,2023-03-31,Operations,Income,18202,12658,Cleared,
20790,2023-02-25,Marketing,Income,7507,12217,Cleared,
20791,2024-07-16,Admin,Expense,14378,8782,Cleared,
20792,2023-11-06,sales,Expense,11866,3966,Cleared,
20793,2023-11-12,Marketing,Income,16651,18280,Cleared,
20794,2023-04-12,R&D,Expense,10286,4396,Cleared,
20795,2024-03-13, operations ,Expense,3675,3759,Cleared,
20796,2023-06-04,Sales,Expense,1023,5592,Pending,
20797,2024-10-09,Admin,Income,9655,5345,Pending,
20798,2023-02-19,sales,Expense,2421,10380,Cleared,
20799,2023-10-28,Operations,Income,-15676,17791,Cleared,
20800,2024-05-28,R&D,Income,6315,4499,Cleared,
20801,2024-11-01,Admin,Expense,12024,4912,Cleared,
20802,2024-10-12,Operations,Expense,10119,8850,Cleared,
20803,2023-02-27,Marketing,Expense,11691,2116,Cleared,
20804,2024-12-17,Admin,Income,13251,4204,Cleared,
20805,2024-01-03,R&D,Expense,5975,5621,Cleared,
20806,2023-12-29,Operations,Income,5566,12858,Cleared,
20807,2024-11-28,Sales,Income,8343,4796,Cleared,
20808,2023-06-18, operations ,Expense,13148,10523,Cleared,
20809,2023-04-30,Sales,Income,16473,10883,Cleared,
20810,2024-09-05,Operations,Expense,4115,11504,Cleared,
20811,08/09/2024,R&D,Expense,2707,2364,Cleared,
20812,2024-06-16,Admin,Expense,8309,4881,Cleared,
20813,2023-07-31,sales,Income,20965,15589,Cleared,
20814,2024-12-09,sales,Income,15792,6512,Cleared,
20815,2024-03-12,sales,Expense,2814,3061,Cleared,
20816,2024-07-09,Sales,Expense,1221,7287,Cleared,
20817,08/10/2024,R&D,Expense,3697,2005,Cleared,
20818,2023-08-09,Marketing,Income,7789,6930,Cleared,
20819,09/05/2024,Sales,Income,8024,8281,Cleared,
20820,2023-01-08,R&D,Expense,10026,7255,Cleared,
20821,2024-01-11,Operations,Income,16361,5687,Cleared,
20822,2023-08-13,sales,Expense,8810,9517,Cleared,
20823,2024-09-18,R&D,Income,12089,10639,Cleared,
20824,2024-01-19,Marketing,Income,6928,12405,Cleared,
20825,2024-07-06,R&D,Income,18211,17071,Cleared,
20826,2024-11-25,Operations,Expense,3512,1205,Cleared,
20827,2024-12-07,Sales,Income,11159,12134,Cleared,
20828,2024-08-12,Sales,Income,8352,15196,Cleared,
20829,11/14/2023,R&D,Expense,9675,11773,Cleared,
20830,2024-06-28,Admin,Expense,2096,10192,Cleared,
20831,2024-09-20, operations ,Income,6260,15475,Cleared,
20832,2023-01-28,Marketing,Income,19350,19027,Cleared,
20833,2024-08-23,Admin,Income,10730,14350,Cleared,
20834,2024-11-08,R&D,Expense,10469,2587,Cleared,
20835,2024-07-23, operations ,Expense,1569,4294,Cleared,
20836,2023-11-30,sales,Expense,5611,4882,Cleared,
20837,2023-05-22,Admin,Income,-16039,11632,Cleared,
20838,2024-06-01, operations ,Expense,8679,11391,Cleared,
20839,2024-05-23, operations ,Income,22515,15622,Cleared,
20840,2024-01-02, operations ,Income,19175,8997,Cleared,
20841,2023-08-01,Operations,Income,13606,13691,Cleared,
20842,2024-05-04,Sales,Expense,11077,3693,Cleared,
20843,2024-09-24,Admin,Income,6430,4673,Cleared,
20844,2024-04-16,Operations,Expense,10741,6623,Cleared,
20845,2023-09-07, operations ,Expense,10143,11424,Cleared,
20846,2024-05-11,Operations,Income,18953,6485,Cleared,
20847,2024-02-11,R&D,Expense,11338,6748,Cleared,
20848,2023-10-28, operations ,Income,14664,14135,Cleared,
20849,2024-06-28,sales,Income,16125,17428,Pending,
20850,2024-12-14,Marketing,Income,19252,11014,Pending,
20851,2023-12-13,Operations,Expense,1731,7152,Cleared,
20852,2024-09-30,R&D,Income,17853,13140,Cleared,
20853,2023-12-28, operations ,Expense,4246,7136,Cleared,
20854,2024-11-01,sales,Income,17985,7030,Cleared,
20855,2024-09-23,Marketing,Expense,10325,4991,Cleared,
20856,2023-10-17, operations ,Income,17703,18395,Cleared,
20857,2024-05-25,R&D,Expense,3046,8337,Cleared,
20858,2024-03-16, operations ,Income,5680,11099,Cleared,
20859,2023-05-27,sales,Income,17951,9151,Cleared,
20860,2023-11-19,Marketing,Expense,5172,5994,Cleared,
20861,2024-05-09,Admin,Income,15757,16960,Cleared,
20862,2024-01-18,Admin,Income,10866,19528,Cleared,
20863,2023-08-14,Sales,Expense,1165,2653,Pending,
20864,2024-11-14,Marketing,Expense,3677,11878,Cleared,
20865,2023-12-31, operations ,Expense,4157,7970,Cleared,
20866,2024-12-15,R&D,Expense,10667,10118,Cleared,
20867,2023-12-31,Admin,Expense,4580,8626,Cleared,
20868,2024-10-15,R&D,Income,11486,13130,Cleared,
20869,2023-10-01,Sales,Expense,9419,8489,Cleared,
20870,2023-05-30,Admin,Income,11752,13613,Cleared,
20871,2023-02-02, operations ,Income,13639,8232,Cleared,
20872,2024-07-07,Sales,Expense,1184,2749,Cleared,
20873,2023-10-20,Admin,Expense,2398,9194,Cleared,
20874,2024-01-18,Admin,Expense,5670,5812,Cleared,
20875,2024-11-06, operations ,Income,17084,9154,Cleared,
20876,2023-02-18,Sales,Expense,2840,9538,Cleared,
20877,2023-04-20,R&D,Expense,9348,11848,Cleared,
20878,2024-05-04,sales,Expense,10084,6246,Cleared,
20879,2023-01-12, operations ,Expense,10190,7212,Cleared,
20880,2023-05-20,sales,Expense,3621,4367,Cleared,
20881,2023-02-22,Sales,Expense,8110,8098,Cleared,
20882,2023-07-06,sales,Income,18437,17595,Cleared,
20883,2024-04-09,Admin,Expense,6376,4084,Cleared,
20884,2023-03-07,Marketing,Expense,,9080,Cleared,
20885,2024-01-18,sales,Income,11034,13745,Cleared,
20886,2023-12-09,Admin,Income,24628,16153,Cleared,
20887,2023-05-14,R&D,Expense,8898,7965,Cleared,
20888,2024-10-29, operations ,Income,15156,6702,Cleared,
20889,2024-09-03,Admin,Income,22475,13410,Cleared,
20890,2023-02-16,Admin,Expense,12603,11090,Cleared,
20891,07/08/2023,sales,Expense,6930,8021,Cleared,
20892,2023-09-05,sales,Expense,6451,4325,Cleared,
20893,2024-06-06,sales,Expense,13231,5942,Cleared,
20894,2023-06-18, operations ,Expense,8234,9926,Cleared,
20895,2024-08-25,sales,Expense,9505,9982,Cleared,
20896,2024-11-12,Sales,Expense,14341,9129,Cleared,
20897,2023-11-04,Marketing,Income,16647,5685,Cleared,
20898,2023-09-02,sales,Expense,3110,4525,Cleared,
20899,2024-09-22,Sales,Expense,10195,9855,Pending,
20900,2024-04-19, operations ,Expense,12392,10722,Cleared,
20901,2023-09-29,sales,Expense,3677,8686,Cleared,
20902,04/27/2023,Operations,Expense,2543,3221,Cleared,
20903,2023-06-18,sales,Income,23562,12913,Cleared,
20904,2023-03-11,sales,Expense,10585,3589,Cleared,
20905,2023-08-09,Admin,Income,17366,13835,Cleared,
20906,2023-06-22,sales,Income,10426,5372,Cleared,
20907,2023-06-04,sales,Income,15755,7484,Cleared,
20908,2024-10-03,Admin,Expense,7655,2331,Cleared,
20909,2024-09-13, operations ,Income,5617,7379,Cleared,
20910,2024-03-08,Sales,Income,19924,5649,Cleared,
20911,2024-02-06,R&D,Expense,11268,11243,Pending,
20912,2023-12-04,sales,Expense,11961,6824,Cleared,
20913,2023-07-16,Operations,Expense,4943,2408,Pending,
20914,2024-12-27, operations ,Income,20261,13649,Cleared,
20915,2023-01-26,Admin,Income,7732,13596,Cleared,
20916,2024-05-27,Marketing,Expense,2838,1859,Cleared,
20917,2024-11-22,Sales,Expense,3164,4015,Pending,
20918,2023-10-14,Sales,Income,10838,14033,Cleared,
20919,2023-06-30,R&D,Expense,10390,8545,Cleared,
20920,2023-12-09, operations ,Expense,3129,7196,Cleared,
20921,2023-11-29,Admin,Income,21479,11437,Cleared,
20922,2023-08-04,Sales,Expense,6022,7335,Cleared,
20923,2023-08-26,Sales,Income,19202,6267,Pending,
20924,2023-09-13,sales,Expense,4172,11231,Cleared,
20925,2024-07-06,Marketing,Expense,6464,3842,Cleared,
20926,2024-02-27,Sales,Expense,8530,8553,Cleared,
20927,2023-01-31,Marketing,Expense,3150,8360,Cleared,
20928,2024-09-27, operations ,Expense,10960,6685,Cleared,
20929,2023-07-04,Operations,Income,7995,15457,Cleared,
20930,2023-01-05,Operations,Income,8272,10072,Cleared,
20931,2024-11-10,Admin,Income,19101,4683,Cleared,
20932,2023-03-24,R&D,Expense,7008,9418,Cleared,
20933,09/07/2023,Admin,Expense,6916,7292,Cleared,
20934,2024-10-23,Marketing,Income,,5056,Cleared,
20935,2024-08-24,R&D,Income,13548,16887,Cleared,
20936,2023-03-02,R&D,Income,12600,18676,Cleared,
20937,2024-04-02,Marketing,Expense,2615,4076,Cleared,
20938,2023-05-20,Marketing,Income,17276,14507,Cleared,
20939,2024-08-13, operations ,Income,9993,5951,Cleared,
20940,2023-12-01,Sales,Expense,7728,6011,Pending,
20941,2024-08-17,sales,Expense,3894,10052,Cleared,
20942,2023-09-20,Sales,Income,11490,11252,Cleared,
20943,2024-10-08,Admin,Expense,13677,5609,Cleared,
20944,2023-04-02,R&D,Income,21063,10901,Cleared,
20945,2024-01-02,Admin,Income,9877,9215,Cleared,
20946,2024-08-24,Admin,Expense,4667,11493,Cleared,
20947,2024-12-17,R&D,Income,16966,15708,Cleared,
20948,2023-05-03,Marketing,Expense,7878,9080,Cleared,
20949,2024-12-11,Sales,Expense,5683,8192,Cleared,
20950,2024-05-05, operations ,Income,13894,12245,Cleared,
20951,2024-05-14,Marketing,Income,22201,12040,Cleared,
20952,2024-07-10,Admin,Expense,12408,7124,Pending,
20953,2024-07-06,sales,Income,9437,4258,Cleared,
20954,2023-03-22,Operations,Expense,13530,6782,Cleared,
20955,2023-09-19,sales,Expense,2223,6309,Cleared,
20956,2024-11-28,Sales,Expense,11573,6943,Cleared,
20957,2024-12-10,Sales,Expense,6830,11256,Cleared,
20958,2023-09-12,Operations,Income,16729,13361,Cleared,
20959,2023-12-25, operations ,Expense,1291,4597,Cleared,
20960,2023-01-10,Operations,Expense,13034,2532,Cleared,
20961,2023-11-02, operations ,Expense,8557,6596,Pending,
20962,2023-10-13,Admin,Income,12052,8688,Cleared,
20963,2023-12-28,Sales,Expense,,1062,Cleared,
20964,2024-08-15,Marketing,Income,11428,13544,Pending,
20965,2024-02-10,Admin,Income,24261,18336,Cleared,
20966,2024-06-05,sales,Income,18205,19579,Cleared,
20967,2023-03-03,sales,Expense,6024,8839,Cleared,
20968,2023-11-03,sales,Expense,8482,4408,Cleared,
20969,2023-07-14,Sales,Expense,11250,11099,Cleared,
20970,2023-03-08,Operations,Expense,6981,9920,Cleared,
20971,2023-02-09,Admin,Expense,3062,2006,Cleared,
20972,2023-06-20,Sales,Income,10342,9301,Cleared,
20973,2024-12-30,Operations,Expense,10316,8268,Cleared,
20974,2023-03-14,Admin,Expense,5560,1264,Cleared,
20975,2024-11-08, operations ,Income,7277,18440,Cleared,
20976,2023-12-05,R&D,Income,10034,11306,Cleared,
20977,2024-02-07,Sales,Expense,4522,9014,Cleared,
20978,2023-06-09,Admin,Income,15249,8105,Cleared,
20979,2023-07-31,Marketing,Expense,-4636,2637,Cleared,
20980,2024-08-28,Sales,Income,6789,10376,Cleared,
20981,2023-08-22, operations ,Expense,13291,8020,Cleared,
20982,2024-03-17,Sales,Expense,3751,9332,Cleared,
20983,2024-06-10,Admin,Income,13270,4987,Cleared,
20984,2024-11-03,Operations,Income,13850,17279,Cleared,
20985,2024-10-15,Admin,Income,10282,13382,Cleared,
20986,2023-04-22,R&D,Expense,10299,1801,Cleared,
20987,2023-04-01,Sales,Expense,2037,8982,Cleared,
20988,2024-05-25,Sales,Expense,3912,2256,Cleared,
20989,2023-08-03, operations ,Expense,14458,6745,Cleared,
20990,2023-02-10, operations ,Expense,7957,3835,Cleared,
20991,2023-11-24,sales,Expense,9861,3833,Cleared,
20992,2023-10-20, operations ,Expense,8318,6238,Cleared,
20993,2023-08-11,Admin,Expense,5355,3573,Cleared,
20994,2024-10-20,Sales,Income,12560,15676,Cleared,
20995,2023-12-09, operations ,Expense,14558,9098,Cleared,
20996,2023-09-17,Marketing,Expense,4268,8428,Cleared,
20997,2023-05-22,Marketing,Expense,-10079,8268,Cleared,
20998,2024-05-17,Admin,Expense,2164,5951,Cleared,
20999,2023-12-20,Sales,Income,16894,10519,Cleared,
21000,2024-09-13,Operations,Expense,8139,11832,Cleared,
21001,2024-06-06, operations ,Expense,5646,8397,Cleared,
21002,2024-06-17,R&D,Expense,13807,3959,Pending,
21003,2023-05-03,Marketing,Expense,,2408,Cleared,
21004,2024-07-13,Sales,Income,22172,5768,Cleared,
21005,2024-03-06,Marketing,Income,-24451,14992,Cleared,
21006,2024-08-20,Marketing,Income,7789,10261,Cleared,
21007,2023-01-03, operations ,Expense,1244,1324,Cleared,
21008,2023-05-04, operations ,Income,18018,19098,Cleared,
21009,2023-04-04,Sales,Income,10610,18037,Cleared,
21010,2023-01-05,Sales,Expense,13856,9872,Cleared,
21011,2024-10-31,Admin,Expense,2007,6593,Cleared,
21012,2023-06-25,Admin,Income,6521,15522,Cleared,
21013,2024-03-02,sales,Income,20951,8509,Cleared,
21014,2024-01-13,Admin,Expense,5725,4624,Cleared,
21015,2024-06-25,sales,Income,9540,17604,Cleared,
21016,2023-08-28,Admin,Income,12188,11401,Cleared,
21017,2024-01-29,Operations,Expense,10494,10244,Pending,
21018,2023-02-06,Sales,Income,12965,9207,Cleared,
21019,2024-12-08,Marketing,Expense,8220,8275,Cleared,
21020,2024-01-11,Marketing,Income,9662,12322,Cleared,
21021,2023-09-03,Marketing,Income,7958,7713,Cleared,
21022,2024-10-13,Marketing,Income,21425,14351,Cleared,
21023,02/06/2023,R&D,Income,9644,15046,Cleared,
21024,2023-03-19,Admin,Expense,9560,6872,Cleared,
21025,2023-06-09,Admin,Income,24637,14548,Cleared,
21026,2023-11-25,Marketing,Income,11740,8774,Cleared,
21027,2023-10-13,Operations,Expense,13992,7866,Cleared,
21028,2024-10-24,Marketing,Expense,12179,6473,Cleared,
21029,2024-02-16,R&D,Expense,6999,11715,Cleared,
21030,2024-04-12,Sales,Income,22852,17140,Cleared,
21031,2023-11-03,R&D,Income,18568,12215,Cleared,
21032,2024-12-09,Operations,Income,22873,14023,Cleared,
21033,2024-03-04,Marketing,Income,17940,8342,Cleared,
21034,2023-02-04,sales,Expense,3150,11786,Cleared,
21035,2023-04-03, operations ,Expense,5788,11845,Cleared,
21036,2024-11-06,Sales,Expense,11786,6131,Cleared,
21037,2024-11-08,R&D,Expense,12088,6112,Cleared,
21038,2023-09-28,Admin,Expense,12571,11965,Pending,
21039,2024-05-04,R&D,Expense,1730,2629,Pending,
21040,03/04/2024,Admin,Expense,14822,3424,Cleared,
21041,2023-05-24,Operations,Expense,13535,3988,Cleared,
21042,2023-07-17,Sales,Expense,11319,6294,Cleared,
21043,2023-08-22,Sales,Income,11510,9911,Cleared,
21044,2024-12-02,sales,Income,14304,10291,Cleared,
21045,2024-11-07, operations ,Income,13320,17937,Cleared,
21046,2024-08-08,Admin,Income,16150,17594,Cleared,
21047,07/02/2023,Marketing,Expense,12384,4088,Cleared,
21048,2023-03-27,Marketing,Expense,11031,11896,Pending,
21049,2024-06-02,R&D,Income,21091,17625,Cleared,
21050,2024-01-01, operations ,Income,15606,18714,Cleared,
21051,2023-03-21,Marketing,Income,12788,9319,Cleared,
21052,2023-09-15, operations ,Expense,12421,11016,Cleared,
21053,2024-12-27, operations ,Expense,12795,6091,Cleared,
21054,2024-11-02,sales,Expense,5828,4933,Cleared,
21055,2024-11-16,R&D,Expense,4674,10108,Cleared,
21056,2023-10-17,Admin,Income,7796,7605,Cleared,
21057,2024-03-14, operations ,Expense,10062,8901,Cleared,
21058,2024-07-14,R&D,Expense,1313,8648,Cleared,
21059,2024-02-18,Admin,Expense,6603,1604,Cleared,
21060,2024-09-01,R&D,Expense,13208,1199,Cleared,
21061,2023-01-15,R&D,Expense,12921,11715,Cleared,
21062,2024-09-17, operations ,Expense,6049,10303,Cleared,
21063,2024-07-10,Marketing,Income,17478,19268,Cleared,
21063,2024-07-10,Marketing,Income,17478,19268,Cleared,
21064,2023-05-20,Admin,Income,24879,13703,Cleared,
21065,2024-06-19,Operations,Income,,7668,Cleared,
21066,2024-05-25, operations ,Expense,11949,8560,Cleared,
21067,2023-03-22,Operations,Income,10069,11062,Cleared,
21068,2024-04-23,R&D,Expense,,9499,Cleared,
21069,2024-09-21,R&D,Expense,5271,11044,Cleared,
21070,2024-10-22,Sales,Expense,5427,3434,Pending,
21071,2023-07-23,R&D,Expense,6183,1561,Cleared,
21071,2023-07-23,R&D,Expense,6183,1561,Cleared,
21072,2023-12-02,Marketing,Expense,1495,4044,Cleared,
21073,2024-08-16,Sales,Income,21978,15784,Cleared,
21074,2024-10-27,Operations,Income,7305,10853,Cleared,
21075,2023-04-15,Marketing,Income,21946,7637,Cleared,
21076,2023-04-14,Admin,Expense,1101,4446,Cleared,
21077,2024-07-13,Admin,Income,,19553,Cleared,
21078,2024-11-18,sales,Expense,3753,3594,Cleared,
21079,2023-02-10,sales,Income,14912,9837,Cleared,
21080,2023-09-30,Operations,Expense,7826,1677,Cleared,
21081,2024-03-07,Admin,Income,6966,17968,Cleared,
21082,2024-01-14,sales,Income,16565,18927,Cleared,
21083,2023-05-02, operations ,Expense,4270,10641,Cleared,
21084,2023-07-29,sales,Expense,1421,5414,Cleared,
21085,2024-05-19,sales,Expense,4971,5687,Cleared,
21086,2024-10-05,Sales,Expense,10931,4922,Pending,
21087,2024-04-15,R&D,Income,-14688,15494,Cleared,
21088,2024-07-03,sales,Income,5854,7756,Cleared,
21089,2024-05-28, operations ,Expense,4548,7429,Cleared,
21090,2024-02-21, operations ,Income,24565,5276,Pending,
21091,2023-10-29, operations ,Income,21034,10810,Cleared,
21092,2023-02-27,sales,Income,15369,8875,Cleared,
21093,2023-06-20,Admin,Expense,9492,3541,Cleared,
21094,2024-09-20,R&D,Income,12877,18680,Pending,
21095,2024-09-08,Operations,Income,16900,6075,Cleared,
21096,2023-08-09,Admin,Income,11640,18343,Cleared,
21097,2024-06-30,Marketing,Expense,9590,5925,Cleared,
21098,2024-06-19, operations ,Income,6100,4084,Cleared,
21099,04/23/2024,Sales,Expense,10260,4095,Cleared,
21100,2024-06-12,Sales,Income,6579,4096,Cleared,
21101,2023-04-06,sales,Expense,14158,4323,Pending,
21102,2023-12-15,R&D,Expense,13810,8853,Cleared,
21103,2023-10-26,sales,Income,22535,11745,Cleared,
21104,2024-11-28,R&D,Expense,5836,10681,Cleared,
21105,2024-01-25,Sales,Expense,1273,9836,Cleared,
21106,2024-01-18,sales,Income,19768,12431,Cleared,
21107,2024-04-08,Marketing,Expense,6205,8967,Cleared,
21108,2024-02-26,Sales,Expense,12174,9072,Cleared,
21109,2024-05-28,sales,Expense,8343,8438,Pending,
21110,2023-03-07,Sales,Income,19496,7645,Cleared,
21111,11/24/2023, operations ,Expense,12019,6035,Cleared,
21111,11/24/2023, operations ,Expense,12019,6035,Cleared,
21112,2023-08-24,Sales,Expense,11525,4613,Cleared,
21113,2024-09-22, operations ,Expense,14223,2040,Cleared,
21114,2023-07-19,Sales,Expense,9751,8576,Pending,
21115,2024-05-28,Admin,Expense,7933,9783,Cleared,
21116,10/09/2024,Operations,Expense,7047,4132,Cleared,
21117,2024-06-24, operations ,Income,19615,13213,Cleared,
21118,2024-07-08,R&D,Income,24845,11709,Cleared,
21119,2023-01-28,Operations,Income,18667,7915,Cleared,
21120,2023-12-11,Operations,Income,11534,4415,Cleared,
21121,2024-10-10,sales,Income,17743,5124,Cleared,
21122,2024-06-21,Admin,Income,18096,10067,Cleared,
21123,2024-09-23,sales,Income,16816,5924,Cleared,
21124,2024-10-13,Admin,Income,10145,11619,Cleared,
21125,04/19/2024,R&D,Expense,-9451,2016,Cleared,
21126,2023-10-09,Sales,Expense,1759,11350,Cleared,
21127,2023-07-25,Admin,Expense,1813,9778,Cleared,
21128,2023-01-06, operations ,Expense,12706,10219,Cleared,
21129,2023-03-15,R&D,Income,16608,16830,Cleared,
21130,2024-10-26,Marketing,Income,11638,6959,Cleared,
21131,2023-08-21,Admin,Expense,14154,7465,Pending,
21132,2024-01-20,R&D,Income,13319,6706,Cleared,
21133,2023-04-17,sales,Expense,4747,7593,Cleared,
21134,2023-12-09,sales,Expense,,4404,Cleared,
21135,2024-02-11,sales,Income,20785,16682,Cleared,
21136,2023-05-27,Marketing,Income,18183,10499,Cleared,
21137,2023-01-20,Marketing,Income,19948,6965,Pending,
21138,2024-04-12,R&D,Expense,10789,1801,Pending,
21139,2024-06-17,sales,Income,14013,14846,Pending,
21140,2023-10-26, operations ,Expense,14518,1212,Cleared,
21141,2024-04-05,Marketing,Expense,8303,3482,Cleared,
21142,2023-11-22, operations ,Expense,9535,7574,Cleared,
21143,2023-01-26,sales,Income,18958,18717,Pending,
21144,2023-05-26,Sales,Income,21887,16538,Cleared,
21145,2023-08-27,Marketing,Income,11542,8433,Cleared,
21146,2023-12-08,sales,Income,16387,7039,Pending,
21147,2023-02-11,Sales,Expense,6414,2994,Cleared,
21148,2023-09-30,Sales,Expense,11399,3048,Cleared,
21149,2023-01-14,R&D,Expense,3973,4431,Cleared,
21150,2024-08-07,R&D,Income,8353,13857,Pending,
21151,2024-01-30,Marketing,Income,24895,8579,Cleared,
21152,2024-11-13,Marketing,Expense,9173,11639,Cleared,
21153,2024-08-10,Admin,Income,5506,7203,Cleared,
21154,2024-06-07,Admin,Expense,13317,7068,Cleared,
21155,2024-06-07,R&D,Expense,11070,5505,Cleared,
21156,2023-09-18,Admin,Expense,5778,10859,Cleared,
21157,2024-02-12,sales,Expense,10324,1114,Cleared,
21158,2023-02-22,Marketing,Expense,6008,9073,Cleared,
21159,2023-07-04,Admin,Income,20397,5157,Cleared,
21160,2024-05-30, operations ,Expense,6150,4559,Cleared,
21161,2024-04-01,Sales,Expense,2804,3042,Cleared,
21162,2024-07-24,R&D,Expense,8581,9659,Cleared,
21163,2024-07-17,Marketing,Expense,5555,2551,Cleared,
21164,02/10/2024,Sales,Expense,14866,10363,Cleared,
21165,2024-05-19,Marketing,Expense,,1569,Cleared,
21166,2024-03-31,R&D,Income,23729,12594,Cleared,
21167,2024-07-12,Admin,Expense,1724,9374,Cleared,
21168,2023-09-18,Admin,Income,23044,12066,Cleared,
21169,2024-04-30,Marketing,Expense,6740,1612,Cleared,
21170,2024-04-23,Operations,Income,21387,16937,Cleared,
21171,2024-08-22,Sales,Expense,4135,2579,Cleared,
21172,2024-03-08,Marketing,Expense,5510,5091,Cleared,
21173,2023-05-06, operations ,Income,5683,14134,Cleared,
21174,2024-09-17, operations ,Expense,7326,10285,Cleared,
21175,2023-04-20,sales,Expense,13048,11298,Cleared,
21176,2023-05-26,R&D,Expense,,10299,Cleared,
21177,2024-06-18,Operations,Income,16523,8376,Cleared,
21178,2023-07-21,Sales,Expense,12853,11247,Cleared,
21179,2023-05-17, operations ,Expense,13518,1658,Cleared,
21180,2024-08-15,Marketing,Expense,8482,9138,Cleared,
21181,2023-01-09, operations ,Income,8440,9283,Cleared,
21182,2024-09-14,Admin,Expense,6654,6643,Cleared,
21183,2023-12-10,R&D,Expense,10324,3166,Cleared,
21184,2024-07-23,R&D,Expense,2207,1290,Cleared,
21185,2024-02-21,Marketing,Income,20063,6190,Cleared,
21186,2023-02-08,R&D,Income,7317,7186,Cleared,
21187,2024-05-26,Sales,Expense,8808,8371,Cleared,
21188,2023-02-15,Admin,Expense,14239,4780,Cleared,
21189,2024-06-08, operations ,Income,6091,18442,Cleared,
21190,2023-11-12, operations ,Expense,13083,5774,Cleared,
21191,2024-12-03,R&D,Income,24174,16641,Cleared,
21192,2024-04-27,sales,Income,10130,18556,Cleared,
21193,01/11/2023,Operations,Expense,14235,7190,Cleared,
21194,2024-03-01,Sales,Expense,8930,1107,Cleared,
21195,2024-04-25, operations ,Expense,4158,1227,Cleared,
21196,2023-03-15,sales,Income,6373,19193,Cleared,
21197,2023-08-24,sales,Expense,3643,8354,Cleared,
21198,2024-04-13, operations ,Expense,14959,2856,Cleared,
21199,2024-11-23,R&D,Expense,6759,10946,Pending,
21200,2023-09-17,Sales,Expense,14185,5173,Cleared,
21201,2024-12-06,Marketing,Income,11240,10339,Cleared,
21202,2024-05-28,sales,Income,13939,12774,Cleared,
21203,2024-02-02,sales,Expense,13476,6135,Cleared,
21204,2023-07-23,Sales,Expense,14411,3634,Cleared,
21205,2024-12-15,Operations,Income,23270,17013,Cleared,
21206,2024-04-24,Sales,Expense,1166,2102,Cleared,
21207,2023-03-11,sales,Expense,9693,4756,Cleared,
21208,2024-11-11,R&D,Expense,5284,10680,Cleared,
21209,2023-05-15,Sales,Income,24222,11105,Cleared,
21210,2024-01-16,Operations,Expense,13885,10624,Cleared,
21211,04/04/2024, operations ,Income,14218,9213,Cleared,
21212,2023-07-01,Marketing,Income,18229,18290,Cleared,
21213,2023-10-14,Admin,Expense,10604,7124,Cleared,
21214,2023-05-29,Admin,Expense,7277,2603,Cleared,
21215,2023-02-24, operations ,Expense,9532,9601,Cleared,
21216,2023-03-21,sales,Income,8586,9353,Cleared,
21217,2023-03-26,Sales,Expense,13989,10408,Cleared,
21218,2023-11-23,Sales,Expense,2425,5411,Cleared,
21219,2023-11-01,Admin,Expense,5511,5855,Cleared,
21220,2024-06-08,R&D,Expense,8280,5710,Cleared,
21221,2024-04-04,Marketing,Expense,9126,5430,Cleared,
21222,2024-07-12,Sales,Expense,-7825,10131,Cleared,
21223,2023-08-27,R&D,Expense,12152,3955,Cleared,
21224,2024-08-29,R&D,Income,10503,5274,Pending,
21225,2024-12-14,Marketing,Expense,5874,5417,Cleared,
21226,2023-11-04,Admin,Income,13534,17559,Cleared,
21227,2023-05-02,R&D,Expense,14264,3094,Cleared,
21228,2024-06-12,sales,Expense,8129,8758,Cleared,
21229,2023-12-18,Sales,Expense,4537,2911,Cleared,
21230,2023-08-02,Sales,Expense,11547,2109,Cleared,
21231,2024-03-27,Sales,Expense,14513,6355,Cleared,
21232,2023-08-25,Marketing,Income,21604,15384,Cleared,
21233,2023-05-26,R&D,Expense,2616,2831,Cleared,
21234,2024-02-06,R&D,Income,20526,19387,Cleared,
21235,2024-01-02,sales,Expense,2447,7381,Cleared,
21236,2024-03-06,Admin,Expense,14422,4110,Cleared,
21237,2024-09-16,Sales,Income,8419,13916,Cleared,
21238,2024-04-03,sales,Expense,4803,4311,Cleared,
21239,2024-09-28,Admin,Expense,12470,2250,Cleared,
21240,2023-01-10, operations ,Expense,13740,3190,Cleared,
21241,2023-10-31,Sales,Expense,6800,7892,Cleared,
21242,2024-08-17,R&D,Income,23541,6441,Cleared,
21243,2024-02-04,sales,Income,22115,18876,Cleared,
21244,2024-07-08, operations ,Income,7401,15422,Cleared,
21245,2024-03-22,Sales,Expense,10499,8253,Cleared,
21246,2023-12-17,Sales,Expense,14110,1483,Cleared,
21247,2024-01-10,Admin,Expense,13576,1498,Cleared,
21248,2024-07-22,Sales,Income,13919,14963,Cleared,
21249,2024-06-22,sales,Expense,9302,10669,Cleared,
21250,2024-01-19,Admin,Expense,10507,1645,Cleared,
21251,2023-03-13,Admin,Expense,14702,5679,Cleared,
21252,2024-12-19, operations ,Expense,11456,1938,Cleared,
21253,2024-03-30,Admin,Expense,10626,7918,Cleared,
21254,2024-01-17, operations ,Expense,2383,8195,Cleared,
21255,2023-10-04, operations ,Income,6841,16751,Cleared,
21256,2023-10-18,Operations,Expense,1147,7381,Cleared,
21257,2024-12-13,Admin,Expense,,10087,Cleared,
21258,2023-08-06,Marketing,Expense,9963,5278,Cleared,
21259,2023-07-21,R&D,Expense,14856,4372,Cleared,
21260,2023-06-09,sales,Expense,3690,6095,Cleared,
21261,2024-10-31,sales,Expense,5148,9617,Pending,
21262,2024-08-11, operations ,Income,6462,8227,Pending,
21263,2024-07-04,Marketing,Income,22488,6906,Cleared,
21264,2024-09-23,sales,Expense,14636,11216,Cleared,
21265,2023-07-10,Sales,Income,19245,7535,Cleared,
21266,2023-03-01,sales,Income,15244,8675,Cleared,
21267,2023-02-13,sales,Expense,11591,10488,Cleared,
21268,2024-01-19,Marketing,Expense,3246,2294,Cleared,
21269,2024-09-21,Sales,Expense,2328,2820,Cleared,
21270,08/08/2024,R&D,Expense,3060,11580,Cleared,
21271,2023-05-12,Sales,Income,13053,8470,Cleared,
21272,2024-12-10,Marketing,Expense,4540,11539,Cleared,
21273,2024-08-25,Operations,Expense,5790,6619,Cleared,
21274,2023-12-03,Admin,Expense,7617,8999,Cleared,
21275,2024-05-26,sales,Expense,10939,9096,Cleared,
21276,2023-02-11, operations ,Expense,1344,1421,Cleared,
21277,2024-12-11,Admin,Expense,14062,2987,Pending,
21278,2023-05-18,Sales,Expense,13457,11737,Pending,
21279,2024-05-15,R&D,Income,7843,8103,Cleared,
21280,05/11/2024,Sales,Income,21855,19967,Cleared,
21281,2023-08-26,Operations,Expense,1013,4713,Pending,
21282,2024-10-14, operations ,Income,9128,15735,Cleared,
21283,2023-06-24, operations ,Expense,12837,2518,Cleared,
21284,2024-06-28,Admin,Income,10612,9809,Cleared,
21285,2023-10-02,sales,Expense,8558,1186,Cleared,
21286,2024-08-31, operations ,Income,10812,16109,Cleared,
21287,2024-11-17,sales,Income,11061,4782,Pending,
21288,2024-03-18, operations ,Expense,5200,4094,Pending,
21289,2024-10-24,Operations,Expense,1806,9266,Cleared,
21290,2024-10-06,sales,Expense,13107,7460,Cleared,
21291,2024-12-06,Operations,Income,15073,12223,Cleared,
21291,2024-12-06,Operations,Income,15073,12223,Cleared,
21292,2023-03-19,Admin,Income,24104,13661,Pending,
21293,2024-11-19,Sales,Expense,14448,1743,Cleared,
21294,2023-07-29,sales,Expense,13061,2379,Cleared,
21295,2024-03-24, operations ,Income,13347,14102,Cleared,
21296,2024-09-20,sales,Expense,8664,5804,Cleared,
21297,2023-05-17,Operations,Income,19452,9472,Cleared,
21298,2023-09-14,Admin,Expense,14124,10070,Cleared,
21299,2023-04-11, operations ,Expense,12921,4768,Pending,
21300,2024-06-02,Admin,Expense,5992,9969,Cleared,
21301,2023-08-07, operations ,Expense,13739,1147,Cleared,
21302,2024-04-06,Admin,Expense,5180,10152,Cleared,
21303,2023-12-24,Marketing,Expense,2667,8990,Cleared,
21304,2024-08-09,sales,Expense,1414,4574,Cleared,
21305,2023-01-30,Sales,Income,20854,13472,Cleared,
21306,2024-08-02,Sales,Expense,9202,2420,Cleared,
21307,2024-08-21,Sales,Expense,13871,6189,Cleared,
21308,2023-07-30, operations ,Income,11802,5884,Pending,
21309,2024-05-20,sales,Expense,5602,3775,Cleared,
21310,2024-05-16,R&D,Expense,1250,5469,Cleared,
21311,2023-11-04,sales,Expense,,9966,Cleared,
21312,2023-08-07,Operations,Income,14821,10188,Cleared,
21313,2024-06-14,Marketing,Expense,5021,10037,Cleared,
21314,2023-04-22,Admin,Expense,2488,4156,Cleared,
21315,2023-11-27,Sales,Expense,9416,1018,Cleared,
21316,2024-07-14,Marketing,Expense,9323,3511,Cleared,
21317,2023-07-15,Admin,Expense,5411,2226,Pending,
21318,2024-09-11,R&D,Expense,3994,1047,Cleared,
21319,2023-12-23,Marketing,Expense,,1499,Cleared,
21320,2023-04-08,sales,Expense,4446,10590,Cleared,
21321,2024-12-08,Sales,Expense,11961,5658,Cleared,
21322,2023-10-09,R&D,Income,23524,5022,Cleared,
21323,05/24/2023,R&D,Income,6410,7833,Cleared,
21324,2024-11-11, operations ,Expense,5421,8332,Pending,
21325,2023-12-18,Admin,Expense,7886,4563,Pending,
21326,2023-12-06,Operations,Income,10875,19310,Cleared,
21327,2024-12-02, operations ,Income,18166,7192,Cleared,
21328,2023-06-13,sales,Expense,12037,8657,Cleared,
21329,2023-05-25,Admin,Expense,13275,9434,Cleared,
21330,2023-08-29,R&D,Expense,11943,7172,Cleared,
21331,2023-07-13,sales,Expense,14408,5332,Cleared,
21332,2024-02-01,Admin,Income,11908,8035,Cleared,
21333,2023-04-13,Operations,Expense,14016,8120,Cleared,
21334,2023-01-02,Marketing,Income,14629,17588,Cleared,
21335,2024-02-05,sales,Expense,12421,1451,Cleared,
21336,2023-08-16,Sales,Expense,3133,7966,Cleared,
21337,2024-10-11,Sales,Income,-16914,14402,Cleared,
21338,2023-12-21,sales,Expense,5794,5634,Cleared,
21339,2024-06-11,R&D,Expense,13816,8542,Cleared,
21340,2024-03-24,Marketing,Income,16872,17803,Cleared,
21341,2023-01-16,Operations,Expense,1612,1213,Cleared,
21342,2024-10-14, operations ,Expense,9234,11226,Cleared,
21343,2023-02-26,Marketing,Expense,13352,3295,Cleared,
21344,2023-01-29, operations ,Expense,13139,2446,Cleared,
21345,2023-07-22, operations ,Expense,14365,6603,Cleared,
21346,2024-04-09,Marketing,Expense,2240,5227,Cleared,
21347,2024-10-19,R&D,Income,18836,15806,Cleared,
21348,2024-12-12,R&D,Expense,9860,2159,Cleared,
21349,2024-07-26,Marketing,Expense,12801,6711,Cleared,
21350,2024-06-02,Marketing,Expense,14942,7783,Cleared,
21351,04/20/2023,Marketing,Income,18792,8746,Cleared,
21352,2024-03-03,Admin,Income,,4943,Cleared,
21353,2024-07-18,sales,Expense,11457,4637,Cleared,
21354,03/21/2024,sales,Expense,4129,9141,Cleared,
21355,2023-11-10,Sales,Income,22956,4366,Cleared,
21356,2023-04-07,R&D,Expense,7199,1632,Cleared,
21357,2023-04-20,Marketing,Expense,6214,7143,Cleared,
21358,2023-12-08,Marketing,Expense,11398,6557,Cleared,
21359,2023-07-10,Sales,Expense,13368,2453,Cleared,
21360,2024-05-21,Admin,Expense,6548,2927,Cleared,
21361,08/28/2023, operations ,Income,14385,15374,Cleared,
21362,2023-10-12,Operations,Expense,2369,10650,Pending,
21363,2023-03-02,sales,Expense,9634,7390,Cleared,
21364,2023-11-11,R&D,Income,12909,7916,Cleared,
21365,2024-10-18,Admin,Income,20520,7944,Cleared,
21366,2023-06-03,Admin,Expense,4583,1625,Cleared,
21367,2024-12-18,Admin,Income,15123,9115,Cleared,
21368,2023-10-07,R&D,Expense,5783,6323,Cleared,
21369,2024-07-02,R&D,Expense,6000,11877,Cleared,
21370,2023-05-29,R&D,Income,-8789,11973,Cleared,
21371,2023-09-28, operations ,Expense,2905,4312,Cleared,
21372,2023-10-06,Admin,Income,7739,8889,Pending,
21373,2024-10-21,Admin,Expense,10094,9107,Cleared,
21374,2023-12-18,Marketing,Expense,1004,8378,Cleared,
21375,2023-03-02,Sales,Income,24151,19944,Cleared,
21376,2024-03-26,R&D,Income,16070,8439,Cleared,
21377,2024-08-29,Sales,Expense,-5072,1453,Cleared,
21378,2023-11-10,Marketing,Expense,7072,5045,Pending,
21379,2024-07-27,Marketing,Expense,4172,4463,Cleared,
21380,2023-07-29,Marketing,Income,9516,12148,Pending,
21381,2024-12-23,sales,Expense,7354,9721,Cleared,
21382,2024-01-18,sales,Income,17262,12812,Cleared,
21383,2023-04-09, operations ,Expense,3509,5913,Cleared,
21384,04/07/2023,Sales,Income,18268,17315,Cleared,
21385,2023-09-21,Sales,Expense,3783,4516,Cleared,
21386,2023-05-25,Sales,Income,20621,5052,Cleared,
21386,2023-05-25,Sales,Income,20621,5052,Cleared,
21387,2023-06-06,sales,Expense,1741,6585,Cleared,
21388,2023-06-07,Sales,Expense,9609,9987,Cleared,
21389,2023-10-22,Sales,Expense,11179,6501,Cleared,
21390,2024-06-18,Marketing,Income,9373,10318,Pending,
21391,2024-07-23,Admin,Expense,7428,6993,Cleared,
21392,2024-01-31,Operations,Expense,,8972,Cleared,
21393,2024-09-15,Admin,Expense,1684,4318,Cleared,
21394,2023-12-07,sales,Expense,2119,3904,Cleared,
21395,2023-06-14,Operations,Income,6124,12433,Cleared,
21396,2024-08-10,Admin,Income,21749,14457,Cleared,
21397,2023-04-04,Admin,Income,14965,14527,Cleared,
21398,08/26/2024,R&D,Expense,5582,7818,Cleared,
21399,2023-12-19,R&D,Income,13310,6180,Cleared,
21400,2024-07-19, operations ,Income,6076,5153,Cleared,
21401,2023-08-17,Marketing,Income,18334,16142,Cleared,
21402,2024-02-01, operations ,Income,18487,10143,Cleared,
21403,2023-10-07,Admin,Income,16312,13994,Cleared,
21404,2023-03-03,R&D,Expense,3930,2390,Cleared,
21405,2023-09-07,Admin,Expense,13365,8072,Cleared,
21406,2023-10-25,Operations,Expense,1208,9095,Cleared,
21407,2023-12-14,sales,Expense,2871,3969,Cleared,
21408,2024-08-27,sales,Income,5397,17890,Cleared,
21409,2023-07-21,R&D,Income,21966,4264,Cleared,
21410,2023-11-14,R&D,Expense,3528,9302,Cleared,
21411,2023-02-26,R&D,Income,21844,18985,Cleared,
21412,2024-07-17,sales,Expense,11722,8653,Pending,
21413,2023-02-21,sales,Expense,-2584,5422,Pending,
21414,2023-08-20,Admin,Expense,12824,4728,Cleared,
21415,2024-09-16, operations ,Income,19020,17273,Cleared,
21416,2024-06-09,sales,Income,15842,14380,Pending,
21417,2024-11-12,Operations,Income,21602,14430,Pending,
21418,2023-09-26,R&D,Income,10231,17451,Cleared,
21419,2024-11-11,Admin,Expense,8636,7630,Cleared,
21420,2023-10-08,R&D,Expense,14692,1887,Cleared,
21421,2024-09-23,Admin,Income,7352,6090,Cleared,
21422,2024-11-20,sales,Expense,8104,7525,Cleared,
21423,2023-11-27,Sales,Expense,1589,11040,Cleared,
21424,2024-04-21,Marketing,Expense,6854,10447,Cleared,
21425,2023-11-20,Marketing,Income,10020,6123,Cleared,
21426,2024-11-15,sales,Income,16920,7427,Cleared,
21427,2024-12-26,sales,Expense,-1679,10026,Cleared,
21428,2024-11-27,Marketing,Income,20685,6660,Cleared,
21429,2023-11-29,Sales,Expense,,1736,Cleared,
21430,2023-04-29,Operations,Income,13405,19902,Cleared,
21431,2023-04-06,R&D,Expense,7020,2087,Cleared,
21432,2024-08-13,Sales,Income,19980,13627,Cleared,
21433,2024-05-08,sales,Income,14737,8061,Cleared,
21434,07/08/2024, operations ,Income,20559,6709,Cleared,
21435,2024-07-08,Admin,Expense,6524,6760,Cleared,
21436,2024-11-02, operations ,Income,20088,6513,Cleared,
21437,2023-07-23,Operations,Expense,10383,9420,Cleared,
21438,2024-04-27,Operations,Expense,4106,4586,Cleared,
21439,2024-12-14, operations ,Expense,13192,7444,Cleared,
21440,2024-08-22,R&D,Income,22304,13809,Cleared,
21441,2024-05-08,Operations,Expense,3205,6853,Cleared,
21442,2024-07-16,Admin,Income,8986,5637,Cleared,
21443,2023-11-18,Operations,Expense,11610,1935,Cleared,
21444,2023-01-05,Operations,Income,,4651,Cleared,
21445,2023-11-09,R&D,Expense,12908,7727,Cleared,
21446,2023-07-08,Marketing,Income,8783,9304,Cleared,
21447,2024-04-06,Admin,Expense,6920,4540,Pending,
21448,2024-12-09,Sales,Expense,10182,4681,Cleared,
21449,2023-05-13,Operations,Expense,5914,9449,Cleared,
21450,2023-03-27,sales,Expense,10900,3711,Cleared,
21451,2023-10-25,Sales,Expense,12091,10945,Cleared,
21452,2023-11-07,sales,Expense,13481,11784,Cleared,
21453,2023-01-25, operations ,Expense,1584,10974,Cleared,
21454,2024-08-19,Admin,Expense,11341,10739,Cleared,
21455,2024-08-25,R&D,Income,15615,8878,Cleared,
21456,2023-05-25,sales,Expense,7934,2790,Cleared,
21457,2024-01-16,sales,Expense,1525,6494,Cleared,
21457,2024-01-16,sales,Expense,1525,6494,Cleared,
21458,2024-04-03,Admin,Expense,12615,6122,Cleared,
21459,2024-07-26, operations ,Income,9221,4267,Cleared,
21460,08/25/2023, operations ,Income,23527,11353,Pending,
21461,2023-04-04,sales,Expense,2373,7614,Pending,
21462,2023-12-21, operations ,Expense,2416,3437,Cleared,
21463,2023-11-25,Marketing,Expense,10554,7396,Cleared,
21464,2024-10-08, operations ,Expense,9530,1061,Pending,
21465,2024-09-17, operations ,Income,6792,11614,Cleared,
21466,2024-09-10, operations ,Expense,9136,9382,Cleared,
21467,2024-08-17,R&D,Expense,3008,5360,Cleared,
21468,2024-09-20,Operations,Income,8291,13887,Cleared,
21469,2023-10-02,Sales,Income,15461,8628,Cleared,
21470,2023-12-08, operations ,Income,20912,6292,Pending,
21471,2023-09-20,Admin,Expense,12818,2854,Cleared,
21472,2023-06-07,sales,Expense,2976,11256,Cleared,
21473,2023-03-31,R&D,Expense,9780,10533,Cleared,
21474,2023-07-17,Marketing,Expense,12856,7356,Cleared,
21475,2024-07-14,sales,Expense,9846,2098,Cleared,
21476,2024-07-28,Operations,Income,16410,4217,Cleared,
21477,2023-07-30,Sales,Expense,10688,10511,Cleared,
21478,2024-04-27,Marketing,Expense,2213,6548,Cleared,
21479,07/07/2024,R&D,Expense,4281,5204,Cleared,
21480,2023-09-04,sales,Income,6331,18880,Cleared,
21481,12/09/2024, operations ,Expense,3829,9705,Pending,
21482,2024-04-12,Sales,Expense,4063,4028,Cleared,
21483,2024-03-21,sales,Income,-9520,12839,Cleared,
21484,2023-05-09,R&D,Income,16126,15975,Cleared,
21485,2024-07-14,Marketing,Income,8853,16252,Pending,
21486,2024-01-20,Admin,Expense,3197,1073,Cleared,
21487,2024-07-29,Admin,Expense,13457,6115,Cleared,
21488,2023-02-05,R&D,Income,15835,15305,Cleared,
21489,2024-07-31,Operations,Expense,9814,8001,Cleared,
21490,2024-03-27,Sales,Expense,10158,3452,Cleared,
21491,2024-05-01,sales,Expense,11405,10596,Cleared,
21492,2023-06-09,R&D,Income,22182,19009,Cleared,
21493,2024-11-21,Sales,Expense,12921,4920,Cleared,
21494,2023-12-13,R&D,Income,20863,9226,Cleared,
21495,2024-03-03,Marketing,Expense,5634,3399,Cleared,
21496,2024-07-08,Operations,Income,20638,6478,Cleared,
21497,2024-01-05,Operations,Income,24506,16400,Cleared,
21498,2024-11-27,Admin,Expense,10354,11826,Cleared,
21499,2023-04-15,Operations,Expense,8822,1309,Cleared,
21500,2023-07-16,sales,Expense,4519,5090,Cleared,

