PropertyID,ListingDate,PropertyType,City,Bedrooms,Bathrooms,SquareFeet,MonthlyRent,MaintenanceCosts,IsOccupied,TenantChurn_Flag
90001,2023-02-27, apartment ,Houston,4,4.5,3040,5808.95335207924,679,Yes,No
90002,2023-10-04,Single Family,San Antonio,3,3,1383,3048.23021011331,524,Yes,No
90003,2024-01-19,Townhouse,Austin,1,1,678,1207.1327028765,614,Yes,No
90004,2023-07-02, apartment ,San Antonio,5,5.5,2655,3754.31625921224,512,No,No
90005,2023-06-18,Apartment,Houston,2,2.5,1158,1622.25648911039,773,No,Yes
90006,2023-07-30,Apartment,Dallas,5,5,3405,5470.19678878351,77,Yes,No
90007,2024-08-12,Townhouse,Austin,1,1.5,588,,749,No,Yes
90008,2023-04-19,Single Family,San Antonio,3,3,2346,3749.09865286318,462,No,Yes
90009,2024-04-06,Townhouse,San Antonio,4,4.5,1908,3498.13166949867,160,Yes,No
90010,04/20/2024,Townhouse,Austin,4,4,1812,3587.19736726023,652,Yes,No
90011,2023-07-22,Single Family,San Antonio,1,1.5,465,1070.65943859478,501,No,No
90012,2023-04-15, apartment ,Dallas,2,2,1396,2270.74220110902,631,No,No
90013,2023-08-27,Single Family,Dallas,5,5.5,2275,5899.01133524674,507,Yes,No
90014,2023-09-25,single family,Dallas,5,4.5,3525,8136.19733840283,489,Yes,No
90015,2023-03-05,Apartment,Austin,5,4.5,2625,6619.67310759689,771,No,No
90016,2024-03-16,Single Family,Dallas,2,2,1298,2088.69601863618,691,No,Yes
90017,2023-01-28, apartment ,San Antonio,1,1.5,420,521.607900378112,337,Yes,No
90018,2024-10-18,Townhouse,Houston,5,5,2600,3135.81268902673,266,Yes,No
90019,2023-07-26,Apartment,Houston,1,1.5,638,959.998408601246,136,No,No
90020,2023-09-28, apartment ,San Antonio,2,1.5,1106,2482.76137224592,293,Yes,No
90021,2024-05-04,Single Family,Houston,4,4.5,2800,4997.45949288712,501,No,Yes
90022,2024-09-17, apartment ,Houston,5,5.5,3900,8669.72849358792,500,No,No
90023,08/10/2024,single family,Houston,5,5,3370,4951.66590023305,624,No,Yes
90024,2023-09-04,Townhouse,Houston,4,4,3088,5499.75900331464,638,Yes,No
90025,2023-10-18,Single Family,Houston,2,2,1516,1829.75825869393,744,Yes,No
90026,2024-07-08,single family,Austin,2,2,1350,2882.10523618483,355,Yes,No
90027,2023-11-17, apartment ,Austin,4,4.5,2336,3728.10429186677,403,No,Yes
90028,2024-01-09,Townhouse,Dallas,3,3.5,1710,4204.71055288739,683,No,Yes
90029,2023-01-18,Apartment,San Antonio,2,1.5,824,2184.03856908047,320,No,No
90030,2024-11-28,Single Family,Austin,2,1.5,828,1916.20652505635,225,Yes,No
90031,2023-09-26,Apartment,Houston,4,3.5,2628,4780.43436551822,546,Yes,No
90032,2023-09-05,Condo,San Antonio,2,2,1490,2789.76282314899,244,No,Yes
90033,2024-03-12,Apartment,Houston,1,1,674,1420.72400646392,689,No,Yes
90034,2023-12-11,Apartment,Dallas,3,2.5,2307,3703.139992465,114,Yes,No
90035,2023-10-07,Single Family,Austin,5,4.5,3590,4754.50526519469,104,No,Yes
90036,2024-04-27,single family,Houston,4,4,1860,4702.62057492818,689,Yes,No
90037,2024-09-21,Single Family,Austin,1,1.5,574,1255.58959244014,601,Yes,No
90038,2024-01-30, apartment ,Houston,5,4.5,2835,7115.87312959129,516,No,No
90039,05/09/2024, apartment ,Dallas,2,2,1306,3253.87209461363,110,Yes,No
90040,02/02/2023,Townhouse,Austin,5,5,3905,9127.02111187695,799,No,Yes
90041,2024-11-17,Single Family,Houston,4,3.5,3176,6710.02207203788,367,No,Yes
90042,2023-03-23,Apartment,Dallas,5,5,2760,4485.15890591273,191,No,Yes
90043,2023-04-23,Apartment,Houston,4,4.5,1680,3912.36115711944,600,Yes,No
90044,2024-10-28,Single Family,Houston,1,1,573,955.482162355064,308,No,No
90045,2023-04-06,Townhouse,Dallas,1,1,498,,137,No,Yes
90046,2024-05-16, apartment ,Houston,5,5,3755,5800.47083416137,616,No,Yes
90047,2024-02-05,Condo,Austin,5,4.5,2850,5343.42382317801,357,Yes,No
90048,2023-05-02,single family,Dallas,5,5.5,2425,3685.6596075374,724,No,Yes
90049,2024-01-02, apartment ,San Antonio,2,2.5,1000,2257.34563458587,768,Yes,No
90050,2024-06-27,single family,Austin,5,4.5,2875,7352.0964256905,535,No,Yes
90051,2024-11-09, apartment ,Dallas,1,1.5,466,1179.93710803163,269,No,Yes
90052,2023-08-30,Condo,San Antonio,5,4.5,2920,4068.3871347161,338,Yes,No
90053,2024-04-10,Apartment,Houston,4,4.5,2844,7164.85110204595,242,Yes,No
90054,2023-09-02,Townhouse,Dallas,3,3,1209,3158.12308171658,339,No,Yes
90055,2023-08-29,Apartment,Dallas,4,4.5,2696,5573.23004960438,398,Yes,No
90056,2023-04-25,Single Family,Dallas,4,4,1740,4473.75562306016,368,No,No
90057,2024-05-24,Single Family,Dallas,4,3.5,3120,5325.45944568396,386,No,Yes
90058,2023-09-09,Apartment,San Antonio,1,1.5,544,903.688922055666,742,No,Yes
90059,2024-08-04,single family,Dallas,5,4.5,2275,3847.2913828887,116,Yes,No
90060,2024-01-08,single family,Houston,5,4.5,2715,5624.87378021627,196,No,No
90061,2023-07-25,Condo,San Antonio,3,3.5,2136,4512.45222173205,385,Yes,No
90062,2023-02-03,single family,Houston,1,1,546,1243.24463586679,499,Yes,No
90063,2024-03-15,single family,Austin,1,1,654,,110,Yes,No
90064,2024-01-14,Single Family,Dallas,3,3.5,1869,4313.14017523836,229,No,Yes
90065,2023-01-29, apartment ,Dallas,1,1,677,1115.59722617543,200,No,Yes
90066,2023-12-23, apartment ,Austin,3,3.5,2283,,492,Yes,No
90067,2023-05-14,Apartment,San Antonio,4,4,2636,4316.75412237698,94,No,Yes
90068,2024-08-12,single family,Austin,2,1.5,1116,1926.8811492125,178,No,Yes
90069,2024-07-19,Condo,San Antonio,1,1,741,1113.00720009436,609,Yes,No
90070,2024-01-20,Single Family,Houston,5,5,2885,7658.45102941615,491,No,Yes
90071,2024-04-11,Condo,Houston,2,2.5,858,2187.82635469224,485,No,Yes
90072,2023-01-13,single family,Houston,5,5.5,2550,5245.3286576389,414,No,No
90073,2024-05-19,single family,Austin,2,1.5,1338,2670.42672207934,316,Yes,No
90074,06/21/2024,Condo,Houston,3,2.5,1887,2294.36727275498,374,No,Yes
90075,2024-05-22, apartment ,San Antonio,5,5.5,3130,3853.80409015613,51,No,Yes
90076,2023-09-10,single family,Austin,4,3.5,2684,3717.48422757866,553,No,Yes
90077,2023-06-27, apartment ,Austin,2,2,1580,3043.35911567572,381,No,Yes
90078,2024-01-21,Single Family,Houston,1,1,651,1374.17457278891,51,No,Yes
90079,2024-07-13,Condo,Houston,1,1.5,758,1550.25743725312,174,No,Yes
90080,2024-11-08,Single Family,San Antonio,1,1.5,626,894.368794510965,749,Yes,No
90081,2024-03-31,Single Family,Houston,2,2,1316,1981.934495832,635,No,Yes
90082,2023-07-16, apartment ,San Antonio,5,5,2255,5275.1472880224,99,Yes,No
90083,2023-01-04,Apartment,Dallas,4,3.5,2188,5771.03676180459,432,No,Yes
90084,2023-04-29, apartment ,San Antonio,2,1.5,1036,2032.30329290158,-685,No,No
90085,2024-02-21,Condo,Houston,2,2,1366,2619.64765633226,443,No,Yes
90086,2024-02-07,single family,Houston,4,4,1940,2550.16845558126,658,Yes,No
90087,2023-03-10,Single Family,Houston,1,1,412,794.023025818552,-508,Yes,No
90088,2024-03-24, apartment ,San Antonio,2,2.5,992,1324.45630652889,308,No,Yes
90089,2023-09-30,Single Family,Houston,1,1.5,617,826.328550352775,234,Yes,No
90090,2024-06-11,Single Family,Houston,3,3,2355,3844.07457658955,777,No,Yes
90091,05/06/2024,Condo,Dallas,1,1.5,506,889.487683981139,512,No,Yes
90092,2023-07-04,Single Family,Dallas,1,1.5,408,779.384172764879,364,No,Yes
90093,2024-09-14, apartment ,Austin,3,3,1764,2684.21145309685,596,No,Yes
90094,2023-12-11,single family,Houston,4,4,3060,6127.05947218978,137,Yes,No
90095,2024-10-21,single family,San Antonio,1,1,730,1782.51239506039,698,No,No
90096,2023-05-18,Townhouse,Houston,5,4.5,2990,6233.08258958584,371,No,Yes
90097,2024-04-09,Condo,San Antonio,4,4,3016,8020.70857674028,642,Yes,No
90098,2023-09-11,Apartment,San Antonio,5,5,3665,6073.64306463611,469,No,Yes
90099,2023-09-19,Townhouse,Houston,2,1.5,1050,1925.02211865272,764,Yes,No
90100,2024-06-11,Apartment,San Antonio,1,1.5,675,1416.36324394441,-392,Yes,No
90101,2024-04-15, apartment ,Houston,1,1,442,609.365159082303,85,No,Yes
90102,2023-10-19,Condo,Dallas,5,4.5,2315,4564.05235088782,87,No,Yes
90103,2024-02-16,Single Family,Austin,3,3.5,2391,6361.67907380945,535,No,No
90104,2024-05-18,Condo,Dallas,4,4.5,2484,3777.30129741174,526,Yes,No
90105,2023-12-16,single family,San Antonio,5,5.5,2675,7169.60752102994,637,No,Yes
90106,2024-01-13,Condo,Houston,3,3,1299,2915.85054813463,464,No,Yes
90107,2023-08-29,Townhouse,Dallas,5,4.5,2465,,599,Yes,No
90108,2024-09-26,Apartment,Houston,3,3.5,1899,4504.71334137293,175,Yes,No
90109,2024-03-11,Townhouse,Austin,4,4.5,2608,5233.36348686952,516,No,Yes
90110,2023-09-10,Apartment,Dallas,5,5,3345,5980.93983989974,519,No,No
90111,2023-03-04, apartment ,Austin,4,3.5,1892,2782.77277158367,-715,Yes,No
90112,2023-05-03,Apartment,Houston,2,1.5,1278,2285.17329650157,194,No,No
90113,2024-03-24, apartment ,Houston,1,1,684,920.977126767196,-625,No,Yes
90114,2024-08-22,Condo,Houston,4,4.5,1684,2863.92823095505,333,No,No
90115,2023-08-28,Condo,Dallas,5,5,2410,6276.02124595084,454,No,Yes
90116,2023-10-28,Apartment,Houston,2,1.5,1438,3215.47385682942,366,Yes,No
90117,2024-01-01,Single Family,San Antonio,5,4.5,2375,,136,No,No
90118,2024-09-02,Condo,Houston,4,4,1784,2283.11475247923,421,Yes,No
90119,2023-03-26,Single Family,San Antonio,3,3.5,1758,4020.22311307836,329,No,Yes
90120,2023-06-30,Townhouse,Houston,3,2.5,1767,3575.42738641786,434,Yes,No
90121,2023-01-08, apartment ,Houston,1,1,680,1541.64110717068,610,No,Yes
90122,2024-02-04,Single Family,San Antonio,1,1,491,1229.25535503456,406,No,Yes
90123,2024-04-04,Townhouse,Houston,4,4,3076,7349.52441933375,213,No,Yes
90124,2023-01-02,Apartment,Dallas,3,2.5,1839,4592.14446400886,134,No,Yes
90125,2023-01-11,Townhouse,Dallas,2,2,1482,3558.90936553698,440,No,No
90126,2024-07-02,Apartment,Austin,5,5.5,3615,4986.64696996223,528,Yes,No
90127,2024-11-06,Single Family,Dallas,4,3.5,1868,4938.09258940876,399,Yes,No
90128,2023-03-29,Townhouse,Austin,1,1,428,897.523141454311,386,No,Yes
90129,2024-07-12,Single Family,San Antonio,2,2,1356,2602.38671139292,242,No,Yes
90130,2024-11-20,Townhouse,Austin,4,3.5,1892,,789,No,Yes
90131,2023-05-28,Townhouse,Austin,3,2.5,1905,4189.47069205529,755,Yes,No
90132,2023-04-05,single family,San Antonio,1,1.5,461,985.837185029051,276,Yes,No
90133,2023-08-24,single family,Houston,2,2.5,912,1107.75354113456,256,Yes,No
90134,2023-06-13, apartment ,San Antonio,5,5,2100,4129.51511792816,790,Yes,No
90135,2023-07-21, apartment ,Austin,2,1.5,872,2235.74475687768,729,No,No
90136,2023-01-11,Apartment,San Antonio,4,4.5,2972,6427.08991585388,617,Yes,No
90137,2023-04-27,Townhouse,Dallas,1,1.5,539,775.624138489004,264,No,Yes
90138,2024-05-30,Townhouse,Dallas,1,1,470,1241.65799198656,726,No,Yes
90139,2024-07-19, apartment ,Houston,3,3.5,1806,2829.00660221251,305,No,Yes
90140,2023-03-08,Condo,Houston,4,4.5,1848,4717.65326423797,441,Yes,No
90141,2024-02-15,Apartment,Austin,2,2.5,1578,2698.22031475856,53,Yes,No
90142,2024-07-26, apartment ,Dallas,4,4,3008,4867.85380969525,305,No,Yes
90143,2023-04-18,Single Family,San Antonio,5,5.5,3440,4360.25443062943,750,Yes,No
90144,2023-05-24,Condo,San Antonio,2,2,872,1382.58752363147,669,Yes,No
90145,2024-04-20,Single Family,Houston,2,2,996,1489.37151003898,573,No,Yes
90146,2024-02-14,Townhouse,Dallas,2,2,1464,2524.38799424935,385,Yes,No
90147,2023-08-31,single family,Austin,3,2.5,1590,2406.46657680742,106,Yes,No
90148,2023-02-25,single family,Houston,2,1.5,1204,2387.97920875511,295,No,Yes
90149,2024-09-03,Single Family,Austin,4,4,2880,5468.37513881753,86,Yes,No
90150,2023-02-08,Condo,San Antonio,3,2.5,1809,2237.00786604039,278,Yes,No
90151,2023-04-12,Apartment,San Antonio,2,2,814,1816.39375034952,225,Yes,No
90152,2024-08-08,Condo,Dallas,4,3.5,2856,6003.5541167082,302,Yes,No
90153,2024-11-10,Single Family,Austin,2,2.5,954,1958.8870428733,150,No,Yes
90154,2024-08-24,single family,Austin,2,1.5,1456,1903.51639198415,89,No,No
90155,2023-07-05,Condo,Austin,3,3.5,2358,5399.85737721438,601,Yes,No
90156,2023-11-21,Apartment,Austin,2,2.5,870,2300.83079855369,724,No,Yes
90157,12/16/2023,Single Family,Austin,5,5,2245,3555.82533252836,477,Yes,No
90158,2024-09-17,Townhouse,Houston,5,5.5,2725,,749,No,Yes
90159,2024-07-24,Townhouse,San Antonio,1,1,724,1496.47198297646,772,No,Yes
90160,2023-04-21,single family,San Antonio,2,2,1246,1617.62334083208,72,Yes,No
90161,04/03/2023,Condo,Austin,3,3,2289,4678.3722614576,798,No,Yes
90162,2023-04-14, apartment ,Dallas,2,2.5,1114,1352.05245324115,598,Yes,No
90163,2023-07-10,Single Family,Austin,5,5,2640,4554.07846769787,747,Yes,No
90164,12/20/2023,Single Family,San Antonio,1,1,463,1197.41761523723,265,Yes,No
90165,2024-09-13,Apartment,Dallas,3,2.5,2163,3501.45906184295,93,No,Yes
90166,2023-08-26,Condo,San Antonio,3,2.5,1461,3615.43837593721,775,Yes,No
90167,2023-12-28,Apartment,Houston,2,1.5,1586,3272.94435892317,301,Yes,No
90168,2023-01-02,Apartment,Austin,1,1.5,578,1343.30531546637,385,No,Yes
90169,2023-01-11,Townhouse,San Antonio,3,3,1950,,50,No,Yes
90170,02/02/2023,Townhouse,Dallas,2,1.5,874,1558.54676187185,560,Yes,No
90171,2024-06-26,Condo,Houston,5,4.5,2455,4049.19057824122,252,No,Yes
90172,2023-11-28, apartment ,Dallas,5,5.5,3530,6576.39986277018,719,Yes,No
90173,2023-05-20, apartment ,Houston,1,1,718,1313.5266651957,652,Yes,No
90174,2023-07-19,single family,Austin,2,2,1420,2734.4143354904,516,Yes,No
90175,2023-10-23,single family,San Antonio,1,1,562,1155.10170268635,116,No,Yes
90176,2024-02-06,Apartment,San Antonio,2,2.5,1336,3258.69374042428,143,No,Yes
90177,2023-02-09,Apartment,San Antonio,5,5,2335,4771.75587990706,170,No,Yes
90178,2023-04-13,Single Family,San Antonio,1,1,774,1662.26519113167,619,No,Yes
90179,2024-05-24,Townhouse,San Antonio,5,4.5,3895,7471.62082132749,575,Yes,No
90180,06/05/2023, apartment ,San Antonio,2,2.5,1570,3784.87719176937,609,Yes,No
90181,2024-02-02,Townhouse,San Antonio,5,4.5,3890,7582.99601600924,465,No,No
90182,2023-11-10,Apartment,San Antonio,5,5,3395,9158.71808141317,780,Yes,No
90183,2024-04-22,Apartment,Houston,5,5,3960,10460.2919796315,267,No,Yes
90184,2023-12-09, apartment ,San Antonio,5,5.5,2345,5962.92082133979,666,No,Yes
90185,2023-03-25,Condo,Dallas,4,4.5,2588,6438.79728207644,576,No,No
90186,2023-05-22,single family,Dallas,1,1,460,562.289673553915,205,Yes,No
90187,2024-08-12,Single Family,Austin,5,5.5,3160,7416.23842514131,224,Yes,No
90188,2024-02-11,single family,Dallas,1,1,658,1603.94066976949,575,Yes,No
90189,2024-10-07,Condo,Austin,4,4.5,2828,7567.00338256462,298,No,No
90190,2024-03-29,single family,Dallas,1,1,787,1036.55190545034,573,Yes,No
90191,2024-08-14,Townhouse,Houston,1,1.5,456,1120.82275823281,266,Yes,No
90192,01/05/2024,Townhouse,Dallas,5,5.5,2495,5378.4880816373,115,No,Yes
90193,12/01/2023,Condo,Dallas,2,2,1390,1769.2872323912,716,No,Yes
90194,2023-12-24, apartment ,San Antonio,1,1,724,1869.94733179712,90,No,No
90195,2024-08-03,single family,Austin,4,4,2124,5402.9987529072,734,Yes,No
90196,2024-08-28, apartment ,Austin,5,4.5,2830,7070.67224130159,235,No,Yes
90197,2024-11-03,Apartment,Houston,4,4.5,2708,7276.18017978658,429,Yes,No
90198,2024-01-28,Single Family,Dallas,3,3.5,1776,2554.30441956627,245,Yes,No
90199,2024-09-30,single family,Dallas,4,4.5,2528,5283.09858851428,477,Yes,No
90200,2023-07-29,single family,San Antonio,5,5,3815,7135.88831995352,754,Yes,No
90201,2024-10-09,single family,Dallas,2,2.5,836,1880.58763266773,55,No,No
90202,2023-07-07,Apartment,San Antonio,4,4.5,3180,5401.175707799,778,No,Yes
90203,2023-06-23,Single Family,San Antonio,3,3.5,1932,4929.99458408113,83,Yes,No
90204,2023-06-04,Condo,Austin,3,2.5,1584,2508.19534746082,533,No,Yes
90205,2024-07-16,Townhouse,Houston,4,4,2372,4586.42069482953,400,Yes,No
90206,2024-06-11,single family,Austin,1,1.5,522,658.773141422576,407,Yes,No
90207,2023-06-13, apartment ,Austin,4,4,2564,3531.21199407839,377,Yes,No
90208,2023-07-15, apartment ,Dallas,3,3.5,1662,4295.41504939423,613,No,Yes
90209,2023-04-10,single family,Houston,4,4.5,2120,3808.10548023139,383,No,Yes
90210,2024-08-22,single family,San Antonio,5,4.5,3535,8788.3159661816,750,No,Yes
90211,2023-01-06,Condo,San Antonio,3,3.5,2244,4685.35451116923,743,Yes,No
90212,2024-05-16,Single Family,Houston,3,3.5,1989,3800.40214067116,693,Yes,No
90213,2024-07-02,Condo,Austin,4,3.5,2868,7244.75186467727,275,Yes,No
90214,2024-06-05,single family,Dallas,1,1.5,546,863.406353244002,338,No,Yes
90215,2023-06-28,Apartment,Dallas,3,3,1377,3473.00967457416,115,Yes,No
90216,2024-08-07,Townhouse,Austin,5,5,2830,6982.16818007602,693,No,Yes
90217,2023-10-08,Single Family,San Antonio,5,5,3605,8841.74181527167,312,No,Yes
90218,2023-10-02,Condo,Dallas,1,1.5,559,720.417324685267,688,Yes,No
90219,2023-07-29, apartment ,San Antonio,2,2,804,,59,No,Yes
90220,2024-04-17, apartment ,Dallas,1,1,517,1001.48984171208,221,Yes,No
90221,2024-07-12,Condo,Dallas,2,1.5,1140,1897.32697810667,515,Yes,No
90222,2023-01-01,single family,San Antonio,2,2,1102,2665.99514169236,370,Yes,No
90223,2024-03-21,Apartment,Austin,5,5,2010,4029.92661001809,524,No,Yes
90224,2024-10-07,single family,Houston,2,1.5,844,1081.83535536911,375,No,Yes
90225,2023-05-16,single family,Houston,2,2,984,1606.33403077719,533,Yes,No
90226,2023-10-22,Condo,Austin,5,5,2020,3227.23522223776,332,No,No
90227,2024-03-25,Single Family,Austin,5,4.5,2645,5283.6302605244,379,No,Yes
90228,2023-10-21,Single Family,Austin,1,1,700,1330.53355599313,725,No,Yes
90229,2023-02-16,Single Family,Austin,5,5.5,2640,5354.50268751499,80,Yes,No
90230,2024-07-16, apartment ,Houston,5,5.5,2720,4934.4265480444,762,No,No
90231,2023-06-15, apartment ,Houston,4,4,3164,4784.81060744189,142,Yes,No
90232,2023-11-11,Townhouse,Dallas,5,5.5,2025,4397.87539845932,302,No,Yes
90233,2024-11-18,Apartment,Houston,2,1.5,1414,2991.04638544826,484,No,Yes
90234,2024-08-22, apartment ,San Antonio,3,2.5,1413,2894.91616772959,150,Yes,No
90235,2023-10-26,single family,Austin,1,1.5,426,1021.24154306466,600,No,Yes
90236,08/26/2024, apartment ,Houston,3,2.5,1260,3067.32077336932,793,No,No
90237,2024-06-15, apartment ,Austin,3,2.5,1218,2385.80005139578,60,Yes,No
90238,2024-06-16,Townhouse,Houston,1,1,530,1375.21850295934,586,Yes,No
90239,2023-02-13,Apartment,Austin,2,2,888,1788.69982463489,739,No,Yes
90240,2024-04-05,Townhouse,San Antonio,1,1.5,797,959.729208102696,678,No,No
90241,2023-02-19,Apartment,San Antonio,5,4.5,3955,7410.14933635814,492,Yes,No
90242,2023-07-20,single family,Dallas,1,1.5,615,1125.39651876031,310,Yes,No
90243,2023-02-02, apartment ,Dallas,2,1.5,846,1935.81045985371,156,Yes,No
90244,2023-11-24,Apartment,Austin,4,4,2396,5233.87136121666,708,Yes,No
90245,2023-03-04,single family,San Antonio,5,5,2655,6065.09660006831,66,No,No
90246,2024-03-28,Apartment,Houston,1,1.5,457,758.619178113024,660,No,Yes
90247,2024-03-22,single family,Austin,4,3.5,1968,3692.7154577076,520,Yes,No
90248,2024-09-21, apartment ,Houston,2,2,1288,1905.94603947976,152,Yes,No
90249,2023-03-29,Apartment,Houston,1,1,762,1243.72668137146,337,Yes,No
90250,2024-09-04,Townhouse,Houston,3,3.5,1680,3212.02762659827,401,Yes,No
90251,2023-08-20,Single Family,Dallas,1,1,640,1249.5909712769,425,No,No
90252,2023-12-23, apartment ,Houston,4,4.5,2424,6119.9333172932,561,Yes,No
90253,2024-10-19,Apartment,Houston,5,4.5,3310,8270.87522214738,344,Yes,No
90254,2024-01-13,Condo,San Antonio,2,2,1098,2441.45438745369,442,Yes,No
90255,2024-02-12,Townhouse,Houston,4,3.5,2632,3424.29161988436,236,Yes,No
90256,2024-01-31, apartment ,Austin,3,3.5,1560,2144.0790585373,658,No,Yes
90257,2024-05-30,Townhouse,Dallas,4,3.5,2264,4502.42273558491,165,No,No
90258,2023-03-03, apartment ,Austin,1,1,456,861.172600552241,457,Yes,No
90259,2023-06-21,Townhouse,San Antonio,2,2.5,1258,2978.63156478518,81,Yes,No
90260,2024-06-15,single family,Houston,3,3.5,1935,3941.11946480005,310,No,Yes
90261,2024-10-07,single family,Dallas,5,5,2060,4632.51206859784,456,Yes,No
90262,2024-02-01,Single Family,Houston,1,1.5,418,1038.02032093155,391,Yes,No
90263,2023-11-13,Townhouse,San Antonio,1,1.5,759,1521.7067882122,491,Yes,No
90264,2024-04-24,Townhouse,Houston,4,4,2536,5393.29225670346,421,No,No
90265,2024-10-01,Single Family,Houston,5,5.5,2930,7259.66327065214,-754,Yes,No
90266,2023-03-12,Townhouse,Houston,4,4.5,3160,4147.99108203128,769,No,Yes
90267,2023-05-04,single family,Dallas,4,4.5,3164,7538.31699397318,149,Yes,No
90268,2024-11-30,Condo,San Antonio,1,1,578,896.427811562376,484,Yes,No
90269,11/12/2024, apartment ,San Antonio,3,3.5,2343,3967.35172334269,60,Yes,No
90270,2024-02-21,single family,San Antonio,1,1,560,1109.26310327522,180,Yes,No
90271,2023-09-08,Townhouse,San Antonio,2,2,976,2045.37662527513,507,No,No
90272,2024-11-29,single family,Austin,3,3.5,2379,6083.08933631689,249,Yes,No
90273,2023-11-22,single family,Austin,3,3.5,2157,3745.84018347582,516,No,No
90274,2024-11-24, apartment ,Austin,3,3.5,1512,2311.32875386818,67,No,Yes
90275,2023-05-12, apartment ,Austin,5,5.5,3200,6128.91313182605,230,Yes,No
90276,2023-07-25,Condo,Dallas,3,3,1353,,360,Yes,No
90277,2024-07-12,Townhouse,Dallas,1,1,475,1131.9361626622,147,Yes,No
90278,2024-04-12, apartment ,Dallas,1,1.5,446,568.052500304045,565,Yes,No
90279,2024-06-09,Single Family,Houston,5,5,2645,,422,No,Yes
90280,2023-07-06,Townhouse,Austin,3,3.5,1395,2643.33428099115,505,No,Yes
90281,2023-03-16,Townhouse,Dallas,4,3.5,2880,4486.45805234018,164,No,Yes
90282,2023-06-04, apartment ,Dallas,1,1,669,1415.85183604409,277,No,Yes
90283,2024-09-09,Condo,Houston,2,2,1550,2097.24727723154,792,No,Yes
90284,2023-07-19,Single Family,Houston,2,2.5,1208,2769.71093513114,318,No,Yes
90285,09/08/2024,Townhouse,Dallas,1,1,557,1403.08069692221,657,No,Yes
90286,2024-11-03, apartment ,San Antonio,5,4.5,3475,6394.7101083804,410,Yes,No
90287,2023-02-23,Single Family,Austin,2,2,1456,3476.39727183189,404,No,Yes
90288,2024-11-02,Townhouse,San Antonio,1,1,707,1581.59051748057,762,No,Yes
90289,2024-01-14,Apartment,Austin,1,1,422,628.138188010984,364,No,Yes
90290,2023-05-04,Townhouse,San Antonio,3,3.5,2244,5908.04326532206,164,No,Yes
90291,2023-03-10,Single Family,Houston,1,1,460,998.058174528209,266,No,Yes
90292,2023-09-05, apartment ,Austin,4,3.5,1808,2510.71492542043,747,Yes,No
90293,2023-11-20,Apartment,Houston,4,4,2464,4611.36807101079,391,No,No
90294,2023-09-27,Condo,Dallas,1,1,588,729.219700401844,306,Yes,No
90295,2024-08-19,Townhouse,Dallas,4,4.5,2376,6172.33137621113,479,Yes,No
90296,2024-10-27,single family,Austin,3,2.5,2277,,585,No,Yes
90297,2024-08-12,Single Family,Austin,3,3,2244,2885.45771454231,672,Yes,No
90298,2023-01-11,Condo,Austin,5,4.5,3625,9613.19414229397,300,No,No
90299,2024-02-14,Single Family,San Antonio,1,1,490,760.943818766132,644,Yes,No
90300,2024-09-27,Townhouse,Dallas,5,5,3160,3913.07407428374,369,Yes,No
90301,2023-01-07,Condo,Dallas,1,1.5,603,1134.25101073503,604,Yes,No
90302,2023-10-28,Single Family,Houston,4,3.5,1808,4546.95976341803,87,Yes,No
90303,2024-03-12,Condo,San Antonio,1,1,570,820.499929733807,130,No,Yes
90304,2024-06-23,single family,Dallas,2,2,934,2258.43166610321,95,Yes,No
90305,2024-09-15, apartment ,Dallas,3,3,2352,3728.8316168476,674,Yes,No
90306,2024-02-23,Apartment,Dallas,4,4.5,2112,3372.11040919689,156,No,No
90307,2024-02-19, apartment ,San Antonio,4,4.5,2264,5325.45145465576,199,No,Yes
90308,2024-11-17,single family,Houston,2,2.5,1352,2587.04777106636,760,No,No
90309,2024-09-29,Condo,Houston,4,4,3036,3865.4701818283,87,Yes,No
90310,2024-01-18,Apartment,Houston,4,3.5,3000,6544.58517057103,715,Yes,No
90311,2024-05-03,single family,Austin,4,4.5,2460,4571.11435943521,446,No,No
90312,2023-06-06, apartment ,San Antonio,5,4.5,3040,6628.06710440855,680,No,Yes
90313,2024-10-27,Single Family,Austin,2,1.5,1590,2426.09396576746,795,No,No
90314,2023-02-12,single family,Houston,1,1,576,1059.54120725856,586,No,No
90315,2024-09-03, apartment ,Dallas,5,5.5,3200,8339.01255131653,618,No,No
90316,2024-09-29,Apartment,Dallas,3,2.5,1245,2497.89594166837,56,No,Yes
90317,2024-09-18,Single Family,Dallas,1,1,523,774.59610674707,619,Yes,No
90318,2023-02-25,Apartment,Dallas,1,1.5,706,1790.77210405151,158,Yes,No
90319,2023-06-10,single family,San Antonio,3,3.5,1464,3656.50239003734,118,Yes,No
90320,2024-01-08, apartment ,San Antonio,2,1.5,1408,3649.31590833725,671,No,Yes
90321,2023-05-17,Townhouse,Austin,4,3.5,2800,4960.90340608773,207,Yes,No
90322,2023-11-15,Townhouse,Houston,4,4,3180,5913.55159502269,657,Yes,No
90323,2024-10-22,Condo,Dallas,5,5.5,2800,7062.18761158278,751,Yes,No
90324,2024-11-06,Apartment,San Antonio,2,1.5,1242,2058.18017783714,401,Yes,No
90325,2024-01-06, apartment ,Austin,2,1.5,1008,1790.68281988142,195,Yes,No
90326,2023-12-17,Condo,Austin,5,5.5,2275,4504.00988429389,170,No,Yes
90327,2023-01-01,Condo,Dallas,2,1.5,1178,2391.48866472658,690,Yes,No
90328,2023-04-20,single family,Houston,5,5.5,3540,8030.55482688665,414,No,Yes
90329,2023-12-13,Townhouse,Dallas,1,1,726,1889.31258253786,341,No,No
90330,11/09/2024,Condo,Houston,2,2,894,2204.87553844577,375,No,Yes
90331,2023-08-30,Apartment,Houston,3,2.5,1251,2856.21685808786,210,Yes,No
90332,2023-03-27,Condo,Austin,2,1.5,1456,3898.10547038936,684,Yes,No
90333,2023-06-15,Single Family,Dallas,4,4.5,2440,3529.01924914914,502,Yes,No
90334,2024-07-08,single family,Austin,4,4,1880,4522.02014678811,459,Yes,No
90335,2023-12-16,Townhouse,Dallas,2,2.5,1322,2576.16922488202,95,Yes,No
90336,2024-03-18,Apartment,San Antonio,4,4.5,2488,4923.84784982868,504,Yes,No
90337,2023-06-10,Single Family,Dallas,4,4.5,2556,5715.39431459261,383,Yes,No
90338,2024-01-14, apartment ,Houston,5,5,3930,9024.44593947914,439,Yes,No
90339,2023-09-19,Apartment,Houston,5,5.5,3130,7948.79046029448,222,No,Yes
90340,2023-07-01,Apartment,Dallas,3,3,1422,3248.95308428013,356,Yes,No
90341,2024-08-12,single family,Houston,4,3.5,2732,4740.88916217894,65,No,No
90342,2024-05-06,single family,Austin,5,4.5,2185,3448.42185913349,568,No,No
90343,2023-10-01,Townhouse,Dallas,3,3.5,1950,3345.88720776415,135,Yes,No
90344,2023-11-09,Single Family,Austin,1,1,556,888.181327092732,723,Yes,No
90345,05/09/2024,Apartment,Dallas,5,5,3755,5867.9957989091,385,No,No
90346,2023-01-26,Condo,Austin,4,4,1860,2922.70171957868,408,No,No
90347,2024-11-28,Townhouse,Houston,5,5,2010,5186.6789697626,355,Yes,No
90348,2023-11-02,Townhouse,Dallas,3,3.5,1743,4204.48577678468,170,No,No
90349,2024-03-09,single family,Austin,5,5,3865,8666.20094154947,540,No,No
90350,2024-01-20,Condo,Austin,3,2.5,2280,6083.03705450848,91,No,No
90351,2023-12-02,single family,San Antonio,5,5.5,3070,6195.63281699719,162,No,Yes
90352,2024-08-28,Condo,Houston,5,5.5,2900,4828.80633435622,241,No,Yes
90353,2023-11-21,Apartment,Dallas,2,1.5,962,2102.85194399378,219,No,Yes
90354,2024-03-11,Condo,Dallas,1,1,539,1301.92089515134,135,No,No
90355,2023-03-24,single family,Austin,3,3,1290,1794.79816506887,550,No,Yes
90356,2023-01-16,single family,San Antonio,3,3.5,1986,2463.13638274257,86,Yes,No
90357,2023-05-25,Condo,San Antonio,1,1.5,653,1332.67630307627,732,No,No
90358,2024-06-24,single family,Houston,2,2.5,926,1524.96818313159,429,No,Yes
90359,2024-01-23,Apartment,Austin,5,5,2575,6379.84350803184,771,Yes,No
90360,2023-05-19, apartment ,Dallas,4,3.5,2976,4918.39381769895,641,No,Yes
90361,2024-09-27,Condo,San Antonio,1,1,734,960.316275906244,199,Yes,No
90362,2024-09-16,Single Family,Dallas,1,1,470,767.643308192791,111,Yes,No
90363,2024-09-11,Single Family,San Antonio,3,3.5,2115,2905.75352996786,685,Yes,No
90364,2024-06-16,Townhouse,San Antonio,4,3.5,2516,5714.74853298308,755,Yes,No
90365,2023-10-26,Condo,Dallas,3,3,2250,5486.59372260403,201,No,Yes
90366,2023-01-04,single family,Dallas,5,4.5,2090,5505.22641315182,524,Yes,No
90367,2023-10-14,Townhouse,Houston,1,1,777,1526.6347472558,354,Yes,No
90368,2023-12-16, apartment ,San Antonio,1,1,623,1659.70704761912,773,No,Yes
90369,2023-07-15, apartment ,San Antonio,1,1,509,897.942119329023,57,No,Yes
90370,2023-09-28,Apartment,Austin,3,3,2319,5248.22029507687,132,Yes,No
90371,2024-06-14,Apartment,Austin,4,4,2996,6712.64348971427,670,Yes,No
90372,2024-04-08,Single Family,Dallas,4,4,2696,6419.59010296966,710,No,Yes
90373,2023-12-21,Apartment,Houston,5,5,3980,6442.44667577299,363,Yes,No
90374,2023-04-10,Condo,Austin,5,5,3115,5960.22796800301,382,Yes,No
90375,2024-02-18,Single Family,Dallas,4,4.5,3004,6631.95084675474,281,Yes,No
90376,06/22/2024, apartment ,Dallas,2,2.5,1510,3322.93090609225,156,Yes,No
90377,2023-03-27,Condo,Dallas,4,3.5,1724,2232.87094119213,706,Yes,No
90378,2024-10-17,Condo,Austin,3,3,2274,5569.60885885507,457,No,Yes
90379,2023-02-23,single family,Houston,4,3.5,2316,3728.93743577848,275,Yes,No
90380,2023-12-21,Apartment,Austin,1,1,757,1965.81671538512,459,Yes,No
90381,2024-07-06,Condo,Austin,5,4.5,3160,5685.29244767935,559,Yes,No
90382,2023-04-20,Townhouse,San Antonio,4,4.5,2828,4530.50497370293,758,Yes,No
90383,2024-09-13,Apartment,Dallas,3,3.5,2334,4656.21585771107,502,No,Yes
90384,2023-05-22,Apartment,Houston,3,3,2193,4387.63827885424,105,No,No
90385,2023-07-25, apartment ,Dallas,4,4.5,1748,2583.19975462947,208,Yes,No
90386,2024-11-18, apartment ,Austin,4,4,2788,5524.53095855645,376,No,Yes
90387,2023-02-22,Townhouse,San Antonio,1,1,562,1197.70184560143,527,No,Yes
90388,2024-10-08,Condo,Austin,5,4.5,3865,8300.12385911477,628,No,No
90389,2023-12-31,Single Family,Houston,5,5,2115,5505.8901174643,348,Yes,No
90390,2023-08-27, apartment ,Dallas,4,3.5,2772,4363.38378045065,522,No,No
90391,2024-02-18, apartment ,San Antonio,3,3.5,1329,2381.2959678587,55,Yes,No
90392,2024-04-17,Single Family,Houston,5,4.5,3040,6730.72361049555,427,Yes,No
90393,2023-04-25, apartment ,Dallas,2,1.5,1512,1898.30513047944,414,No,No
90394,2023-01-14, apartment ,San Antonio,5,5,3350,4838.13536707458,774,Yes,No
90395,2024-01-25,Townhouse,Dallas,2,1.5,870,1730.99691982101,614,No,Yes
90396,2023-03-19,Apartment,Houston,5,4.5,3020,7567.4706310944,775,No,Yes
90397,03/15/2023,single family,Austin,5,5.5,2740,3363.36919699766,423,No,No
90398,2023-07-10,single family,Houston,2,2,1384,1733.68017982472,722,No,Yes
90399,2024-06-28,Single Family,Austin,5,4.5,3000,5329.18108465577,80,Yes,No
90400,2024-07-03,Condo,Houston,2,1.5,1228,2895.35488969858,738,No,Yes
90401,2024-05-04,Apartment,San Antonio,2,1.5,1062,1926.30161423707,197,No,Yes
90402,2024-03-24,Townhouse,Houston,1,1,541,828.259180122595,787,Yes,No
90403,2023-09-15,Apartment,San Antonio,3,3.5,1761,3686.11347521749,168,Yes,No
90404,2024-01-03,single family,Dallas,1,1,551,700.598398107336,648,Yes,No
90405,01/11/2024, apartment ,Austin,3,3,1458,3202.62882237501,464,Yes,No
90406,2023-08-01,Apartment,Dallas,1,1.5,459,,651,Yes,No
90407,06/24/2023,Apartment,Dallas,4,3.5,1796,3689.00669246512,775,No,No
90408,2023-07-12,single family,San Antonio,4,4,3152,7435.08500663186,55,Yes,No
90409,2023-01-30,Townhouse,Houston,5,4.5,3465,8445.41006221501,757,Yes,No
90410,2024-09-03,single family,Dallas,3,3.5,1602,2358.28890956849,223,No,No
90411,2024-01-15,Townhouse,Austin,4,4.5,1656,3415.83439692028,471,No,Yes
90412,2023-11-29,Condo,Houston,4,3.5,2540,5379.48723612143,596,No,Yes
90413,2024-04-14,Single Family,Dallas,5,4.5,2710,5121.96021050027,645,No,Yes
90414,2023-07-07, apartment ,Houston,3,3.5,1845,3586.89781787568,348,No,Yes
90415,2023-12-15,Condo,Dallas,3,3.5,2028,,323,No,Yes
90416,2023-01-05,Single Family,Austin,1,1,444,556.527811530106,158,Yes,No
90417,2023-06-11,Apartment,San Antonio,2,1.5,1446,3083.10041923611,512,No,Yes
90418,2023-07-20,single family,Dallas,2,1.5,1258,2957.15410236239,-623,Yes,No
90419,2023-09-01,Single Family,San Antonio,3,3,1371,3161.17834617481,257,No,Yes
90420,2024-06-16,Single Family,Austin,3,3,1758,3632.09413707596,692,Yes,No
90421,2024-02-19,Apartment,Dallas,4,4,1680,2022.73732498974,-721,Yes,No
90422,2024-08-31,Townhouse,San Antonio,1,1.5,404,943.858304559001,72,No,No
90423,2024-02-09,Single Family,Houston,3,2.5,1677,4140.90316684647,687,Yes,No
90424,2023-11-25, apartment ,San Antonio,4,4,2984,3911.5122441785,290,Yes,No
90425,2024-01-16,Townhouse,San Antonio,4,4.5,2496,4121.65645034614,112,Yes,No
90426,2024-04-19,Single Family,Houston,4,4,2120,2678.31390907351,681,No,No
90427,2024-09-15,Single Family,Houston,5,4.5,2510,6040.83507174618,793,No,Yes
90428,2023-02-26,Townhouse,Dallas,1,1,447,963.504010148255,210,Yes,No
90429,2023-11-16,single family,Dallas,4,4.5,2812,5662.19256174797,706,Yes,No
90430,2024-04-10,single family,San Antonio,2,2,1178,2011.03333577478,98,No,Yes
90431,2023-06-06,Townhouse,Houston,3,3.5,1584,2413.09470824836,395,Yes,No
90432,2023-08-14,Townhouse,Dallas,3,3.5,1443,1934.58579560965,548,No,No
90433,2023-07-20, apartment ,San Antonio,3,3,2214,3388.95996392684,372,Yes,No
90434,11/20/2024,Townhouse,Austin,5,4.5,3390,9032.9224544386,71,Yes,No
90435,2023-02-18,Apartment,Dallas,4,4,2492,6654.29843772626,295,Yes,No
90436,2024-02-11,Apartment,Austin,1,1,637,846.092831835334,649,No,No
90437,2024-11-01,Single Family,Austin,3,3,1509,3361.03009382339,663,Yes,No
90438,2024-01-13,Apartment,San Antonio,5,5.5,3310,7696.08703011884,466,Yes,No
90439,2024-03-14,Condo,Dallas,5,5.5,2535,6275.23978825507,257,Yes,No
90440,2023-03-02,Townhouse,Houston,1,1,410,806.536451292008,660,No,Yes
90441,2023-05-31,Apartment,San Antonio,1,1.5,561,1247.65461940041,447,Yes,No
90442,2024-07-29, apartment ,Houston,2,2.5,1010,2448.44990479408,638,No,Yes
90443,2024-05-14,Condo,Austin,2,2.5,1170,1551.78100044829,570,Yes,No
90444,2023-02-11,Single Family,Dallas,4,4.5,2068,4282.53999928,211,Yes,No
90445,2024-11-05, apartment ,Austin,4,4,2284,4330.58605075077,694,Yes,No
90446,2024-09-04,Apartment,Houston,1,1.5,735,971.804039716164,320,No,Yes
90447,2023-12-14,Apartment,San Antonio,5,4.5,2995,4728.8368102288,126,No,No
90448,2023-10-07,Townhouse,San Antonio,4,3.5,2728,4628.84086518364,71,No,Yes
90449,2024-06-25,Single Family,Houston,4,4,3108,5389.19170806482,407,No,Yes
90450,2024-03-19, apartment ,Houston,3,3,2064,5286.77065923082,424,No,Yes
90451,2023-01-18,Condo,Austin,1,1,478,941.760500696004,142,No,Yes
90452,2023-06-12,single family,Austin,5,5.5,2160,2674.6992844244,639,No,Yes
90453,2023-06-19,Condo,Austin,5,5,3810,9574.87980322394,631,Yes,No
90454,2023-08-27,Single Family,Austin,1,1.5,416,,211,Yes,No
90455,2023-08-16,single family,Houston,4,4,2208,2707.63011804541,515,Yes,No
90456,2024-11-22,Townhouse,Austin,4,4,2976,4816.98234424339,102,No,Yes
90457,2024-10-13,single family,Dallas,5,5,2050,3041.34331041078,735,No,No
90458,2023-05-02,Single Family,San Antonio,5,5.5,3985,5703.00390222436,780,No,No
90459,2023-09-30,Single Family,San Antonio,2,1.5,950,1302.6912201581,106,No,Yes
90460,2023-03-26,Apartment,Dallas,2,1.5,1126,2174.62708942919,761,Yes,No
90461,2023-03-29, apartment ,Dallas,5,5,2870,5799.52756418731,133,No,Yes
90462,2024-04-06,Condo,Austin,3,3.5,2397,3822.52856142927,499,Yes,No
90463,2024-03-10,Condo,Houston,5,5.5,2810,5485.11191336164,147,Yes,No
90464,2024-04-22,Condo,San Antonio,5,5.5,2015,3589.00072691729,758,No,Yes
90465,10/04/2023,Apartment,San Antonio,5,5,2405,5928.30587917487,203,No,No
90466,2024-06-27,Townhouse,Dallas,5,5,3635,4910.63279306732,393,Yes,No
90467,2023-07-09,Condo,Houston,4,4.5,1664,3668.72959764969,356,Yes,No
90468,2024-03-05,Condo,Austin,3,2.5,2088,5428.45817327483,775,No,No
90469,2023-02-05,Apartment,Austin,4,4.5,2544,6633.66486502963,595,No,No
90470,2024-06-27, apartment ,Austin,2,2,1024,2723.60123947132,157,No,Yes
90471,2023-04-20,Townhouse,San Antonio,2,2.5,1400,2577.53272477422,481,No,Yes
90472,2023-10-25,Single Family,San Antonio,5,4.5,2980,4791.12371428549,209,No,Yes
90473,2024-02-22,Apartment,Dallas,5,4.5,2685,4282.88614283869,705,No,Yes
90474,2024-04-29,single family,Austin,5,5.5,3215,6610.99060551589,784,No,No
90475,2024-09-07,Townhouse,Houston,3,3.5,1356,3123.41198673742,195,Yes,No
90476,2024-03-07,Townhouse,Houston,3,3,1986,5058.82058015942,294,Yes,No
90477,2023-07-30,Single Family,Austin,5,5,3150,6281.94617386532,641,Yes,No
90478,2023-01-02,Single Family,Houston,4,4.5,2184,4810.44109731915,752,Yes,No
90479,08/26/2023,Single Family,Houston,5,4.5,3240,6576.90627345485,693,Yes,No
90480,2023-12-24, apartment ,Houston,4,4.5,2864,6995.12766256776,159,Yes,No
90481,2023-02-10,Apartment,San Antonio,5,5.5,3630,6341.88133098599,391,No,No
90482,2023-01-18,Single Family,Austin,4,4,1828,4299.70389541933,193,No,Yes
90483,2023-02-06,Apartment,Houston,4,3.5,2304,5864.14134132943,54,No,Yes
90484,03/17/2024,Apartment,Dallas,1,1.5,698,1220.84595054157,186,No,Yes
90485,2024-03-05, apartment ,San Antonio,4,3.5,3056,4894.43320817353,783,Yes,No
90486,2024-07-28,Condo,Dallas,3,3,1875,3399.3821459121,726,No,Yes
90487,2023-04-05,Townhouse,Dallas,3,3,2133,,485,Yes,No
90488,2024-01-26,Condo,San Antonio,2,2.5,850,2032.29784499728,226,Yes,No
90489,2024-10-31,Condo,San Antonio,2,2,1368,2290.6892446456,155,Yes,No
90490,2024-05-11,Single Family,Dallas,3,3,2166,3000.16888643176,195,Yes,No
90491,2023-01-12,single family,Austin,1,1.5,751,1915.76114333196,53,Yes,No
90492,2023-01-26,Condo,Houston,5,5.5,2575,4702.20970464042,114,Yes,No
90493,2023-07-09,Single Family,Dallas,3,2.5,2007,4700.8878431675,273,No,Yes
90494,2024-01-07,single family,Dallas,4,4.5,2724,5597.74636431567,265,No,No
90495,2023-06-28,single family,Houston,4,4.5,2272,4343.25620272199,273,No,Yes
90496,2023-09-29,Condo,Dallas,4,3.5,3048,8225.81751248474,372,Yes,No
90497,2024-09-11,Single Family,San Antonio,2,2,1506,2691.46226385276,735,No,Yes
90498,2024-02-17,Townhouse,Austin,4,4.5,2172,5010.91536833612,437,No,Yes
90499,2024-01-20,Apartment,Austin,5,5,3170,5706.58848239555,612,No,Yes
90500,2024-08-14,Apartment,Dallas,3,3,2103,4985.13943442788,301,No,Yes
90501,2023-11-12,Single Family,Houston,4,3.5,2964,5694.06710844937,506,No,Yes
90502,2023-11-23,Apartment,San Antonio,1,1,577,1496.77594608794,526,No,No
90503,2024-09-19,single family,Dallas,5,5,2665,3995.36374877154,520,Yes,No
90504,2023-03-01, apartment ,Austin,5,4.5,3595,5951.04492851372,57,No,Yes
90505,2023-06-10,Single Family,San Antonio,2,1.5,1448,3142.76473013776,172,No,Yes
90506,2024-04-11,Condo,San Antonio,3,3,1377,,313,No,No
90507,2023-12-31, apartment ,Houston,5,5.5,2615,3217.09807875943,95,Yes,No
90508,2024-03-11,Townhouse,Houston,3,3.5,1389,3100.35593423664,386,No,Yes
90509,2023-12-04,Condo,San Antonio,2,1.5,1452,1892.59022751608,-653,No,No
90510,2023-07-14,Townhouse,Dallas,5,5.5,3500,6227.78127197073,303,Yes,No
90511,2024-01-25,Single Family,Austin,4,3.5,3080,3743.93133216348,353,No,No
90512,2023-12-19,Apartment,Dallas,3,3,1398,2890.67015576357,415,Yes,No
90513,2024-11-02,Apartment,San Antonio,2,2,1206,2391.02255855101,539,Yes,No
90514,2023-01-27, apartment ,Austin,5,4.5,3745,4811.87537162326,251,No,Yes
90515,2023-01-31,single family,San Antonio,3,2.5,1317,2067.49890451869,644,No,No
90516,2024-02-18,Single Family,Dallas,3,3.5,1959,4495.861586072,141,Yes,No
90517,2024-03-10,Condo,Austin,1,1.5,416,640.625534135395,237,No,Yes
90518,2023-08-21,Townhouse,Austin,3,3,1386,2038.64246473603,486,No,No
90519,2024-08-08,Townhouse,San Antonio,4,3.5,1716,3921.28320715748,736,Yes,No
90520,2023-12-04,Condo,Houston,5,5,3325,7450.83720829261,125,Yes,No
90521,2024-03-23,Condo,Houston,5,5.5,3300,6787.3413768864,768,Yes,No
90522,2023-02-11,Condo,San Antonio,3,3.5,1803,3752.54691147676,64,Yes,No
90523,2024-03-10,Apartment,Austin,2,2.5,1228,2830.61116224984,690,No,Yes
90524,2023-11-22,Apartment,Dallas,5,5,3045,4798.55781838836,508,No,Yes
90525,2023-03-11,Condo,San Antonio,3,3,2184,2825.81768985252,348,Yes,No
90526,2023-05-15,Single Family,Austin,1,1,784,1638.51367507508,147,Yes,No
90527,2023-08-15,Single Family,Dallas,2,2,1518,2772.70811211453,493,No,No
90528,2023-12-12, apartment ,Austin,4,4,2264,3787.1162208974,590,Yes,No
90529,2023-04-05,Single Family,Houston,2,2,1574,2881.22624807145,377,Yes,No
90530,2023-08-31,Single Family,Houston,2,2.5,1280,2651.21461985782,781,No,No
90531,2023-12-15,Condo,San Antonio,1,1,480,803.981165120369,119,Yes,No
90532,2024-07-10,single family,San Antonio,3,3.5,1269,3086.04384563497,611,Yes,No
90533,2024-10-03,single family,Austin,3,3,1389,2114.16891753383,316,Yes,No
90534,2023-08-09,Apartment,San Antonio,2,2.5,1576,3644.5289008035,56,No,Yes
90535,2024-03-30,single family,Houston,1,1.5,699,1463.8503080888,677,No,No
90536,2024-07-04,single family,Dallas,5,5,2875,6556.3873044827,693,Yes,No
90537,2023-11-24, apartment ,Austin,1,1.5,574,720.488227503881,710,Yes,No
90538,2024-02-10,Condo,San Antonio,4,4.5,2928,7483.35452467881,254,Yes,No
90539,2024-07-19,Apartment,Austin,2,2.5,826,1106.30610431298,459,Yes,No
90540,2024-11-11,Single Family,San Antonio,4,4,2608,6677.83779231507,628,Yes,No
90541,2024-08-16,Apartment,San Antonio,1,1,692,1033.1280015567,466,No,Yes
90542,2023-08-22,Condo,San Antonio,3,2.5,1239,1538.7280312494,62,Yes,No
90543,2024-09-23, apartment ,Houston,1,1,414,878.966872316118,240,No,No
90544,02/15/2023, apartment ,Dallas,4,4,1900,4391.45508131546,328,Yes,No
90545,2023-02-12, apartment ,San Antonio,2,2,1146,3053.14683756351,144,No,Yes
90546,2023-09-06,Townhouse,Austin,1,1,687,1501.60947980867,437,Yes,No
90547,2024-04-22,Condo,San Antonio,3,3.5,2190,5469.30776515059,141,Yes,No
90548,2024-07-31,single family,Houston,5,5,3875,5846.16350261316,643,Yes,No
90549,2024-10-09,Apartment,Dallas,2,2,1044,2784.00619974621,477,No,Yes
90550,2023-01-26,Single Family,Austin,1,1,493,1150.98812417625,266,Yes,No
90551,2023-06-01,Single Family,Houston,5,5,3780,7983.60494751279,60,No,Yes
90552,04/09/2024, apartment ,Houston,4,3.5,2868,4817.02979753829,673,No,No
90553,2024-07-05,Apartment,Dallas,1,1,563,737.142434620458,562,Yes,No
90554,2024-06-16, apartment ,San Antonio,2,1.5,1148,2403.09250168795,-363,Yes,No
90555,2023-02-27,Apartment,San Antonio,5,5,3910,6541.56093814669,539,Yes,No
90556,2024-02-21,single family,Dallas,2,2,1340,2320.86587345082,255,Yes,No
90557,2023-02-04,Single Family,San Antonio,4,3.5,2768,4856.85054546038,496,No,No
90558,2024-01-30,Single Family,Houston,3,3,1329,2902.19902823204,302,Yes,No
90559,2024-10-17,Apartment,Houston,4,4,2892,4213.70477989433,647,Yes,No
90560,2023-04-14,single family,San Antonio,1,1,400,583.735842976596,197,Yes,No
90561,2023-06-17,Townhouse,San Antonio,5,5,2895,3694.51839314775,633,No,Yes
90562,2024-03-16,Apartment,Dallas,4,3.5,2824,6187.46457478826,484,Yes,No
90563,2023-05-12,Townhouse,Dallas,4,4.5,2780,5390.6855983253,426,Yes,No
90564,2024-11-04,Condo,Dallas,3,3,1644,4337.39392257901,197,Yes,No
90565,2024-10-03,Single Family,San Antonio,1,1,767,976.726634708711,339,No,No
90566,2024-05-15,single family,San Antonio,2,1.5,900,1172.40982557759,349,No,Yes
90567,2023-05-20,Townhouse,San Antonio,2,2.5,1518,3835.31856013393,735,No,Yes
90568,2023-03-07,single family,San Antonio,3,3,2040,2733.69790642043,634,No,Yes
90569,2023-05-16,Townhouse,Austin,3,2.5,1443,2992.58088359203,187,Yes,No
90570,2023-04-15,Apartment,Dallas,2,2.5,1114,1539.67722692726,732,Yes,No
90571,2023-02-24, apartment ,San Antonio,2,2,1562,3535.94845567353,250,Yes,No
90572,2024-03-24,Condo,Dallas,4,4.5,2660,4793.08252987316,338,No,Yes
90573,2024-05-22,single family,Austin,5,4.5,2565,6522.71715727575,764,Yes,No
90574,2023-06-02,single family,Austin,1,1,752,1920.55793881666,596,Yes,No
90575,2024-10-24,single family,Austin,1,1.5,677,1216.50511427564,280,Yes,No
90576,2023-02-17,Apartment,Austin,3,3,1788,3315.84502838508,211,No,Yes
90577,05/01/2023,single family,Houston,1,1,798,1611.32789834986,169,Yes,No
90578,2023-01-28,Townhouse,Dallas,1,1,764,1665.41871824442,170,Yes,No
90579,2024-07-30,single family,Austin,3,3,2076,2647.59506988618,467,No,Yes
90580,2024-08-20,Townhouse,Houston,3,3,1731,3943.45453501882,405,Yes,No
90581,2023-05-05,single family,Houston,5,5.5,2025,3871.8911929612,590,Yes,No
90582,2024-06-16,Apartment,Dallas,2,1.5,1184,2816.5394471633,427,Yes,No
90583,05/21/2024,Condo,Houston,1,1,448,1153.62630930023,748,No,Yes
90584,2024-01-09,single family,San Antonio,3,2.5,1356,2185.77403192323,684,No,No
90585,2023-09-23,single family,Austin,1,1.5,555,1013.4162439012,763,Yes,No
90586,2023-10-02,Condo,Houston,5,5.5,3565,5707.93412440989,654,No,Yes
90587,2024-06-04,Townhouse,Austin,4,3.5,1828,2284.39075777567,230,No,No
90588,2024-08-21,Single Family,Dallas,4,3.5,2644,5277.64926742262,183,No,No
90589,2023-01-12,Townhouse,Dallas,3,3,1626,2425.43661555826,296,Yes,No
90590,2023-04-02,Apartment,Dallas,2,2.5,824,1942.05535265228,781,No,No
90591,2023-02-14,single family,Dallas,4,3.5,2676,5627.37745254104,188,No,Yes
90592,2024-04-12,Condo,San Antonio,3,2.5,1410,2124.89664993896,427,Yes,No
90593,2024-06-20,Single Family,San Antonio,2,1.5,1140,2019.78219624412,431,Yes,No
90594,2024-09-18,Apartment,Houston,4,4,2500,4849.9021799536,580,Yes,No
90595,2023-05-22,Single Family,San Antonio,4,4.5,2324,3455.06155352791,170,No,No
90596,2024-07-10,Apartment,Austin,2,1.5,926,1187.48500227317,103,Yes,No
90597,2024-04-09,Apartment,San Antonio,1,1,423,742.005758465363,504,No,Yes
90598,2024-04-01,Apartment,Houston,1,1.5,718,1330.3436289381,680,Yes,No
90599,2023-09-16,Single Family,San Antonio,1,1,696,1475.60607657489,99,Yes,No
90600,2023-06-26, apartment ,San Antonio,2,2.5,950,2079.71637341413,480,No,No
90601,2023-08-24,Single Family,Austin,4,3.5,2764,5870.07417645756,610,No,Yes
90602,2023-10-23, apartment ,San Antonio,4,4,1668,3548.72693217263,609,No,No
90603,2024-02-25, apartment ,San Antonio,4,4,2412,5808.17255608596,656,No,No
90604,2024-06-03, apartment ,Houston,3,3,1413,3600.44105772238,490,No,Yes
90605,2023-03-31,Single Family,San Antonio,3,2.5,1287,2728.8810028288,108,No,Yes
90606,2024-03-27,Condo,Houston,4,4,2244,5179.22435779442,365,No,No
90607,2024-03-04,Townhouse,Dallas,1,1.5,512,628.684142381644,539,No,Yes
90608,2023-04-05,Single Family,Austin,3,3.5,1293,2626.27819742843,79,No,Yes
90609,2023-12-03,Apartment,Dallas,3,3.5,1365,2070.62785762205,260,Yes,No
90610,2023-01-10,Single Family,San Antonio,2,2,1068,2788.24440325026,239,Yes,No
90611,2024-07-31,single family,Houston,4,4.5,2804,7291.98709201514,250,Yes,No
90612,2024-11-18,Townhouse,Houston,4,3.5,2360,,483,No,Yes
90613,2024-03-09,Condo,San Antonio,4,4,1964,3156.43843155449,393,No,Yes
90614,2024-01-04,Condo,Houston,4,4.5,2568,4129.78215737873,86,No,No
90615,2023-07-18, apartment ,Dallas,2,2,1522,3988.61532966253,196,Yes,No
90616,2023-02-26,Apartment,San Antonio,2,2.5,1324,3161.47993223792,515,No,Yes
90617,2024-08-16,Single Family,Dallas,4,4,2048,3086.48156634051,110,No,Yes
90618,2023-05-28,single family,Houston,3,3,1590,3046.63596963865,681,Yes,No
90619,2024-05-16,Condo,San Antonio,1,1,463,557.532028011387,349,No,Yes
90620,2023-10-07,single family,San Antonio,4,4.5,2744,4323.79571889033,416,No,Yes
90621,2023-04-22,Single Family,Austin,1,1.5,760,2042.54278950698,205,Yes,No
90622,2023-07-07,Townhouse,Houston,4,4.5,2652,,97,Yes,No
90623,2024-04-05,Apartment,Houston,1,1.5,744,1090.07894876584,385,Yes,No
90624,2024-03-24,Townhouse,Houston,4,4,2316,4273.00738963178,445,Yes,No
90625,2023-10-23,Apartment,Houston,4,4,2588,3478.75716762708,767,Yes,No
90626,2024-10-09, apartment ,Austin,2,2,988,2401.67750818603,118,No,Yes
90627,2023-01-30,Condo,Houston,3,2.5,1356,2589.1437162792,277,No,No
90628,2023-10-06, apartment ,Dallas,2,2.5,1088,2819.56473879086,416,Yes,No
90629,2023-02-28,Townhouse,Houston,3,2.5,2082,2872.46340843302,602,Yes,No
90630,2023-12-04, apartment ,Austin,4,3.5,2992,4859.48850237964,170,No,Yes
90631,2023-12-22,Townhouse,Houston,4,4,1944,4610.04026430828,433,No,Yes
90632,2023-03-25, apartment ,Houston,1,1,712,1614.02581787613,750,Yes,No
90633,2023-03-31,Condo,Dallas,2,2.5,1334,2842.05797757099,788,Yes,No
90634,2024-01-02,Single Family,Houston,2,1.5,1460,2656.51190125407,769,No,Yes
90635,10/01/2023,Single Family,San Antonio,2,2,1510,2659.00039639231,466,No,Yes
90636,2024-08-26, apartment ,Austin,1,1,585,965.171709201146,603,Yes,No
90637,2023-09-20,Apartment,Dallas,4,3.5,1896,4312.11464389344,737,Yes,No
90638,2024-05-26,Single Family,Houston,1,1,730,1331.34570467907,795,Yes,No
90639,2024-04-29, apartment ,Austin,3,2.5,1401,2316.85273016512,555,No,Yes
90640,2024-09-26,Single Family,San Antonio,5,5,3890,8784.32141169222,416,No,Yes
90641,2023-05-15,single family,San Antonio,2,2,926,2318.28425935641,446,Yes,No
90642,2023-07-16, apartment ,Houston,1,1,581,1072.1014478351,200,Yes,No
90643,2024-03-18,Condo,Houston,3,2.5,2034,5258.84766175991,-494,No,Yes
90644,2023-08-01,Condo,San Antonio,5,4.5,2470,6595.57366460262,503,Yes,No
90645,2023-03-30,Single Family,Dallas,2,1.5,1592,4049.40660143188,219,No,Yes
90646,2023-08-24, apartment ,Dallas,5,5.5,3455,8074.54362544652,630,No,Yes
90647,2024-10-12,Apartment,Dallas,5,5,3840,6386.66794460391,650,No,No
90648,02/17/2024,Apartment,San Antonio,1,1,692,997.936422234744,474,Yes,No
90649,2024-08-19,single family,Dallas,5,5,3590,6754.27734271403,106,No,No
90650,2023-06-24,single family,Dallas,5,5.5,3125,8173.77412097355,125,No,No
90651,2024-05-02,Townhouse,Dallas,2,2,1312,3466.92079225542,468,No,Yes
90652,2023-04-27,Apartment,Dallas,3,2.5,1491,3804.43083585581,465,No,Yes
90653,2024-07-14,Condo,Austin,5,4.5,3550,7785.182725594,359,Yes,No
90654,2024-05-20,Townhouse,Austin,1,1,755,1442.86040581407,498,No,Yes
90655,2024-02-15,Single Family,Dallas,5,5.5,2675,5766.65940950003,575,Yes,No
90656,2023-02-06, apartment ,Austin,5,4.5,2115,5171.0722958865,644,Yes,No
90657,2024-08-16,Single Family,San Antonio,2,1.5,962,2232.21782333079,522,No,Yes
90658,2023-07-22,Condo,San Antonio,3,2.5,2061,3742.72844159306,105,Yes,No
90659,2023-09-24,Single Family,Austin,1,1,717,1868.65206325564,443,Yes,No
90660,2023-09-15,Condo,Dallas,1,1.5,568,1118.40957096108,602,Yes,No
90661,2023-11-29,Condo,San Antonio,5,5,2405,,676,No,Yes
90662,2024-05-12,Townhouse,Dallas,4,4.5,2820,7200.4101320209,460,Yes,No
90663,2023-06-04,single family,Houston,5,5.5,3285,4575.01525543119,469,No,No
90664,2024-11-17,Townhouse,Houston,2,2,1062,2831.1800462962,305,Yes,No
90665,2023-02-23, apartment ,San Antonio,2,1.5,1092,1659.71297055507,601,Yes,No
90666,2024-11-13,single family,Dallas,3,3,1380,2797.68151846234,365,Yes,No
90667,2023-11-06, apartment ,Austin,5,5,3115,3816.6481711169,443,No,Yes
90668,2023-09-18,Townhouse,Houston,4,4.5,1988,3865.28499567997,473,No,No
90669,01/31/2024,Townhouse,Dallas,4,4,2812,5713.78883680449,721,Yes,No
90670,2023-06-20,Townhouse,Austin,2,2,1060,1738.70109649967,79,No,Yes
90671,2024-08-26,Single Family,Houston,2,2.5,1206,2019.99978631241,766,No,Yes
90672,2024-08-30, apartment ,Dallas,1,1,685,1226.78748539802,782,Yes,No
90673,2024-04-09,single family,Dallas,3,3,1629,2664.01782641752,645,Yes,No
90674,2024-08-11,Apartment,Austin,1,1,721,1576.03591778219,799,Yes,No
90675,2023-12-24,single family,Houston,1,1,598,1352.59569874722,399,No,Yes
90676,2024-09-30,Single Family,Austin,3,3.5,1287,1891.14879161443,413,No,Yes
90677,2023-09-08,Townhouse,Dallas,5,5,3060,7153.23183438612,391,No,No
90678,2023-07-16,Townhouse,San Antonio,2,1.5,1130,2127.22313380066,721,Yes,No
90679,2024-09-11,Condo,San Antonio,1,1,738,1623.62520233347,89,No,Yes
90680,2024-03-24,Apartment,San Antonio,1,1.5,753,1383.36819833846,361,No,Yes
90681,2023-03-18,Condo,Austin,2,1.5,1436,3689.83873843133,321,No,Yes
90682,2024-07-30,Apartment,Houston,2,2.5,1380,3599.11491803877,151,No,No
90683,2024-11-04,Apartment,Dallas,5,5.5,2160,4123.47697603864,731,Yes,No
90684,2024-07-27, apartment ,Austin,4,4.5,1804,2310.10412308746,131,Yes,No
90685,2024-08-03,single family,Austin,4,4,2884,4669.55860637834,146,Yes,No
90686,2024-08-12,Single Family,Dallas,4,4,2084,4968.65983079572,299,No,Yes
90687,09/03/2024,Single Family,Austin,3,3.5,2223,3688.5395784917,518,No,Yes
90688,2024-08-18,Apartment,San Antonio,4,4.5,1600,2971.90800775397,208,No,Yes
90689,2024-06-23,Single Family,Dallas,3,3.5,1479,2224.51580850925,305,Yes,No
90690,2023-01-04,Single Family,San Antonio,1,1.5,709,1328.32133800556,452,No,No
90691,2024-03-31,Condo,Houston,4,4.5,1928,3170.73636522234,181,No,No
90692,2023-03-31,Condo,Houston,1,1.5,694,1561.70017508711,430,Yes,No
90693,2023-03-10,Single Family,Dallas,3,2.5,1977,4485.85998792348,683,No,Yes
90694,2023-03-11,Apartment,San Antonio,4,3.5,2116,2815.93071514663,602,No,No
90695,2023-10-31,single family,Dallas,5,4.5,2050,2786.51563164616,407,No,Yes
90696,2024-10-20,Townhouse,San Antonio,2,2.5,820,,265,No,Yes
90697,2023-12-15,Single Family,Dallas,4,4,2472,4759.57783616911,273,No,Yes
90698,2024-08-16,Condo,Houston,1,1,776,1119.38494443232,745,No,Yes
90699,2024-11-22,Apartment,Dallas,1,1,619,827.424990057724,591,Yes,No
90700,2024-08-29,Single Family,Austin,1,1,572,762.390305743176,60,Yes,No
90701,2023-11-14,Apartment,San Antonio,4,4,2200,4171.37248918944,166,No,Yes
90702,2023-09-16,Single Family,Dallas,4,3.5,2928,7013.90576449833,180,No,No
90703,2024-10-11,Single Family,Houston,1,1.5,537,1111.72709910945,662,No,Yes
90704,2023-07-18,Townhouse,San Antonio,4,4,2608,5978.20062240837,699,No,Yes
90705,2024-09-07, apartment ,Austin,1,1.5,532,1202.85313994608,-461,No,No
90706,2024-03-26,single family,Dallas,3,2.5,2067,3751.790072355,415,Yes,No
90707,2023-11-20,single family,Dallas,1,1.5,568,685.531958166851,119,No,Yes
90708,2024-06-04,Townhouse,Houston,4,4.5,2052,2728.9879597648,715,No,Yes
90709,2023-11-10,Apartment,Austin,1,1,471,1067.56621627438,182,Yes,No
90710,2023-08-29,Condo,Houston,4,4,2696,7061.28239807099,555,Yes,No
90711,2024-06-08, apartment ,Austin,2,2.5,1472,3327.08727565961,634,No,Yes
90712,2023-05-09,Condo,Houston,1,1,449,1163.51950539817,379,No,Yes
90713,2024-09-15,Condo,San Antonio,4,4.5,3136,6541.39326710431,770,No,Yes
90714,2024-06-05, apartment ,Austin,3,2.5,1212,2767.04461937577,414,Yes,No
90715,2023-12-18, apartment ,Dallas,3,3,1779,,781,Yes,No
90716,2023-11-14, apartment ,Houston,3,3.5,1323,1760.53169848105,617,No,No
90717,2023-06-02,Apartment,Houston,4,4,2960,5409.03005508381,263,Yes,No
90718,2023-03-14,Townhouse,San Antonio,3,2.5,2124,5199.5567188706,477,Yes,No
90719,2023-10-08, apartment ,Dallas,1,1,698,999.623186924412,224,No,Yes
90720,2024-08-10,Condo,Houston,4,4.5,2732,5362.44865758123,278,No,No
90721,2023-08-22,Condo,San Antonio,4,4,2088,5027.24614997695,297,Yes,No
90722,2023-09-14,Condo,Austin,2,2.5,1340,2773.42944372419,489,Yes,No
90723,2023-05-06, apartment ,San Antonio,5,5.5,2015,2636.92784312783,755,Yes,No
90724,01/12/2024,Condo,Houston,3,3,1863,2348.00231369408,187,No,No
90725,2023-10-29,Single Family,Austin,1,1,699,1351.63035532983,632,No,Yes
90726,2024-11-18,Townhouse,Dallas,5,5,2190,3389.18589322604,204,Yes,No
90727,2023-04-03,Apartment,San Antonio,1,1.5,570,959.357564108147,343,No,No
90728,2023-10-22,Single Family,San Antonio,1,1,625,,469,No,Yes
90729,2023-08-17,Single Family,San Antonio,5,5.5,2130,2652.08953025243,343,No,Yes
90730,2024-06-30,Single Family,San Antonio,3,3,2097,4007.8461146693,773,Yes,No
90731,2023-11-14, apartment ,Austin,1,1,709,1053.22847813174,551,No,Yes
90732,2023-12-16,Condo,San Antonio,2,1.5,1340,2085.69097425402,395,Yes,No
90733,2023-06-26, apartment ,San Antonio,1,1.5,789,1781.05049814198,-378,Yes,No
90734,2024-07-27,single family,San Antonio,2,2.5,888,1100.24307176631,799,No,No
90735,2023-12-14,single family,Austin,1,1.5,601,1402.50473048184,706,Yes,No
90736,2023-06-04, apartment ,Houston,2,1.5,848,2034.14346988003,169,Yes,No
90737,2024-05-29,single family,Dallas,1,1.5,501,1261.4768934836,595,No,No
90738,2024-04-18, apartment ,Houston,3,3.5,1263,2090.10338188699,177,Yes,No
90739,2023-12-26, apartment ,Austin,5,5.5,2670,5773.71070984132,270,No,No
90740,2024-05-27,Condo,Houston,5,5,3695,9749.85873620741,448,Yes,No
90741,2023-07-17,Townhouse,Dallas,5,5.5,3355,,432,Yes,No
90742,2024-08-17, apartment ,Dallas,1,1,552,679.308149009993,322,No,Yes
90743,03/11/2024, apartment ,Houston,2,1.5,1476,3745.67328023448,496,Yes,No
90744,2023-07-05,Single Family,Houston,1,1,488,1158.12886309499,673,No,Yes
90745,07/01/2024,Apartment,San Antonio,2,2.5,1572,2923.04901494917,261,Yes,No
90746,2023-03-08,Single Family,Houston,3,2.5,1932,3689.3592784331,733,No,Yes
90747,2024-07-14,Condo,Austin,2,2.5,1022,2627.63575563088,494,No,No
90748,2023-08-19,Townhouse,Houston,2,2,1346,2924.6822756003,421,Yes,No
90749,2024-01-22,Apartment,Dallas,3,3.5,1707,2701.63442492948,474,Yes,No
90750,2023-11-01,Single Family,Houston,1,1,419,744.040465887701,467,No,No
90751,2023-12-03,Apartment,Austin,4,4.5,2768,6466.28554519894,603,Yes,No
90752,2024-03-13, apartment ,Houston,3,3,2115,5658.34107026776,226,Yes,No
90753,2023-04-22,single family,Dallas,3,3,2391,5930.95976016804,130,Yes,No
90754,08/07/2023, apartment ,San Antonio,5,5,3385,8713.59048390416,316,No,Yes
90755,2024-06-18,Apartment,Austin,5,4.5,2490,6447.9730529799,88,No,No
90756,2023-09-01, apartment ,Dallas,5,5,3055,5697.45968122243,347,No,No
90757,2023-06-03, apartment ,Houston,5,4.5,2390,3290.23118188662,97,No,No
90758,2024-07-16,Single Family,Austin,5,5,3995,8830.31209707414,347,Yes,No
90759,2023-09-10,Townhouse,San Antonio,3,3.5,1482,2077.17804641928,113,Yes,No
90760,2023-11-26,Apartment,Houston,1,1.5,493,1155.02666411978,629,No,No
90761,2023-03-11,Townhouse,San Antonio,2,2.5,916,1892.06667600594,382,Yes,No
90762,2023-06-13,Apartment,Houston,4,3.5,2748,3315.29896627762,602,No,Yes
90763,2023-12-20,Apartment,Dallas,4,4,1968,3383.73681573707,317,Yes,No
90764,2023-05-25,Townhouse,Houston,4,4.5,2884,7400.06974757168,751,Yes,No
90765,2023-01-11,Single Family,San Antonio,5,5.5,2720,5943.11176456097,478,Yes,No
90766,2024-11-18,single family,San Antonio,5,5.5,2880,7052.14025462239,560,No,Yes
90767,2023-11-09, apartment ,San Antonio,4,4.5,2508,,346,Yes,No
90768,2023-06-15,single family,San Antonio,5,5,3270,7523.79780330779,482,Yes,No
90769,2024-10-26,single family,Dallas,4,4,2132,3701.09234048514,389,Yes,No
90770,2024-02-12,single family,San Antonio,2,1.5,1578,,611,Yes,No
90771,2024-01-30,Condo,Austin,5,5.5,3335,8353.01439045324,566,No,Yes
90772,2023-02-21,Single Family,Austin,3,3,2139,3074.10619118144,359,Yes,No
90773,2024-07-19, apartment ,Houston,4,3.5,1916,3184.35432083567,749,Yes,No
90774,2023-03-06, apartment ,San Antonio,3,2.5,2271,5188.01739633056,62,No,Yes
90775,2024-05-13,Single Family,San Antonio,5,4.5,2845,4978.00722366479,56,No,No
90776,2023-12-03, apartment ,Dallas,1,1,630,1015.11862595431,757,No,Yes
90777,2023-08-25,Single Family,Austin,4,3.5,3012,8052.89592662905,446,Yes,No
90778,2024-07-03,Single Family,Houston,2,2,1008,2397.77951728226,588,No,No
90779,2024-11-20,Townhouse,Dallas,4,4,2952,7522.99658665983,566,No,Yes
90780,2023-06-02,Apartment,Dallas,3,2.5,2397,6203.13499306721,227,No,Yes
90781,2023-10-15,Townhouse,Dallas,4,3.5,2488,3275.45009430435,197,No,No
90782,2024-10-14,Condo,Dallas,2,2,1464,3053.38206230615,796,No,No
90783,2023-05-08,Apartment,Houston,5,4.5,3565,4639.74289459909,462,No,No
90784,2024-04-06,Condo,Dallas,1,1,659,1110.49193701921,88,No,No
90785,2024-03-28,Apartment,Austin,2,2,1178,2175.12188904561,517,Yes,No
90786,2023-09-18,single family,Austin,4,4,2920,5834.10869761468,689,No,Yes
90787,2024-10-09,Townhouse,San Antonio,1,1.5,670,1745.95761505838,354,No,No
90788,2023-06-23,Single Family,Houston,3,3.5,1965,3371.97239108522,668,Yes,No
90789,2023-10-18,Condo,Dallas,5,5.5,2440,3366.95126699421,333,Yes,No
90790,02/01/2024, apartment ,Dallas,1,1,485,1161.15174090962,541,No,No
90791,2023-12-21, apartment ,Dallas,3,2.5,1683,3292.39916057703,505,Yes,No
90792,2024-04-13,Condo,San Antonio,5,5.5,3740,9117.69645115998,104,No,Yes
90793,2023-05-30,Condo,Austin,1,1.5,602,1540.5171475859,325,Yes,No
90794,2024-07-10,Apartment,San Antonio,4,4.5,2292,4535.77322306324,396,No,Yes
90795,2023-07-25,Townhouse,San Antonio,5,5,3405,8407.57973244045,308,No,Yes
90796,2024-04-02, apartment ,Austin,3,3,1290,2354.08191464845,242,No,Yes
90797,2023-05-11,Single Family,Austin,4,4,1616,2031.57921139429,797,Yes,No
90798,2023-09-05, apartment ,Houston,4,3.5,1684,2330.39335904829,224,No,No
90799,2024-11-10,Condo,Houston,2,2,1246,3264.66444470736,235,Yes,No
90800,2024-09-15,Condo,San Antonio,3,3.5,2223,4294.3549809533,153,Yes,No
90801,2024-08-14,single family,Houston,4,4,3124,6257.76332046993,96,Yes,No
90802,2023-12-09,Condo,Dallas,4,3.5,1804,4019.70137831164,173,No,Yes
90803,2023-08-29,Townhouse,Houston,2,2.5,1466,2741.45963214238,575,No,Yes
90804,2023-04-21,Townhouse,Austin,4,4.5,2900,4337.20187560991,779,Yes,No
90805,07/26/2024,Apartment,San Antonio,1,1.5,544,867.402990667616,384,No,Yes
90806,2023-08-14,single family,San Antonio,2,2.5,1242,3255.09353705863,757,Yes,No
90807,2023-05-18,Apartment,San Antonio,2,1.5,1380,3525.835644802,422,No,Yes
90808,07/13/2023,Condo,Dallas,4,4.5,1692,3683.56675056385,385,No,No
90809,2023-02-23,single family,Dallas,1,1,668,1354.51521796254,265,Yes,No
90810,2024-11-13,Apartment,Houston,3,3.5,1527,2114.67512903012,752,No,Yes
90811,2023-03-15,Townhouse,Houston,5,5.5,2805,,783,Yes,No
90812,2024-10-28, apartment ,Austin,5,5,3460,5772.93863062139,573,Yes,No
90813,2024-10-01,Condo,Dallas,4,4.5,1820,3297.33328147574,611,No,Yes
90814,2024-07-21,Single Family,San Antonio,2,2.5,1130,2139.25876020978,413,Yes,No
90815,2024-11-10,Single Family,Austin,4,4.5,2248,5768.28178835822,671,Yes,No
90816,2023-01-02,Townhouse,San Antonio,1,1,481,950.519604234919,620,No,Yes
90817,2023-11-01, apartment ,San Antonio,3,2.5,1587,2500.49784681424,629,No,Yes
90818,2023-06-23,Condo,San Antonio,1,1.5,684,836.056036247712,108,No,Yes
90819,2024-01-13,single family,Houston,2,2,1476,3206.33053886552,211,Yes,No
90820,2024-03-23, apartment ,Austin,1,1,796,1150.26846017627,728,No,Yes
90821,2024-02-23,single family,Dallas,3,3,1230,2086.00621552579,563,Yes,No
90822,2023-09-12,single family,San Antonio,4,3.5,2828,7048.1034153054,443,No,Yes
90823,2024-07-08, apartment ,Dallas,3,3,1272,3180.14437733448,508,No,No
90824,2024-04-03,Condo,Houston,2,2.5,1420,3148.31081622574,756,Yes,No
90825,2023-02-05,Single Family,Austin,1,1,712,870.198640727903,625,Yes,No
90826,2024-10-04,Apartment,San Antonio,3,3.5,2340,5146.09681256679,386,Yes,No
90827,2023-06-02,Apartment,Dallas,1,1,428,917.56811136695,107,No,Yes
90828,2024-06-02,Condo,Dallas,5,5.5,3770,9310.67378093194,616,No,Yes
90829,2023-04-14,single family,Dallas,3,3,1788,3283.04053158138,628,Yes,No
90830,2024-09-20, apartment ,Dallas,4,4.5,1928,3139.54804962443,641,Yes,No
90831,2023-06-11,Condo,Dallas,1,1.5,605,1164.20004065786,291,Yes,No
90832,2024-03-23,Condo,San Antonio,2,1.5,1466,3425.73115741095,132,No,No
90833,2024-02-08,single family,Dallas,3,3,1629,3570.22915772387,209,No,Yes
90834,06/22/2023,Townhouse,Dallas,4,4,1696,3436.69317035521,447,Yes,No
90835,2023-01-09,single family,Houston,5,4.5,3870,10201.4992195924,500,No,No
90836,2024-11-30, apartment ,Dallas,1,1.5,456,1170.99221928669,757,No,No
90837,2023-09-17,Condo,Houston,5,4.5,3400,4854.93811961028,237,Yes,No
90838,2024-06-26,Condo,Austin,4,4,2856,6237.73566805205,605,Yes,No
90839,2023-02-16,Condo,Austin,2,2.5,986,,521,Yes,No
90840,2023-09-10,Condo,Austin,5,5.5,2845,6164.07447833781,297,No,Yes
90841,2024-09-09,Townhouse,Austin,5,5.5,3255,7670.46618630759,480,No,Yes
90842,2024-06-13,Apartment,Dallas,1,1,536,697.796612868177,77,No,Yes
90843,2024-01-18,Apartment,San Antonio,4,3.5,2744,5270.42992253603,167,Yes,No
90844,2023-04-23,Apartment,Houston,1,1,510,1066.00686123129,136,No,No
90845,2023-05-08,Condo,Houston,2,2,1046,1826.46673290798,205,No,Yes
90846,2024-08-08, apartment ,Austin,2,2.5,864,1211.86615672962,253,Yes,No
90847,2024-02-23, apartment ,Austin,3,3,2073,3757.74170424717,465,Yes,No
90848,2024-11-01,Condo,Houston,4,3.5,2668,6438.32979257476,605,Yes,No
90849,2024-06-26,single family,San Antonio,3,3.5,1434,3591.68453649724,175,No,Yes
90850,2023-07-29, apartment ,Houston,2,2,1024,2699.7571644957,193,Yes,No
90851,2023-11-15,single family,Houston,3,3,2226,5004.96283797098,266,No,Yes
90852,2024-08-26,Single Family,Dallas,5,5.5,3370,4143.23641988972,395,No,No
90853,2024-04-01,single family,Austin,1,1.5,771,1891.39315523663,485,Yes,No
90854,2024-09-12, apartment ,San Antonio,1,1,494,754.036078572104,398,No,Yes
90855,2024-05-19,Townhouse,Austin,3,3.5,1734,3932.42800537964,594,No,Yes
90856,2023-04-04,Condo,San Antonio,4,3.5,1724,,50,Yes,No
90857,2024-11-11,Townhouse,Houston,3,2.5,2067,2623.14023984011,375,No,Yes
90858,2024-04-11,single family,Houston,4,3.5,1880,2719.44238553356,706,No,Yes
90859,2024-04-30,single family,Houston,4,4,2116,5472.96413051214,398,Yes,No
90860,2024-05-17,single family,Houston,4,4.5,3056,8042.20819192408,128,Yes,No
90861,2023-11-11,single family,San Antonio,5,4.5,3145,5836.93178707498,575,No,No
90862,2024-08-17,Apartment,Dallas,5,4.5,2400,5129.919868377,788,Yes,No
90863,2023-12-03,Townhouse,San Antonio,4,4,2540,5155.33961352955,226,Yes,No
90864,2024-02-04,Townhouse,San Antonio,4,4.5,1624,2057.67760577578,411,No,Yes
90865,2024-02-27,single family,Dallas,4,4.5,2120,3865.76918584936,410,Yes,No
90866,2024-01-20,Apartment,San Antonio,5,5,3225,5443.91269003805,634,No,No
90867,2024-08-19,single family,Dallas,5,5.5,2060,3087.753099786,72,No,No
90868,2024-11-17,Apartment,Austin,1,1,783,1517.49932137467,426,Yes,No
90869,2023-10-08,Townhouse,Houston,1,1.5,577,1468.84387808882,625,Yes,No
90870,2024-10-17,Single Family,Austin,1,1,568,1461.81169407303,698,Yes,No
90871,2023-06-26,Condo,Dallas,1,1.5,651,841.823552376229,304,Yes,No
90872,2024-05-14,single family,Austin,4,4.5,3084,4689.71860121811,586,No,No
90873,2024-05-23, apartment ,Austin,5,5.5,3070,,348,Yes,No
90874,2023-01-21,Single Family,Austin,2,1.5,1278,3257.043867197,439,Yes,No
90875,2023-06-02,Single Family,San Antonio,3,3,1842,3628.17890563839,360,No,Yes
90876,2024-11-18,Single Family,Austin,5,5.5,2300,,611,No,No
90877,2024-03-15,Condo,San Antonio,4,3.5,2624,4418.82062224877,668,No,Yes
90878,2024-03-15,single family,Austin,4,4,2904,4734.61109187278,156,No,Yes
90879,2024-07-21,single family,Austin,2,2,1076,1827.99095911365,-118,Yes,No
90880,2024-06-27,single family,Houston,1,1,750,,110,No,Yes
90881,2023-04-05, apartment ,San Antonio,2,1.5,1054,2694.81250434574,347,Yes,No
90882,2024-04-10,Apartment,Dallas,3,3.5,2121,,678,No,Yes
90883,2023-05-22,Townhouse,Dallas,3,3.5,1452,2715.4709637483,240,No,Yes
90884,2023-11-08, apartment ,Dallas,4,4.5,2784,4034.35048040559,698,Yes,No
90885,2023-12-16,Condo,Houston,4,3.5,3072,7564.5719330727,125,Yes,No
90886,2023-11-22,Condo,San Antonio,5,4.5,2360,6312.88568081189,778,No,No
90887,2024-05-25, apartment ,Austin,3,3.5,2370,4651.71846097555,788,No,Yes
90888,2024-03-01,Apartment,Houston,3,3,1587,3524.81474415265,787,No,No
90889,2023-05-09, apartment ,Dallas,3,3.5,1842,2872.55166851978,121,No,Yes
90890,2023-09-06,Single Family,Austin,4,3.5,1976,2381.92736426384,217,No,Yes
90891,2023-03-04,Condo,San Antonio,2,2.5,1100,1884.14184522077,270,No,Yes
90892,2024-06-16, apartment ,Houston,5,5.5,2155,2829.85959478973,679,No,Yes
90893,2024-09-22,Townhouse,Houston,3,2.5,1854,2418.26577148208,708,Yes,No
90894,2024-09-06,Townhouse,Austin,4,3.5,2896,5369.05276450117,333,Yes,No
90895,2023-03-21, apartment ,San Antonio,2,1.5,1454,2678.52893802949,727,No,No
90896,2023-01-31, apartment ,Austin,2,1.5,1020,1296.094480997,789,No,Yes
90897,2023-05-18,Single Family,Austin,1,1,598,1538.8688944802,124,No,Yes
90898,2024-02-10,Townhouse,San Antonio,5,5,2950,3544.52708661534,317,Yes,No
90899,2024-08-01, apartment ,Dallas,4,4,2060,2671.97503907419,726,Yes,No
90900,2023-03-07,Townhouse,Dallas,1,1,694,1360.88988360553,575,Yes,No
90901,2024-08-18,Apartment,San Antonio,2,2.5,1158,1893.45354379791,777,Yes,No
90902,2024-04-30, apartment ,Houston,5,5,2565,5682.67503832056,158,Yes,No
90903,2023-08-29, apartment ,Austin,4,4,2680,3723.3346846678,489,Yes,No
90904,2023-09-12, apartment ,Dallas,3,3.5,2163,2998.25255661106,99,No,Yes
90905,2023-01-09,single family,Dallas,5,4.5,3410,7933.14771053248,470,Yes,No
90906,2023-08-25,Condo,Dallas,1,1,443,662.521177142496,320,No,Yes
90907,06/05/2023,Single Family,Houston,4,3.5,2500,4026.50028293789,-507,No,Yes
90908,2024-11-10, apartment ,Dallas,3,3.5,1896,3037.81622685688,209,No,Yes
90909,2024-03-20,Single Family,Dallas,4,3.5,1680,3426.09535816037,292,Yes,No
90910,2023-05-19,Condo,San Antonio,1,1,649,1309.94379597741,396,Yes,No
90911,2023-02-17, apartment ,Dallas,3,2.5,2151,3097.5644732029,246,Yes,No
90912,2024-10-07,single family,San Antonio,4,3.5,2188,5683.73258927601,303,No,Yes
90913,2023-09-27,Apartment,Houston,2,2.5,938,2040.61037223498,332,Yes,No
90914,2024-06-12,Single Family,Houston,2,1.5,1548,3347.68448510993,770,Yes,No
90915,2024-06-05,Townhouse,Austin,5,4.5,3455,6797.7604101178,276,Yes,No
90916,2024-03-23,Condo,Dallas,3,3,1245,2129.46007185032,378,Yes,No
90917,2024-09-01,Apartment,Austin,2,2.5,1170,2149.36775907053,90,Yes,No
90918,2024-04-01, apartment ,San Antonio,4,3.5,2080,3909.34507169823,300,No,Yes
90919,2024-03-06,Apartment,San Antonio,1,1.5,522,1334.14322922376,217,No,Yes
90920,2023-03-26,single family,San Antonio,4,4,2868,3879.33326963267,342,Yes,No
90921,2024-04-30,Apartment,Dallas,3,3,1809,3684.37798106274,631,Yes,No
90922,2023-12-19,Apartment,Houston,3,3,2226,3375.89431321774,785,Yes,No
90923,2024-03-05,Condo,Dallas,5,5,3890,9235.991928739,544,Yes,No
90924,2023-04-29, apartment ,Houston,1,1,536,921.668110918285,420,Yes,No
90925,2023-12-04,Condo,Austin,3,3,1716,3893.78288875436,107,Yes,No
90926,2024-09-08, apartment ,Houston,5,5.5,3815,9415.67021812506,795,Yes,No
90927,2024-08-14,Townhouse,Dallas,4,4.5,2464,3400.56644609671,308,No,No
90928,2024-07-27,single family,Austin,4,4,1744,3498.45207128862,654,No,Yes
90929,2023-12-29,Condo,Dallas,2,2,1564,2929.98425263147,321,No,No
90930,2024-08-05, apartment ,Houston,3,3,1482,,568,No,No
90931,2024-01-21,Condo,Houston,2,2,1444,3881.76685276598,774,Yes,No
90932,2024-11-13,Condo,Houston,3,3.5,2034,3178.60970183006,507,No,Yes
90933,2023-07-08,Single Family,Austin,3,3.5,1968,4764.01099858024,753,No,Yes
90934,2024-11-28,Townhouse,Austin,3,3,1464,2724.75061605794,78,Yes,No
90935,2023-11-26,Townhouse,Dallas,3,3.5,2022,,122,Yes,No
90936,2024-11-10,Apartment,San Antonio,3,3.5,1677,4143.97663927859,673,No,No
90937,2024-01-26,single family,Houston,1,1.5,559,,79,Yes,No
90938,2023-11-04,single family,Austin,1,1.5,760,1970.43210123406,132,Yes,No
90939,2023-08-15, apartment ,Houston,5,4.5,3275,8412.50425554929,285,No,Yes
90940,2023-06-18,Single Family,Houston,4,4.5,2824,3392.17642049388,69,Yes,No
90941,2024-07-28,Apartment,San Antonio,5,4.5,2895,5130.92093244028,227,No,Yes
90942,2024-09-20,Single Family,Austin,5,4.5,3020,4306.35851599945,668,No,Yes
90943,2023-03-10,single family,Dallas,5,5.5,2860,,481,No,Yes
90944,2023-01-21,Single Family,Austin,1,1.5,560,1342.08406349927,206,No,Yes
90945,2024-09-22,Townhouse,Dallas,5,5,2955,5819.77853666026,274,Yes,No
90946,2023-10-19,Condo,Houston,5,4.5,3830,6010.6261375419,122,No,No
90947,2024-07-28,Apartment,Houston,2,2.5,1264,2759.50918579526,86,No,Yes
90948,2024-05-15,Single Family,Austin,5,4.5,2060,3070.1636368987,507,Yes,No
90949,09/14/2024,Single Family,Houston,1,1.5,741,1516.70280676107,78,Yes,No
90950,2024-10-18,Single Family,San Antonio,2,1.5,906,2316.39684930807,331,No,Yes
90951,2023-09-24,Condo,Houston,5,4.5,2695,4304.05983729384,370,Yes,No
90952,2023-02-18,Townhouse,San Antonio,3,2.5,2010,4326.55550565131,121,No,No
90953,2024-08-11,Single Family,San Antonio,4,4,2512,5312.68520182999,610,Yes,No
90954,2024-09-28, apartment ,Austin,1,1,576,1077.34149494569,263,No,No
90955,2023-03-12, apartment ,Austin,4,3.5,2048,4641.03308645833,118,No,Yes
90956,2024-01-15,Single Family,Houston,2,2,1354,2811.5006439202,583,No,Yes
90957,2023-11-14,Single Family,Dallas,3,3,1905,4671.93542842005,264,Yes,No
90958,2023-02-12,Townhouse,Houston,3,3,1227,1880.84736822832,125,Yes,No
90959,05/18/2023,Condo,Austin,3,3,1818,4673.46927517637,611,No,No
90960,2023-01-14,Townhouse,Dallas,3,3.5,1953,3967.276257131,218,Yes,No
90961,2023-02-27,Single Family,San Antonio,2,1.5,1082,1300.9634435362,245,No,Yes
90962,2023-08-07, apartment ,San Antonio,4,3.5,2608,5144.91888555331,359,No,Yes
90963,2023-07-24,single family,Houston,1,1.5,659,1550.81816807572,426,Yes,No
90964,2023-08-29,Single Family,San Antonio,5,5.5,3960,7407.12268455472,181,No,Yes
90965,2023-09-18,Townhouse,San Antonio,5,5.5,3115,4417.53283081042,729,Yes,No
90966,2024-07-29, apartment ,Austin,4,4.5,2500,5329.92777301927,350,Yes,No
90967,2024-06-18,Condo,San Antonio,2,1.5,892,1590.82662121748,702,No,Yes
90968,2024-08-23, apartment ,Houston,5,5.5,3290,5603.7648892029,72,Yes,No
90969,2023-06-04,Townhouse,Dallas,2,2.5,1576,2252.04638278971,160,Yes,No
90970,2024-05-26,Townhouse,San Antonio,4,3.5,3120,5960.5055743123,715,Yes,No
90971,05/28/2024,single family,Dallas,1,1.5,445,795.244995033482,520,No,Yes
90972,2023-04-03,single family,Houston,4,3.5,2736,4294.98153404024,694,No,Yes
90973,2024-02-12,Apartment,Austin,2,2,1196,1553.40861023209,203,No,No
90974,08/25/2023,single family,San Antonio,1,1.5,617,1645.34619554209,238,No,No
90975,2024-05-07,single family,San Antonio,1,1.5,722,1145.70512379357,441,No,Yes
90976,2024-05-05, apartment ,Houston,4,3.5,1924,4247.62361455673,558,No,Yes
90977,2023-05-03,single family,San Antonio,2,1.5,1092,1437.23829796633,380,No,No
90978,2023-04-07, apartment ,Austin,3,3.5,2361,5527.75066944126,240,Yes,No
90979,2024-03-31,Condo,Houston,5,5,3480,4404.17902170502,559,Yes,No
90980,2023-07-12,Townhouse,Houston,2,1.5,1478,,476,Yes,No
90981,2024-09-15,Townhouse,Houston,5,5.5,2035,4987.94986241239,758,Yes,No
90982,2024-08-06, apartment ,Austin,2,2,1294,,350,Yes,No
90983,2023-12-07,Single Family,Austin,3,3,1215,1607.43024332026,92,Yes,No
90984,2023-05-27,Apartment,Dallas,4,4.5,2772,4697.78113257912,74,No,No
90985,2024-07-04,Single Family,San Antonio,3,3,1788,4596.39062887504,112,Yes,No
90986,2024-10-13,Apartment,San Antonio,4,3.5,2840,7237.78562023015,690,Yes,No
90987,2023-05-18,Apartment,Houston,3,3.5,1743,3635.60798309199,643,Yes,No
90988,2024-02-07, apartment ,Houston,1,1,547,727.886187918105,741,Yes,No
90989,2024-03-28,single family,San Antonio,5,5.5,3275,8511.32960246006,59,No,Yes
90990,2024-07-29,Apartment,Houston,5,5.5,2275,5495.51748687775,316,Yes,No
90991,2023-05-11,Single Family,Dallas,1,1.5,509,661.202454293055,66,No,Yes
90992,2024-02-21,Apartment,Houston,1,1,550,721.337491397903,298,Yes,No
90993,2023-11-17,Townhouse,Houston,4,4.5,1668,3018.66911960015,656,Yes,No
90994,2023-11-10,Townhouse,Dallas,3,3.5,2157,3609.51465315573,152,No,Yes
90995,2023-03-29, apartment ,Austin,2,2.5,1130,2489.46822714595,513,Yes,No
90996,11/29/2023,Townhouse,Austin,3,3.5,2142,5367.24616698644,228,Yes,No
90997,2024-09-20,Condo,Houston,3,2.5,1584,2569.18202946837,503,No,No
90998,2023-08-04,single family,Houston,3,2.5,1776,4764.16524415955,101,No,No
90999,2023-12-18,Condo,San Antonio,1,1.5,746,1357.34387969307,635,No,No
91000,2024-07-13,single family,Houston,5,5,2545,6141.30385766938,535,Yes,No

